Temp,HR,Resp,SBP,O2Sat,SepsisLabel
36.11,108.0,29.0,123.0,92.0,-35
36.44,61.0,17.5,124.0,99.0,-14
36.78,108.0,19.5,124.5,98.5,-26
37.28,84.0,17.5,140.5,97.5,-44
36.06,73.0,16.5,100.0,99.0,-38
36.0,120.0,30.0,118.0,100.0,242
38.0,82.0,12.0,136.5,100.0,29
37.67,110.0,16.0,124.0,98.0,0
38.8,105.0,16.0,166.0,100.0,59
37.06,73.0,16.0,128.0,92.0,-42
36.78,67.0,15.0,132.0,96.0,-13
36.44,91.0,21.0,136.0,96.0,-53
36.17,90.0,18.0,170.0,100.0,-12
36.83,86.0,20.0,101.0,98.0,-48
36.89,76.0,19.5,137.0,95.5,-9
37.0,110.0,28.0,119.0,100.0,16
36.17,87.0,20.0,136.0,96.0,-16
36.56,91.0,14.0,108.0,100.0,-43
36.5,64.0,16.0,132.0,98.5,-4
37.06,107.0,20.0,138.0,100.0,-48
36.11,88.0,15.5,105.0,100.0,5
36.28,87.0,10.0,125.0,100.0,-34
36.39,64.0,34.0,139.0,100.0,-16
36.39,125.0,14.0,111.0,100.0,-26
36.56,101.0,18.0,135.0,97.5,-32
36.22,101.5,11.0,111.0,97.0,62
36.67,60.0,14.0,92.0,98.0,-14
36.06,79.0,17.0,134.5,95.0,-46
35.75,88.0,14.0,105.0,100.0,-15
36.06,68.0,12.0,106.0,100.0,-14
35.89,97.0,19.0,145.0,98.5,-46
37.33,109.0,33.0,109.0,98.0,-11
34.44,87.0,16.75,106.0,100.0,-33
35.89,71.0,20.0,98.0,98.0,-35
35.44,73.0,18.5,196.0,100.0,-8
35.4,72.0,15.5,105.0,100.0,-17
37.11,76.0,16.0,100.0,100.0,-6
33.22,81.0,14.5,100.0,100.0,-14
36.67,103.0,27.0,130.0,96.0,-30
37.0,71.0,14.0,126.0,94.0,-11
36.44,90.0,12.0,130.0,98.0,-34
37.61,95.0,16.0,105.0,96.5,-52
35.67,73.0,13.0,125.0,100.0,-15
37.0,89.0,14.0,124.0,96.0,-12
36.11,70.0,14.0,107.0,99.0,-35
35.22,87.0,18.5,109.5,100.0,-46
36.94,74.0,16.0,103.0,97.0,-20
36.17,104.0,13.0,143.0,95.0,95
37.5,83.0,16.0,109.0,100.0,-26
36.0,123.0,20.0,118.0,99.0,-42
35.8,80.0,14.5,99.0,100.0,-47
37.06,94.0,20.0,94.0,98.0,-40
36.28,76.5,15.5,178.0,100.0,-11
36.65,100.0,10.0,130.0,100.0,-44
36.89,85.0,16.5,123.0,98.0,-14
37.0,82.0,16.0,137.0,99.0,-19
36.61,111.0,28.0,200.0,95.0,-25
37.0,87.0,21.0,118.0,97.0,-26
38.67,106.0,24.0,131.0,100.0,-32
36.61,65.0,17.0,96.0,100.0,-31
35.28,76.0,15.0,135.0,99.0,-18
37.39,105.5,14.25,124.5,98.5,-30
37.67,82.0,16.5,127.0,97.0,-35
35.89,75.0,14.0,144.0,100.0,-45
37.17,64.0,17.0,111.0,99.0,-15
36.89,74.0,19.0,164.5,99.0,-15
37.61,88.0,15.0,87.0,94.0,-17
35.28,60.0,16.0,118.0,90.0,-58
37.2,74.0,10.0,102.0,96.0,-36
38.17,53.5,20.0,103.0,99.0,-47
36.81,91.0,3.0,98.0,96.0,-38
36.72,58.0,19.0,95.0,97.0,-48
35.6,88.0,10.0,116.0,100.0,-36
38.28,124.0,41.0,127.0,97.0,-12
37.11,161.0,30.0,117.5,97.0,-12
35.2,70.5,10.5,113.5,100.0,-52
36.33,60.0,19.0,153.0,98.0,-45
38.5,127.0,27.0,132.0,99.0,-17
37.17,80.0,16.0,102.0,96.0,-16
36.83,86.0,22.0,155.0,97.0,-37
37.44,90.0,18.0,164.0,96.0,-44
36.11,92.0,11.0,105.0,100.0,-38
36.33,99.0,22.0,103.0,99.0,-45
36.94,70.0,29.0,113.0,96.0,-7
36.5,67.0,18.5,146.5,100.0,-3
35.45,88.0,17.0,88.0,100.0,-47
36.72,111.5,21.5,103.0,99.0,-53
37.33,110.0,22.0,121.0,98.0,-50
35.7,78.0,14.0,109.5,100.0,-16
36.44,87.0,17.0,117.5,100.0,-27
35.2,88.0,14.0,104.0,100.0,-39
39.11,134.0,28.0,167.0,95.0,-37
36.89,158.0,22.5,127.0,96.0,-39
37.0,82.0,23.0,115.0,93.0,48
36.17,45.0,15.0,168.0,100.0,-43
35.5,93.0,27.0,109.0,96.0,-17
36.5,88.0,16.0,125.5,100.0,-44
36.44,76.0,15.5,173.5,99.0,-23
37.06,76.5,13.5,97.0,99.0,-20
36.11,64.0,13.0,151.0,100.0,-38
35.89,93.0,21.0,149.0,98.0,-56
35.67,64.0,18.0,107.0,100.0,-21
36.94,91.0,13.0,161.0,96.0,-12
35.22,101.0,18.0,143.0,100.0,-31
37.44,105.0,16.0,150.0,98.0,-20
36.5,86.0,18.5,150.0,97.5,-31
35.83,79.0,10.0,106.0,99.0,-40
36.61,72.0,36.0,104.0,95.0,-49
36.5,58.0,24.0,124.0,98.0,-15
37.61,125.0,26.0,109.0,96.0,-33
35.6,107.5,12.0,105.0,98.5,-43
34.6,84.0,15.0,99.0,98.5,-38
36.89,60.5,14.5,159.0,99.5,-23
35.45,77.0,16.0,113.0,99.0,-14
36.35,84.0,12.0,120.0,100.0,-49
35.67,82.0,13.0,120.0,86.0,-19
36.39,49.5,12.0,120.0,97.0,-21
35.8,80.0,16.0,112.0,100.0,-16
37.11,92.0,16.0,109.0,94.0,-19
34.95,60.0,14.0,124.5,100.0,-21
36.11,90.0,19.0,102.0,92.0,-18
37.61,133.0,16.0,122.0,95.0,68
36.22,83.0,19.0,111.0,99.0,-49
38.0,116.0,21.0,151.0,100.0,-23
36.61,101.0,21.0,107.5,94.0,-36
35.89,66.0,16.5,148.5,99.0,50
36.06,92.5,15.5,96.5,96.0,-42
36.06,88.0,8.0,116.0,100.0,-43
36.11,94.5,20.0,105.5,100.0,75
37.33,71.0,17.0,116.0,97.0,-56
36.94,76.0,19.0,136.0,98.0,-52
35.83,102.0,43.0,119.0,95.0,-33
36.56,110.0,25.0,90.0,96.0,-11
36.39,100.0,23.5,133.0,94.5,-27
36.39,84.0,16.0,101.0,100.0,-40
35.61,76.0,19.0,123.0,95.0,-36
36.78,86.5,23.0,169.5,79.0,-42
36.11,59.0,19.0,143.0,99.0,-31
35.56,105.0,16.0,150.0,100.0,-54
36.39,70.0,12.0,111.0,100.0,-40
36.44,94.0,18.0,109.0,100.0,-13
37.61,120.0,23.0,152.0,100.0,-37
37.33,76.0,16.0,155.0,100.0,-34
34.78,64.0,19.5,124.0,93.0,-37
37.5,60.0,16.0,158.0,100.0,-33
37.7,109.0,15.0,104.0,97.0,-52
37.78,77.0,18.0,166.0,98.0,-52
36.56,73.0,15.0,99.5,95.0,-23
36.56,88.0,20.0,99.0,100.0,7
35.61,74.0,18.5,131.0,99.5,-49
37.56,116.0,23.0,129.0,99.0,-26
36.83,92.0,17.0,140.5,98.0,-45
36.83,95.0,18.0,118.0,95.0,-33
36.05,73.5,18.0,123.5,100.0,-20
35.9,75.5,12.0,112.0,100.0,-17
36.1,77.5,12.0,101.0,100.0,-15
37.11,97.0,20.0,152.0,100.0,-17
36.78,47.0,18.0,88.0,99.0,-41
36.56,63.0,20.0,145.5,96.0,-25
37.94,98.0,17.0,139.0,99.0,-17
36.17,80.0,18.5,133.0,97.5,-39
36.44,101.0,19.0,103.0,100.0,-58
37.28,115.0,15.0,104.0,100.0,-13
36.28,121.0,24.0,122.0,98.0,-47
37.67,97.0,18.0,114.0,100.0,-50
37.0,98.5,18.0,133.5,97.5,-51
35.28,108.0,21.0,92.0,100.0,0
37.0,81.0,17.0,106.0,95.0,-34
36.89,91.0,17.0,104.0,99.0,-50
36.17,103.0,20.0,112.0,93.0,52
36.44,82.5,25.5,145.5,99.0,-17
35.56,55.0,14.0,117.0,96.0,-41
35.85,86.0,12.0,113.5,100.0,-50
36.89,114.0,16.0,109.0,98.0,16
36.56,96.0,12.0,115.5,100.0,-40
36.72,80.0,25.0,101.0,100.0,-53
37.28,98.5,16.0,121.0,100.0,-38
35.6,67.0,14.0,122.0,100.0,-22
36.28,74.0,28.0,142.0,94.0,-17
36.39,66.0,16.0,127.0,100.0,-40
36.72,67.5,14.0,113.5,100.0,-12
36.44,88.0,12.0,102.0,98.0,-42
36.17,63.5,10.0,104.5,100.0,-21
36.72,80.0,24.0,154.5,100.0,-14
35.44,71.0,10.0,101.0,94.0,-29
36.5,115.0,15.0,140.0,100.0,-5
36.06,89.0,13.0,123.0,99.0,-39
37.0,59.0,15.0,146.0,100.0,-41
37.89,94.0,31.0,106.0,96.0,-41
37.11,98.0,32.0,122.0,99.0,-10
38.11,98.0,22.0,89.5,100.0,-35
36.83,75.0,18.0,176.0,96.0,-32
38.11,100.0,28.0,132.0,100.0,-46
36.22,54.5,10.5,128.0,99.5,-41
36.17,113.5,17.5,99.0,98.5,-23
38.06,102.0,21.0,138.0,100.0,85
36.94,86.5,24.5,154.0,94.0,-39
37.17,94.0,18.0,153.0,100.0,-51
36.44,51.0,15.0,166.0,100.0,-55
37.3,72.5,12.5,116.75,100.0,-47
35.72,95.0,28.0,105.0,100.0,-17
35.4,79.5,12.0,102.0,100.0,-20
35.17,121.0,33.0,142.0,97.5,57
36.0,88.0,10.0,117.0,99.0,-15
37.06,107.0,17.0,165.0,100.0,-22
35.61,88.0,14.0,85.5,96.0,-40
36.17,71.0,14.0,128.0,98.0,-10
36.39,74.0,12.0,103.0,100.0,-9
38.5,108.0,25.0,127.0,95.0,-19
37.5,74.0,18.0,111.0,100.0,-45
36.67,85.0,19.0,114.0,97.0,-15
37.44,94.5,31.5,84.5,97.5,-50
36.6,80.0,12.0,111.0,100.0,-45
35.78,89.0,30.0,113.0,96.0,-47
37.17,96.0,22.5,234.5,99.5,-20
36.39,89.5,14.75,135.5,96.0,-37
35.7,72.5,19.0,103.5,100.0,-25
35.4,83.0,15.0,100.0,100.0,-25
37.28,102.0,19.0,103.0,94.0,-41
37.56,84.0,15.0,84.0,94.0,-36
37.44,57.0,16.0,119.0,98.0,36
38.06,61.0,21.0,112.0,100.0,-50
36.6,75.0,12.0,117.0,100.0,-36
36.78,60.0,18.0,139.5,100.0,-4
36.06,58.0,18.0,92.0,92.0,-16
36.94,94.0,21.0,126.0,97.0,-12
35.72,70.0,15.5,113.0,100.0,-34
37.11,71.0,15.0,129.0,100.0,-41
36.67,119.0,11.0,172.0,99.0,-32
38.0,75.0,12.0,140.0,100.0,0
36.17,70.5,21.0,134.0,100.0,-49
37.39,77.0,18.5,161.0,100.0,141
35.39,59.0,16.0,165.5,100.0,-15
37.72,152.0,20.0,161.5,95.0,-33
36.8,84.0,10.0,102.0,100.0,27
35.94,75.0,12.0,128.0,100.0,-13
37.11,65.0,14.0,135.0,100.0,-49
36.72,65.0,24.0,91.0,94.0,-31
36.89,103.0,12.5,159.0,100.0,-4
38.22,100.0,17.0,123.0,98.0,-36
36.17,99.0,20.0,102.0,94.0,-32
35.33,112.0,19.0,98.0,98.0,0
37.22,82.0,25.0,161.0,93.0,-40
36.61,82.5,25.0,162.0,100.0,-19
36.17,75.0,21.0,123.0,100.0,-13
38.0,120.0,23.0,109.0,97.0,-19
35.25,90.0,16.0,102.5,100.0,-50
36.06,88.0,17.0,128.0,100.0,-28
36.33,81.0,20.0,126.0,97.0,-37
36.28,70.0,16.0,97.0,95.5,-46
37.0,89.0,14.0,109.0,94.0,-17
37.56,97.0,13.0,88.0,100.0,-58
36.5,92.0,32.0,119.0,89.0,-43
36.45,76.0,12.0,148.0,100.0,-18
36.22,80.0,20.0,119.0,99.0,-18
34.89,108.0,25.0,131.0,97.0,-26
35.7,83.0,12.0,110.0,100.0,-51
37.67,69.0,16.0,83.0,100.0,-48
37.22,68.0,20.0,120.0,93.0,-14
36.0,88.5,21.5,116.0,100.0,-49
36.56,96.0,28.0,153.0,97.0,-24
36.5,80.5,10.0,120.5,99.5,-53
36.89,82.0,8.0,137.0,97.0,-32
37.06,80.0,20.0,112.0,95.0,-42
38.28,89.0,24.0,118.5,96.0,-36
37.28,103.0,26.0,117.0,100.0,-22
35.28,86.0,20.0,93.5,98.0,-29
37.11,96.0,16.0,122.0,100.0,-26
35.85,85.5,16.0,112.5,100.0,-44
37.3,85.0,16.0,88.0,99.0,-53
36.72,85.0,14.0,145.0,97.0,-42
36.22,80.5,17.0,154.0,100.0,-37
36.1,66.0,14.0,108.0,100.0,-52
35.3,79.0,14.0,95.0,100.0,-20
35.9,90.0,12.0,111.0,100.0,-41
36.56,86.0,13.5,133.0,100.0,-21
36.6,88.0,12.0,67.0,100.0,-51
35.8,85.0,10.0,114.0,100.0,-27
37.61,83.0,19.0,121.0,97.0,-12
37.2,66.0,14.0,132.0,100.0,-38
37.17,73.0,18.5,113.0,100.0,-36
37.0,58.0,17.0,116.0,99.0,-50
36.39,68.5,16.0,157.5,100.0,-22
35.65,108.0,12.0,100.0,99.0,-47
36.45,93.5,13.0,107.0,100.0,-44
37.44,111.0,26.0,102.0,98.0,-44
36.44,70.0,16.0,118.0,98.0,-33
37.22,81.0,13.0,125.0,100.0,2
36.28,84.0,21.0,109.0,99.0,-20
36.72,98.0,17.0,96.0,99.0,-55
36.8,72.0,12.0,125.0,100.0,-36
36.06,82.0,12.0,115.0,100.0,-13
38.3,94.5,14.0,104.5,100.0,-24
36.1,88.0,12.0,136.0,98.5,-38
36.33,56.0,18.0,104.0,96.0,-44
36.0,80.0,12.0,112.0,100.0,-47
36.83,41.0,12.0,111.0,97.0,-42
37.0,70.0,17.5,108.5,98.0,-52
35.5,80.0,12.0,110.5,100.0,-45
34.1,88.5,14.0,104.5,100.0,-19
36.44,127.0,20.0,97.0,96.0,18
36.7,87.0,14.0,114.0,100.0,-48
35.83,95.5,15.5,110.5,97.5,-15
36.11,88.0,10.0,103.0,100.0,-25
35.33,65.0,19.0,117.0,100.0,-40
35.28,111.0,23.0,81.0,100.0,-40
36.56,67.0,20.0,100.0,97.0,-34
36.28,79.5,15.0,112.5,100.0,-30
35.89,77.0,16.0,102.0,100.0,-20
36.39,84.0,17.0,153.0,97.0,-11
35.64,80.0,15.0,100.5,99.5,-42
35.72,69.0,17.5,139.5,98.0,-37
38.5,123.0,17.0,185.0,95.0,-27
37.06,60.0,12.0,147.0,97.0,-45
37.39,87.0,17.0,99.0,98.0,-15
35.55,108.0,12.0,108.0,100.0,-19
35.25,77.0,14.0,112.0,100.0,-14
36.78,71.0,13.0,150.0,96.0,-40
36.11,85.5,14.5,104.0,100.0,-43
35.3,84.0,15.0,91.5,100.0,-29
37.4,84.0,19.25,115.0,98.0,-26
38.5,104.0,18.0,98.0,93.0,-25
36.61,92.0,24.0,129.5,99.5,-35
38.33,121.0,22.0,151.0,100.0,-16
36.3,89.0,14.0,104.0,100.0,-39
37.0,95.0,21.0,122.0,96.0,-22
36.17,68.0,13.0,105.0,95.0,-35
37.0,106.0,18.0,144.0,93.0,-49
37.39,98.5,17.0,175.5,95.0,-38
36.94,87.0,15.0,147.5,99.5,-6
36.72,90.0,15.0,98.0,98.0,-36
36.2,77.0,11.0,145.5,100.0,-16
36.39,90.0,17.0,131.0,100.0,-13
38.33,123.0,22.0,152.0,99.0,-58
36.56,98.0,16.5,102.0,100.0,-18
37.61,113.0,18.0,144.0,97.0,-24
36.44,72.0,14.25,114.0,100.0,-12
33.8,83.5,16.0,117.0,100.0,-18
36.61,65.0,11.0,119.0,100.0,-25
35.4,72.5,15.5,102.5,100.0,-48
36.72,108.0,15.0,97.5,100.0,237
36.33,112.0,13.0,105.0,99.0,-35
35.5,72.0,14.0,100.0,100.0,-35
36.94,60.0,20.5,129.0,100.0,0
37.28,83.5,12.0,105.0,100.0,-42
36.56,118.0,20.0,128.0,100.0,-33
36.0,69.0,14.0,139.0,99.0,-52
37.17,83.0,25.0,114.0,99.0,-47
36.89,82.0,18.0,103.0,99.0,-36
35.4,89.5,12.0,91.0,100.0,-44
35.6,72.0,14.0,107.0,100.0,-41
35.44,70.0,16.75,143.0,100.0,-16
37.5,110.0,27.0,129.0,90.0,-37
36.94,80.0,22.0,143.0,93.0,-14
36.28,90.0,24.0,128.0,89.0,-18
35.72,85.0,14.0,73.0,98.0,-32
37.39,76.0,20.0,110.0,98.0,-8
36.17,81.0,11.0,82.0,96.0,-36
36.06,69.0,15.0,140.0,100.0,-24
37.28,114.0,19.0,87.0,98.0,-34
36.94,72.5,15.0,105.25,100.0,-48
36.94,82.0,13.0,121.0,100.0,-15
35.89,116.0,23.0,112.0,93.0,-50
36.61,103.0,18.0,103.0,97.0,69
37.44,128.0,24.5,110.0,95.0,-14
36.5,86.0,27.0,114.0,95.0,-22
38.33,104.5,23.0,102.5,98.0,-33
36.89,61.0,15.0,110.0,97.0,-36
35.33,66.5,16.0,139.0,99.0,-13
36.06,73.0,17.0,180.0,100.0,-43
36.28,67.0,21.0,128.0,93.0,-35
38.72,93.0,19.0,151.0,93.0,-33
36.0,107.0,23.5,155.0,98.0,0
36.67,100.0,17.0,80.0,99.0,-35
36.89,96.5,11.0,114.5,97.5,-12
36.11,64.0,16.0,106.5,100.0,245
36.0,66.0,16.0,141.0,95.0,-17
37.67,95.0,13.0,144.0,91.0,-49
37.0,89.0,23.0,125.5,99.0,-32
36.5,78.0,15.0,136.0,96.0,-8
35.35,104.5,13.0,103.5,97.5,-34
37.33,43.0,24.0,171.0,95.0,-35
36.72,58.0,11.0,123.5,96.0,-54
33.0,64.0,23.0,118.0,99.0,-21
36.28,62.0,12.0,145.0,96.0,-48
36.17,107.0,30.0,88.0,96.0,-17
37.39,75.0,16.0,104.0,100.0,-8
35.89,99.0,8.0,111.0,99.0,-37
36.83,78.0,16.0,102.0,100.0,87
38.17,85.0,15.0,173.0,100.0,-37
35.94,77.0,16.0,125.0,98.0,-13
36.89,82.0,19.5,136.0,96.0,-28
36.94,77.0,16.0,119.0,99.0,-17
36.72,65.0,12.0,138.0,100.0,-35
38.1,72.0,15.0,112.0,99.5,-25
35.89,66.0,19.0,114.0,97.0,-57
37.72,49.0,22.0,123.0,99.0,-53
35.8,66.0,14.0,109.0,100.0,-19
36.0,106.0,19.0,110.0,99.0,-42
36.67,74.0,22.5,131.0,96.0,-34
37.8,84.5,16.5,96.0,96.0,0
37.0,97.0,14.5,104.0,100.0,-16
34.1,76.5,16.25,121.0,100.0,-13
36.22,97.0,21.0,131.0,94.0,-53
36.2,80.0,16.0,117.5,100.0,-45
36.67,104.0,36.0,134.0,94.0,-34
37.39,75.0,24.0,114.0,99.0,-35
37.17,107.5,25.5,104.5,100.0,-55
36.11,99.0,28.0,101.0,94.0,-32
36.0,65.0,21.5,147.0,99.0,-37
36.56,70.0,15.0,154.0,98.0,-11
36.83,76.0,15.0,183.0,100.0,-37
35.6,80.0,12.0,103.0,100.0,-51
38.33,93.0,22.0,96.0,97.0,-49
35.9,81.0,12.5,123.0,100.0,-54
36.28,51.0,15.0,102.0,98.0,-52
37.44,87.0,33.0,131.0,96.0,-17
36.5,95.0,11.5,116.0,97.0,-32
37.28,89.0,16.0,118.0,100.0,-56
35.85,101.5,10.0,145.0,100.0,-48
37.17,77.0,18.5,105.0,98.0,62
37.83,89.0,21.0,92.0,96.0,-41
36.94,91.0,27.0,113.0,96.0,-10
36.78,66.0,22.0,103.0,97.0,-38
35.44,67.0,16.0,122.0,100.0,-15
35.78,51.5,14.0,136.0,100.0,-19
37.03,83.0,17.0,102.0,96.0,-37
37.6,73.0,18.0,103.0,100.0,-42
37.5,75.0,14.5,113.5,99.5,-20
36.28,77.0,13.0,143.0,98.0,-41
35.94,48.0,14.0,96.0,98.0,44
35.28,86.0,12.5,105.5,99.5,-19
36.06,91.0,21.5,121.0,99.5,-52
37.39,111.0,32.0,101.0,95.0,28
37.17,87.0,16.0,103.0,93.5,-12
36.17,76.0,22.0,110.0,100.0,31
35.56,69.0,17.0,125.0,96.0,-14
36.3,91.5,14.0,106.0,100.0,-41
36.78,117.0,26.0,119.0,99.0,-32
36.17,95.0,20.0,125.0,100.0,-49
39.0,117.0,38.0,80.5,99.5,-46
37.17,64.0,15.0,133.0,100.0,-35
37.33,96.0,26.0,107.0,98.0,-43
36.56,67.0,20.0,148.0,100.0,-12
37.3,85.0,12.0,113.0,98.0,-49
37.44,96.0,27.0,119.0,92.0,-36
36.11,88.0,10.0,113.5,100.0,-19
35.72,74.0,16.0,127.0,96.0,-11
36.56,96.0,12.0,113.0,100.0,-38
37.39,94.0,14.0,112.0,100.0,73
37.17,95.0,24.0,127.0,97.0,-18
36.5,100.5,14.5,97.0,100.0,-50
36.0,75.0,10.0,127.0,100.0,-12
37.17,66.0,21.0,99.0,97.0,-35
37.39,70.0,19.0,98.0,100.0,66
34.89,87.5,10.0,105.0,100.0,-50
37.28,73.0,14.0,97.0,96.0,-14
35.6,77.0,12.0,97.0,100.0,-24
38.0,113.0,17.0,167.0,97.0,-47
37.17,77.5,13.5,140.0,96.5,-21
35.39,52.0,9.0,120.0,97.0,-17
36.11,85.0,19.0,119.0,100.0,-31
35.72,69.0,10.0,131.0,100.0,-37
36.39,70.0,17.0,128.0,95.0,-55
37.06,111.5,19.0,128.0,92.0,-34
37.0,118.5,20.0,127.0,100.0,-32
36.39,82.0,11.0,133.0,97.5,-55
36.4,95.5,14.5,111.5,100.0,0
36.83,84.0,19.0,119.0,97.0,-51
35.83,68.0,21.0,96.0,100.0,-57
36.61,59.0,15.0,142.0,98.0,-21
36.78,72.0,17.0,146.0,98.0,-37
37.58,89.0,18.0,71.5,99.0,-32
36.67,66.0,16.0,102.0,100.0,-38
37.11,100.0,23.0,109.0,95.0,-36
36.89,88.0,20.0,101.0,98.0,-36
37.06,72.0,11.0,117.0,98.0,-9
36.0,70.0,23.0,120.0,97.0,-19
36.22,58.0,17.0,138.0,98.0,-42
36.78,103.0,26.0,96.0,93.0,-30
37.0,91.0,16.0,104.5,99.5,-16
36.44,101.0,22.0,113.0,95.0,-32
36.3,81.0,16.0,122.5,100.0,-15
34.44,72.0,13.0,90.0,100.0,-52
36.22,72.0,13.0,132.0,100.0,-56
38.28,117.0,25.0,163.5,96.0,0
35.5,81.0,10.0,144.0,100.0,-28
36.11,74.0,15.0,118.0,99.5,0
37.28,95.5,19.0,123.0,100.0,-18
36.35,72.5,11.5,140.0,100.0,-51
35.56,71.0,14.0,134.0,98.0,-16
36.89,73.0,19.0,101.0,96.0,-33
36.56,44.0,18.0,96.0,97.0,-41
36.05,100.5,13.0,106.0,100.0,-20
36.72,81.0,17.0,146.5,97.0,-53
36.56,111.0,20.0,119.0,95.0,-26
37.22,97.0,14.5,136.0,100.0,-35
36.78,57.0,11.0,166.5,100.0,-39
35.5,94.5,15.75,115.5,100.0,-42
35.61,72.0,14.0,118.5,100.0,-14
36.33,74.0,15.0,120.0,95.0,-28
35.89,88.0,12.0,132.0,100.0,-20
35.45,99.5,10.0,140.0,98.0,-25
36.72,111.0,17.0,132.0,99.0,-15
36.61,60.0,26.0,93.0,96.0,-35
36.83,100.0,18.0,142.0,100.0,-28
35.95,80.0,16.0,105.0,100.0,-44
37.61,106.0,17.5,117.5,99.0,148
38.11,125.0,22.0,101.0,99.0,-42
36.39,102.0,24.0,146.0,93.0,28
36.05,80.0,16.0,108.0,100.0,-22
36.83,90.5,15.0,144.5,99.0,-24
37.17,95.0,18.0,92.5,97.0,-35
36.67,100.0,20.0,128.0,97.0,-16
38.0,81.0,20.0,146.0,99.0,-42
36.61,57.0,9.0,131.0,99.0,-52
37.2,114.0,20.0,90.0,98.0,69
37.0,104.0,19.5,77.0,93.0,-41
35.6,80.0,12.0,106.0,100.0,-19
36.94,79.0,19.0,115.0,97.0,-52
36.61,91.0,21.0,136.0,95.0,-18
36.89,60.0,23.0,114.0,100.0,-40
38.17,109.0,20.0,143.0,96.0,-44
35.94,104.0,20.0,106.0,99.0,-25
37.72,103.0,17.0,110.0,97.0,0
36.4,94.5,17.0,151.5,100.0,-22
36.2,78.5,17.5,97.5,99.5,-35
35.4,81.0,12.0,133.0,100.0,-19
36.55,89.0,8.5,132.0,100.0,-36
36.5,58.0,18.0,101.0,97.0,-40
37.05,86.0,12.0,110.5,100.0,-49
34.95,79.5,12.0,122.5,100.0,-46
36.22,60.0,11.0,106.0,99.0,-38
35.67,62.0,18.0,124.0,95.0,129
36.89,94.0,11.5,134.0,99.5,-42
36.11,64.0,19.0,124.5,95.5,-49
35.89,66.0,20.0,129.0,97.0,-30
37.11,94.0,16.0,111.0,94.0,-44
37.0,70.0,16.0,136.0,97.0,-52
38.28,109.0,18.0,135.0,100.0,-16
35.3,88.0,12.0,111.0,100.0,-40
34.3,80.0,10.0,108.0,100.0,-43
37.28,93.0,21.0,109.0,99.0,-45
36.61,58.0,13.0,100.0,99.5,-20
36.44,93.0,19.0,114.0,99.0,-47
36.22,66.0,18.0,167.0,100.0,-14
38.2,88.0,14.0,114.0,100.0,1
36.89,83.0,20.0,135.0,94.0,-21
36.78,52.0,18.0,104.0,100.0,-36
36.5,92.5,15.5,132.5,99.0,-20
36.94,114.0,28.0,134.0,94.0,-38
37.11,100.0,20.0,119.0,98.0,13
36.44,55.0,21.0,127.0,98.0,-16
37.67,100.0,16.0,152.0,95.0,-29
35.89,80.0,11.0,144.0,100.0,-34
35.3,80.0,9.5,105.5,100.0,-38
36.78,80.0,20.5,110.0,100.0,-15
36.67,74.0,27.0,127.0,98.0,-11
36.56,68.0,11.0,120.0,100.0,-17
36.72,120.0,27.0,137.0,98.0,-45
36.11,128.0,18.0,135.0,100.0,-38
34.95,109.0,12.0,188.0,100.0,-48
35.8,77.0,12.0,126.5,99.5,-25
37.06,91.0,17.5,171.0,100.0,-24
37.06,85.0,14.0,118.0,100.0,-47
37.61,94.0,21.0,145.0,99.0,-5
37.83,92.0,14.0,131.0,98.5,-42
35.39,76.0,11.0,124.0,95.0,-8
35.72,61.0,23.0,172.0,100.0,-13
36.67,60.0,12.0,124.5,99.0,-9
35.39,73.0,11.0,168.0,95.0,-21
36.61,64.0,13.0,122.0,97.0,-17
36.44,118.0,18.0,107.0,100.0,-45
37.17,104.0,16.0,135.5,98.0,4
37.67,74.5,16.0,109.0,99.5,-42
36.83,78.5,14.5,111.0,99.0,-54
36.3,70.0,18.0,125.0,88.0,-42
36.5,110.0,13.5,119.0,99.0,-37
37.0,102.0,16.0,85.0,97.0,-18
36.89,80.0,20.0,106.0,93.0,-27
37.39,82.0,18.0,144.0,100.0,-45
36.72,67.0,20.0,91.0,100.0,-52
37.11,86.0,21.0,106.0,93.0,-30
35.6,79.5,16.0,110.0,100.0,-15
37.33,96.0,26.0,138.0,95.5,-38
37.22,84.0,12.0,151.0,99.0,-38
37.17,52.0,12.0,152.0,98.0,-21
36.5,90.0,12.0,144.0,100.0,-37
36.22,78.5,31.5,118.0,95.0,11
37.22,71.0,13.0,117.0,96.0,-30
35.89,92.0,21.0,114.0,96.0,-36
35.0,63.0,13.0,141.0,100.0,-20
35.67,66.0,15.0,113.0,100.0,-13
37.67,92.0,14.0,93.0,97.0,-15
36.61,90.0,11.0,156.0,100.0,-8
36.3,107.0,12.0,116.0,98.0,-41
37.61,83.0,18.0,131.5,100.0,-14
36.22,85.0,18.0,113.0,100.0,-39
36.22,96.0,20.0,130.0,100.0,48
36.5,88.0,20.0,137.0,100.0,-37
35.22,96.0,11.0,110.0,100.0,-9
36.17,95.5,12.25,114.0,100.0,-17
36.9,123.0,15.0,152.0,100.0,-39
37.11,94.0,13.0,141.0,100.0,211
37.72,125.5,13.0,132.5,100.0,-18
37.28,82.0,14.0,98.0,99.0,-47
35.6,84.0,12.0,114.5,100.0,-35
36.5,58.0,16.0,146.0,98.0,-50
36.3,85.0,19.0,137.0,100.0,-16
38.94,76.0,17.0,111.0,92.0,-43
37.06,99.0,12.0,132.0,100.0,-44
37.06,73.0,22.0,94.0,94.0,-21
35.5,85.0,20.0,129.0,100.0,-24
37.56,60.0,14.0,135.0,98.0,-26
36.89,63.0,16.0,132.0,100.0,-47
36.17,69.0,14.0,119.0,100.0,-44
35.89,80.0,16.0,119.0,100.0,-21
37.44,121.0,20.0,124.0,99.0,-12
34.0,74.0,12.0,94.0,100.0,-53
36.5,92.0,12.0,120.0,100.0,-15
36.72,94.0,27.0,99.0,97.0,-42
36.39,91.0,13.0,122.0,99.0,-31
36.83,54.0,18.0,135.0,97.0,-16
37.11,90.0,16.0,129.0,100.0,-13
36.78,70.0,21.0,111.0,97.0,-36
36.11,76.5,14.0,147.0,100.0,-37
36.89,85.0,19.0,156.0,97.0,-48
36.44,66.0,12.0,141.0,93.0,-17
34.5,93.0,27.0,105.0,97.0,-19
36.83,78.0,15.0,110.0,96.0,0
37.94,93.0,22.0,101.0,93.0,19
36.94,91.0,12.5,86.5,95.5,-46
36.11,55.0,12.0,122.0,94.0,-41
36.17,81.5,13.25,112.0,100.0,-18
37.83,87.0,16.5,102.0,96.0,-35
35.95,94.5,16.5,113.0,99.0,-56
37.17,69.0,17.0,104.0,98.0,-15
36.15,83.0,14.5,124.0,100.0,-18
36.22,53.0,17.0,141.0,98.0,-16
36.94,71.0,13.0,134.0,96.0,-37
37.11,91.0,20.0,97.0,95.0,-17
35.78,62.0,16.0,121.0,95.0,-35
36.67,64.0,22.0,141.0,99.0,-24
35.83,94.5,12.0,113.5,100.0,-16
36.72,87.0,20.0,90.0,100.0,23
35.6,88.0,12.0,113.0,100.0,-19
36.6,88.5,12.0,108.5,100.0,-44
38.33,82.5,22.75,117.5,100.0,28
37.56,132.0,18.0,139.0,98.0,-50
36.94,97.0,23.0,103.0,99.0,-31
34.8,79.0,10.0,122.5,100.0,-37
37.11,104.5,32.0,95.0,96.5,7
37.39,129.0,16.5,107.5,98.0,-25
37.28,112.0,28.0,113.0,96.0,-29
37.17,59.0,16.5,179.0,95.0,-40
36.67,97.0,14.0,126.0,96.0,-23
37.83,101.0,28.0,118.0,97.0,-58
37.78,99.0,17.0,125.0,98.0,-55
37.94,98.0,15.0,147.0,99.0,-43
36.83,75.0,15.0,102.0,98.0,-23
37.78,70.0,13.5,140.5,100.0,32
37.39,94.0,25.0,166.0,93.0,-50
36.9,80.0,14.0,120.0,100.0,-37
35.67,80.0,12.0,105.0,96.0,-22
36.11,111.0,23.0,104.0,99.0,-48
36.89,74.0,15.0,102.0,96.5,-36
36.44,96.0,13.5,148.0,100.0,-42
37.17,95.0,12.0,108.0,98.0,-22
36.33,77.0,14.0,122.0,98.0,-27
37.28,160.0,28.0,88.0,99.0,-46
35.94,70.0,10.5,92.0,99.0,-53
37.44,68.0,31.0,133.0,96.0,0
37.5,109.5,19.0,114.0,99.0,-27
36.22,90.0,24.0,100.0,100.0,-29
36.67,91.0,17.5,123.0,98.0,-11
36.15,84.0,17.25,117.5,100.0,-36
37.11,121.0,18.0,96.0,96.0,-56
36.0,70.0,15.0,96.0,100.0,-17
36.0,32.0,20.0,110.0,96.0,-38
37.0,85.0,18.0,115.0,97.0,-8
36.0,97.0,24.0,169.0,95.0,-40
36.67,75.0,17.0,129.0,94.0,-48
38.06,86.0,24.0,120.0,100.0,-39
36.39,81.0,18.0,124.0,100.0,-36
36.28,52.0,14.0,80.0,95.0,-54
38.94,73.0,16.0,160.0,100.0,-15
38.67,111.0,19.0,86.0,99.0,-41
35.22,124.0,30.0,80.0,81.0,-21
36.6,81.0,16.0,110.0,100.0,-20
35.83,76.0,22.0,126.0,100.0,-44
35.61,95.0,25.0,114.0,95.0,-37
35.67,59.5,12.5,78.5,97.5,-36
37.0,90.0,13.0,117.5,100.0,-37
37.67,77.0,22.5,175.5,94.5,-48
34.6,71.0,18.0,124.5,99.0,-16
35.11,96.0,18.0,114.0,100.0,-27
37.2,106.0,18.0,90.0,100.0,-38
36.72,97.5,19.5,122.5,99.0,-33
36.0,76.0,18.0,140.0,98.0,-19
36.22,70.0,13.0,108.0,98.0,-34
36.72,98.0,16.0,123.0,100.0,-42
37.11,122.0,13.0,153.0,97.0,-53
35.0,73.5,13.0,96.0,100.0,-52
36.22,61.0,19.0,157.0,98.0,-19
38.39,138.0,32.0,146.0,100.0,72
36.72,127.0,17.0,90.0,99.0,-34
37.67,150.0,38.0,117.0,89.0,-20
35.5,89.0,16.0,86.5,100.0,-52
34.72,93.0,16.0,136.0,100.0,-20
36.56,83.5,15.0,94.0,100.0,-49
37.67,81.0,21.0,105.0,95.5,-26
36.44,73.0,18.0,112.0,99.0,-34
36.11,79.0,22.0,100.0,94.0,-34
36.25,111.0,12.0,114.5,99.5,-39
36.28,91.0,17.0,125.5,99.0,-19
36.1,80.0,12.0,122.0,100.0,-22
37.22,82.5,17.5,130.5,97.0,-7
36.28,96.0,14.0,149.0,98.0,-16
37.5,139.0,30.0,106.0,93.0,-4
36.44,92.0,19.0,115.0,99.0,-24
36.06,95.0,14.0,92.0,98.0,-41
37.33,73.0,17.0,130.0,96.0,-14
39.06,106.0,14.0,91.0,97.0,147
37.22,116.0,33.0,90.0,97.5,-35
36.44,117.0,27.0,128.0,99.0,-41
36.9,98.0,10.5,134.0,100.0,52
36.22,78.0,16.0,104.0,100.0,-21
36.28,62.0,13.0,128.0,96.0,-14
36.11,64.0,22.0,156.0,98.0,-26
37.28,70.0,18.0,156.0,100.0,-36
37.94,85.0,19.0,142.0,98.0,-18
35.89,89.0,16.0,121.0,96.0,-16
36.72,83.0,14.0,131.0,95.0,-29
37.33,72.0,23.0,104.0,97.0,-42
36.78,85.0,21.0,138.0,100.0,-53
35.6,82.0,10.0,102.0,98.0,-58
34.3,87.0,16.0,151.75,100.0,34
35.72,49.5,16.5,88.0,100.0,-8
37.61,69.5,23.0,136.0,98.5,23
36.75,85.0,12.0,94.0,100.0,-51
37.28,86.0,22.5,94.0,97.5,-47
37.5,94.0,5.5,127.0,100.0,-31
36.39,70.0,16.0,122.0,100.0,62
37.22,79.0,13.0,121.0,99.0,-17
36.83,93.0,17.0,180.0,89.0,-16
35.33,80.0,12.0,135.0,100.0,-35
36.17,49.0,18.0,132.0,100.0,-31
35.89,116.0,21.0,102.0,97.0,-37
36.06,77.0,15.0,114.0,100.0,-46
37.67,109.0,23.0,113.0,96.0,-49
36.39,84.0,15.0,168.0,100.0,-37
36.67,60.0,12.0,135.0,94.0,-57
35.44,79.0,17.5,123.0,100.0,-44
36.89,76.0,15.5,89.0,100.0,-35
37.78,78.0,23.0,112.0,97.0,-18
37.5,95.0,18.0,111.0,99.0,-19
37.44,102.0,20.0,153.0,99.0,-36
35.56,66.0,15.5,141.0,100.0,-18
35.94,88.0,14.0,121.0,100.0,-45
35.22,75.5,12.5,95.0,99.5,0
37.44,106.0,16.0,123.0,95.0,-20
37.33,127.0,23.0,93.0,98.0,-55
37.44,104.5,13.0,154.75,98.5,-18
36.83,72.0,10.0,157.0,100.0,-36
36.89,68.0,18.0,125.0,96.0,-20
36.94,64.0,14.0,116.5,96.0,-13
37.83,77.0,19.0,96.0,100.0,-34
35.67,81.0,14.0,114.0,100.0,6
37.22,56.0,14.0,98.0,46.0,-55
37.56,94.5,11.5,116.25,100.0,-40
37.5,72.0,22.0,99.0,100.0,-25
37.45,92.5,18.5,92.25,100.0,-86
38.33,80.0,22.0,93.0,97.0,-44
35.83,71.0,15.75,137.0,100.0,-13
35.61,94.0,15.0,136.0,99.0,-13
37.28,103.0,11.5,91.0,100.0,-42
37.17,102.0,26.0,116.0,100.0,-41
37.0,76.0,14.0,114.0,97.0,-16
36.6,91.0,13.0,105.0,100.0,-37
38.33,79.5,22.5,154.5,97.5,-31
37.44,77.0,27.0,133.0,96.0,-49
38.4,138.0,25.0,121.0,99.0,-21
36.67,59.0,11.0,121.0,95.0,-16
36.72,78.0,18.0,139.0,96.0,-40
36.11,61.0,21.0,114.0,91.0,-41
36.67,67.0,14.0,122.0,94.0,-38
36.5,91.0,14.5,103.5,97.0,-39
34.06,80.5,19.0,147.0,100.0,-44
36.78,92.5,14.0,141.0,100.0,-36
38.11,114.0,13.0,78.0,100.0,-30
35.89,95.0,18.0,98.0,99.5,-20
37.67,75.0,20.0,93.0,96.0,-23
36.72,77.0,13.0,116.0,100.0,-22
36.22,58.0,18.0,124.0,94.0,-52
36.67,69.0,13.0,148.0,100.0,-22
36.33,53.0,13.0,147.0,96.0,-16
37.39,81.0,25.0,92.0,95.0,-20
36.22,66.0,18.0,133.5,99.0,-16
36.5,79.0,27.0,139.0,94.0,-23
38.0,110.0,27.0,146.0,93.0,-45
36.5,89.0,16.0,110.0,100.0,-22
36.83,102.0,25.0,81.0,100.0,-46
35.33,58.0,14.0,146.0,100.0,-41
37.0,75.0,17.0,153.0,100.0,-9
34.44,68.5,16.0,74.25,100.0,0
35.8,80.0,14.0,98.0,100.0,-38
36.75,58.5,14.75,121.0,100.0,-9
36.11,80.0,19.0,157.0,97.0,0
36.56,97.0,19.0,105.0,93.0,-36
36.5,80.0,18.0,111.0,100.0,145
36.56,92.5,28.5,137.5,96.0,-34
36.44,75.0,20.5,147.5,97.0,-48
36.22,68.5,16.0,143.0,99.0,-16
35.44,77.5,17.5,105.5,97.5,-38
37.56,84.0,20.0,159.0,96.0,-47
36.2,124.0,22.5,112.5,89.5,162
37.67,93.0,19.0,85.0,100.0,-39
36.4,80.0,12.0,118.0,99.0,-29
36.67,94.0,18.0,129.0,97.0,-19
36.72,63.5,14.25,116.5,99.5,-33
36.5,60.0,16.0,142.0,97.0,-35
37.56,72.0,24.0,164.0,95.0,60
36.3,82.5,14.0,109.5,100.0,-39
36.83,68.0,11.0,131.0,99.0,-17
36.28,69.0,14.0,111.0,97.0,-30
36.89,107.0,16.0,110.0,99.0,208
37.0,47.5,26.0,145.0,99.0,-37
35.9,70.0,13.0,103.0,100.0,-22
38.22,82.0,14.0,133.0,99.0,-23
36.5,80.0,12.0,155.0,100.0,-19
37.35,81.5,11.0,102.5,100.0,-19
36.67,65.0,17.0,96.0,100.0,-58
35.95,87.0,20.0,119.0,100.0,-18
36.1,88.0,10.25,128.0,100.0,-20
36.61,73.0,14.0,111.0,100.0,-44
37.22,85.0,16.0,157.0,92.0,-46
37.56,94.0,28.0,106.0,98.0,-44
35.56,95.0,13.0,145.5,100.0,-32
36.33,71.0,13.5,107.0,97.0,-38
36.1,74.5,16.25,102.0,100.0,-21
36.5,65.0,18.0,121.0,92.0,-16
36.89,91.0,14.5,137.5,100.0,-33
36.5,98.0,10.0,106.0,100.0,-45
36.0,78.0,10.0,120.5,100.0,-18
36.89,100.5,20.5,145.5,99.0,-26
36.56,112.0,22.0,88.0,50.0,-3
35.83,97.0,18.0,123.0,100.0,-37
35.44,88.0,18.0,118.0,100.0,-9
36.28,72.0,19.0,133.0,93.0,4
37.39,106.0,26.0,99.0,97.0,-44
37.78,100.0,10.0,136.0,100.0,-44
36.22,57.0,17.0,115.0,98.0,-52
36.61,95.0,29.5,141.5,94.0,-7
38.11,138.0,23.75,134.5,100.0,-50
38.39,107.5,24.0,104.5,97.5,-38
36.56,96.0,13.5,109.0,100.0,-43
36.06,60.5,18.0,116.0,99.0,-40
35.94,67.0,9.0,107.0,100.0,-14
37.56,96.0,15.0,147.5,100.0,-8
37.94,92.0,20.0,100.0,100.0,-41
36.28,97.0,14.0,124.0,99.0,-38
36.72,79.0,11.0,132.0,99.0,-17
36.44,83.0,18.0,135.0,100.0,-16
36.67,74.0,24.0,114.0,98.0,-45
36.5,82.0,16.0,107.0,98.0,-1
36.2,80.0,13.0,86.0,100.0,-20
36.94,70.0,11.0,137.0,97.0,-17
36.39,105.0,18.0,90.0,99.0,-6
37.06,91.0,13.0,137.0,30.0,-43
35.44,145.0,18.0,120.0,100.0,7
35.0,110.0,14.0,144.0,100.0,-53
36.0,83.0,17.0,117.0,98.0,-41
35.56,104.0,16.0,107.0,100.0,82
36.44,64.0,16.0,176.0,100.0,-35
36.89,125.5,20.0,172.0,100.0,-18
36.5,62.5,18.0,103.5,94.0,-45
36.0,68.0,15.0,120.0,100.0,-32
37.83,99.0,18.0,101.0,96.0,-37
37.4,80.0,14.0,130.0,99.0,-20
37.17,116.0,23.5,135.5,99.0,-12
36.11,65.0,14.0,140.0,97.5,149
36.33,68.0,15.0,100.0,100.0,-19
37.56,112.0,15.0,109.5,100.0,-45
36.72,65.0,13.0,93.0,95.0,28
35.72,63.0,14.0,125.0,100.0,-53
36.83,90.0,16.0,124.0,97.0,-36
35.65,70.0,16.5,127.5,100.0,-50
35.67,71.0,16.0,98.0,100.0,-55
35.9,109.5,10.0,108.5,100.0,-50
36.83,85.0,22.0,90.0,94.0,-12
36.72,64.0,18.0,151.0,97.0,-44
36.33,100.0,30.0,106.0,96.0,10
36.17,60.0,13.0,96.0,97.0,-35
35.83,71.5,23.0,94.5,100.0,-15
35.65,92.5,14.0,111.0,100.0,-16
36.78,92.0,14.0,149.5,96.0,-18
35.9,86.0,12.0,125.0,100.0,-44
36.67,95.0,12.0,117.0,100.0,-53
37.17,80.0,19.0,134.0,96.0,172
36.67,69.0,15.0,123.0,98.0,-38
37.33,75.0,14.0,114.0,99.0,-44
35.8,88.0,14.0,91.0,100.0,-32
37.44,72.0,17.0,146.0,100.0,-38
36.0,65.0,12.0,117.0,100.0,-21
36.5,59.5,13.25,109.0,100.0,-4
37.67,97.5,16.0,119.5,100.0,-40
36.17,81.5,20.0,75.0,99.0,-37
37.94,92.0,18.0,103.0,96.0,-39
36.11,99.0,21.0,123.0,97.0,-48
37.1,86.5,12.0,125.0,99.5,-26
36.72,98.0,15.0,123.0,96.0,-21
35.33,84.0,19.5,113.0,98.0,-26
37.06,119.0,23.5,176.5,96.0,-24
36.61,87.0,11.0,144.0,97.0,-52
35.85,75.0,17.0,131.5,99.5,-12
35.56,92.0,20.0,103.0,97.5,-52
36.22,92.0,32.0,118.0,100.0,-47
36.11,83.0,8.0,96.0,99.0,-14
36.33,81.0,23.0,142.0,100.0,-40
36.89,62.0,16.0,143.0,99.0,-33
36.78,87.0,18.0,151.0,95.0,-55
35.65,82.0,14.0,103.0,100.0,-17
35.72,75.5,16.0,120.5,97.5,-21
36.11,64.5,12.0,105.0,100.0,-31
35.22,72.0,19.0,104.0,98.0,0
35.56,81.0,18.0,108.0,97.0,-28
35.72,80.0,13.5,117.0,100.0,-17
35.78,77.0,21.0,119.0,89.0,-16
36.5,87.5,12.0,130.0,100.0,-15
36.94,94.0,25.0,145.0,93.0,-37
35.83,81.5,12.0,107.0,100.0,-1
37.28,81.0,16.0,144.0,100.0,-31
36.17,123.0,18.0,88.0,95.0,-25
36.56,82.0,20.0,108.0,98.0,7
36.44,66.0,12.0,115.0,97.0,-8
37.67,82.0,22.0,150.0,97.5,32
36.0,72.0,16.0,113.5,100.0,-23
36.8,86.0,15.0,108.5,100.0,-22
36.78,106.0,22.0,95.0,100.0,-25
37.94,94.0,13.5,122.0,100.0,-41
34.61,86.0,18.5,101.0,99.0,-47
34.6,88.0,10.0,114.5,100.0,-17
36.35,73.5,12.0,107.5,100.0,-24
35.72,72.0,16.0,102.0,98.0,-40
36.94,89.0,30.0,80.0,95.0,0
36.72,122.0,19.0,99.0,97.0,-40
37.61,89.0,17.0,146.0,100.0,-46
36.56,113.0,18.0,116.5,100.0,163
35.78,105.0,20.0,133.0,97.0,-34
37.5,90.5,12.0,132.0,100.0,-33
35.94,70.0,8.0,127.0,98.0,-30
35.6,88.0,12.0,128.0,98.0,-51
37.11,54.0,14.0,120.0,99.0,-21
36.5,83.5,13.0,154.0,97.0,-40
35.89,57.0,20.0,79.0,96.0,-44
36.5,88.0,13.5,108.5,100.0,-17
37.39,95.0,9.0,117.0,100.0,-32
36.5,77.0,24.0,134.0,99.0,-10
37.33,108.5,28.0,88.5,99.0,-51
36.9,103.5,17.0,117.5,100.0,-46
35.06,73.5,17.0,116.0,99.0,-12
36.28,71.0,20.0,127.0,97.0,-46
36.2,84.0,12.0,111.5,100.0,-48
36.22,105.0,14.5,91.5,94.5,-37
35.45,53.0,12.0,115.5,100.0,-41
36.39,82.0,19.0,116.0,100.0,-45
35.28,42.0,14.0,116.0,100.0,-16
36.67,64.0,18.0,121.0,97.0,-37
36.78,77.0,18.0,159.5,99.0,-50
35.1,88.0,14.5,95.0,100.0,-31
37.22,80.0,21.0,115.0,96.0,-34
35.44,60.0,23.0,91.0,93.5,-17
36.56,70.0,16.0,115.0,99.0,-23
35.35,80.0,14.0,122.5,100.0,-19
36.61,81.5,10.0,114.5,100.0,-24
35.2,84.0,14.0,113.0,100.0,6
37.83,80.5,17.0,157.5,98.5,-17
36.11,103.0,10.0,139.0,100.0,-40
35.56,107.5,23.0,144.0,98.5,0
36.17,77.0,17.0,110.0,98.0,-12
36.4,77.0,14.0,113.5,100.0,8
36.0,53.0,12.0,113.0,100.0,28
36.45,88.0,14.0,107.5,100.0,-15
35.89,46.0,15.0,131.0,97.0,-24
37.44,78.0,16.0,188.0,100.0,-57
35.89,79.0,18.0,105.0,100.0,75
37.56,55.0,16.0,156.0,100.0,-10
37.11,92.0,25.0,90.0,96.0,-33
37.22,78.0,11.0,136.0,97.0,-22
36.17,60.5,24.0,145.0,94.0,-19
36.33,51.0,10.0,158.0,96.0,-55
36.89,94.0,22.0,120.5,99.0,-47
36.06,99.0,12.0,114.0,100.0,-18
35.6,80.0,16.0,123.0,100.0,-19
36.44,92.0,24.0,138.0,95.0,-13
35.56,61.5,16.0,137.5,100.0,12
36.89,104.0,22.0,97.5,99.5,-52
36.72,100.0,25.0,138.0,94.0,-16
36.89,98.0,22.0,139.5,99.0,-38
37.67,82.0,14.0,117.75,100.0,-57
36.6,101.0,14.25,101.5,100.0,-26
36.3,86.0,12.0,116.0,100.0,-45
37.0,62.0,23.0,137.0,100.0,-14
36.39,62.5,10.5,107.0,100.0,-14
38.11,78.0,23.0,120.0,100.0,-29
36.55,91.0,19.0,98.0,100.0,-35
37.0,43.5,19.0,111.0,97.0,-41
37.17,67.0,18.0,115.0,92.0,-38
36.83,71.0,22.0,163.0,100.0,-17
36.4,80.0,17.0,124.0,98.0,-34
37.0,73.0,15.0,121.0,99.0,-12
35.56,64.0,20.0,91.25,100.0,-43
35.28,58.0,16.5,132.0,100.0,149
36.89,58.5,13.0,134.5,99.0,-49
37.33,115.0,17.0,134.0,93.0,-27
34.9,78.0,20.0,125.0,100.0,-43
36.89,86.0,18.0,154.0,96.0,-30
35.56,131.0,34.0,133.0,94.0,-45
36.56,54.0,18.0,127.0,99.0,-40
36.61,113.0,20.0,107.0,95.0,-19
37.22,84.0,23.0,106.0,98.0,-32
37.67,78.0,12.0,146.0,96.0,-35
35.45,85.0,15.5,112.5,100.0,-44
35.67,58.0,16.0,132.0,97.0,-41
36.67,92.5,19.5,159.5,94.0,-24
37.11,62.0,10.0,107.5,96.0,-54
36.89,72.0,19.0,124.0,97.0,-17
35.6,88.0,12.0,118.0,100.0,-45
37.28,75.0,18.0,124.0,100.0,-19
36.39,105.0,21.5,117.5,98.0,-20
36.72,100.0,33.0,124.0,97.0,-19
35.9,87.5,10.0,116.5,98.0,-33
36.22,74.0,10.5,197.5,100.0,-40
35.83,73.0,13.0,111.75,100.0,-52
37.67,94.0,19.0,129.0,99.0,-26
36.89,108.0,6.5,96.0,100.0,-45
36.4,92.5,16.0,111.5,100.0,-24
36.72,80.0,16.0,130.0,96.0,-31
37.28,103.0,17.5,111.5,99.0,-16
36.28,73.0,20.0,157.0,96.0,-19
37.72,98.0,23.0,99.0,98.0,-55
38.22,93.5,15.5,133.0,100.0,-41
37.72,79.0,16.0,155.5,100.0,-22
37.56,135.0,31.0,81.0,98.0,-45
38.78,103.0,10.0,169.0,94.0,-24
36.44,96.0,17.0,109.0,97.0,-40
36.33,72.0,19.0,102.0,96.0,-32
36.56,108.0,15.5,93.0,99.0,115
35.72,88.5,16.5,112.25,100.0,-44
36.11,64.0,21.0,121.0,99.0,-50
35.5,93.5,10.5,119.0,98.5,-43
36.5,87.0,12.0,112.0,100.0,-33
37.11,96.0,16.0,149.0,100.0,-23
37.39,78.0,18.0,73.0,99.0,-43
35.35,87.0,12.0,102.0,100.0,-41
36.78,107.0,18.0,163.0,100.0,-39
37.7,118.5,10.0,104.5,96.0,-24
36.89,83.5,16.25,116.0,97.5,-37
36.56,80.0,45.0,163.0,97.0,-52
37.0,84.0,19.0,140.0,100.0,-34
36.89,61.0,15.0,145.0,97.0,-37
36.06,71.0,25.0,106.0,88.0,-35
36.4,79.0,12.0,123.0,100.0,-17
35.44,93.0,17.0,80.0,99.0,-41
35.78,80.0,12.0,121.0,100.0,-44
37.0,109.0,16.0,95.0,25.0,-9
36.28,91.0,24.0,131.0,98.0,-50
36.33,86.0,21.0,94.0,100.0,-51
37.17,69.0,12.0,145.0,99.0,-52
36.61,50.0,18.0,120.0,99.0,-53
35.5,82.0,18.5,115.5,100.0,-42
36.39,114.5,12.0,108.5,100.0,-36
35.75,72.0,12.0,112.5,100.0,-47
36.22,71.0,16.0,127.0,97.0,-8
35.89,79.0,18.0,121.0,99.5,-31
35.61,65.0,17.0,117.0,96.0,-37
37.11,99.0,16.0,119.0,98.0,-42
37.17,71.0,12.0,132.0,99.0,24
36.17,59.0,23.0,137.0,100.0,-19
36.44,62.0,10.5,96.0,96.5,-40
35.78,85.0,12.0,130.0,100.0,-52
36.5,86.0,28.0,141.0,100.0,-47
36.78,71.0,16.0,140.0,99.0,-27
36.17,92.0,18.0,167.0,98.0,-49
36.33,64.0,10.0,104.0,99.0,-17
36.61,56.0,12.0,108.0,100.0,-44
36.05,80.0,14.0,116.5,100.0,-21
36.11,96.0,29.0,104.0,98.0,-51
38.56,64.0,14.0,119.0,100.0,-41
36.94,71.0,18.0,146.0,100.0,-39
37.67,97.0,22.0,139.0,96.0,-51
36.0,80.0,14.25,103.0,100.0,-13
37.94,96.0,17.0,132.0,100.0,-36
37.0,100.0,15.0,96.0,98.0,-32
36.6,98.0,27.0,116.0,99.5,-21
35.95,80.0,12.0,107.0,100.0,-20
35.39,95.0,25.0,94.0,100.0,-48
35.83,64.0,17.0,120.0,98.0,0
36.6,110.0,12.0,106.5,100.0,-33
36.28,74.0,12.0,141.0,100.0,-44
33.89,67.5,17.0,107.5,98.5,-33
35.6,80.0,12.0,139.5,100.0,-40
35.8,85.0,13.5,116.5,100.0,-15
35.44,116.0,30.0,113.0,96.0,-40
36.5,101.0,24.0,112.0,91.0,-33
36.39,79.0,18.0,99.5,91.0,-33
34.8,84.0,10.0,94.0,100.0,-43
35.44,89.0,14.0,122.0,95.0,-28
35.67,75.0,19.0,150.0,98.0,-36
35.67,93.0,23.0,98.0,94.0,-26
36.0,71.0,16.0,95.0,100.0,-50
37.0,61.0,12.0,137.0,97.0,-19
37.06,74.0,16.0,146.0,100.0,-54
34.5,87.0,12.0,126.0,100.0,-32
35.8,81.0,14.5,114.5,100.0,-17
36.67,99.0,13.0,119.0,100.0,-38
36.61,113.0,12.0,110.0,98.0,-40
37.0,70.0,14.0,125.0,99.0,-33
36.67,68.0,18.0,115.0,100.0,-29
37.2,80.0,11.0,124.0,100.0,-52
36.56,67.5,10.5,116.0,100.0,-20
36.6,103.0,16.0,120.5,100.0,-44
37.5,108.0,23.0,97.0,98.0,-24
37.5,65.0,19.0,130.0,100.0,-75
36.55,80.0,17.0,112.0,100.0,-23
37.06,69.0,19.0,106.0,97.0,-21
35.8,88.0,16.0,115.0,100.0,-16
37.39,108.5,12.5,122.0,95.0,-20
37.39,76.0,11.5,134.0,100.0,-38
35.11,102.0,14.25,101.5,99.0,-43
35.7,88.0,8.0,111.0,99.5,-39
38.11,97.5,18.5,98.0,98.0,-36
37.0,96.0,12.0,99.5,100.0,-54
37.0,68.0,20.0,169.0,100.0,-42
34.8,60.0,12.0,120.5,100.0,-6
36.83,133.0,30.0,102.0,97.0,-11
38.11,101.5,28.0,133.5,100.0,-35
36.95,67.0,10.0,125.0,100.0,-14
35.8,93.0,14.0,100.0,98.0,-23
36.89,113.0,16.0,101.0,100.0,-46
36.06,75.0,15.5,75.5,99.0,-1
37.94,77.0,14.0,112.0,100.0,-23
36.56,62.0,13.0,138.0,99.0,-40
36.39,80.0,14.0,104.5,100.0,-49
37.17,109.5,17.0,125.5,100.0,-12
35.83,104.5,14.25,114.0,100.0,-42
36.28,65.0,16.0,167.0,100.0,-41
35.28,61.0,18.5,97.0,98.5,22
37.22,74.0,31.0,111.0,99.0,-40
36.61,125.0,24.0,121.0,97.0,-26
35.06,60.0,12.0,92.5,100.0,-13
37.72,99.0,14.0,123.0,100.0,11
35.85,85.5,16.0,130.5,99.0,-19
36.9,126.0,16.0,118.0,100.0,-40
36.94,63.0,17.0,101.0,99.0,-51
37.28,94.0,20.0,135.0,97.0,-32
36.83,70.0,18.0,146.0,100.0,-41
36.17,45.0,15.0,131.0,100.0,-17
38.0,113.0,30.0,120.0,96.0,-12
36.39,58.0,15.0,152.0,96.0,-20
34.39,117.0,23.5,125.0,100.0,8
37.5,81.0,21.0,133.0,94.0,-12
37.22,80.0,14.0,131.0,99.0,-40
37.22,86.0,8.0,105.0,99.0,-42
35.94,88.0,16.0,115.0,100.0,-37
36.89,79.0,11.0,114.0,100.0,-5
37.06,95.0,25.0,100.0,95.0,-18
37.0,70.0,15.0,128.0,99.0,-42
36.5,84.0,24.0,95.0,96.0,-26
36.39,73.0,19.0,106.0,98.0,-10
34.0,88.0,12.0,103.0,100.0,-18
36.06,62.0,18.0,116.0,94.0,-56
35.85,84.0,10.0,128.5,99.5,-49
36.2,71.0,10.0,101.0,97.0,-40
38.17,81.0,22.0,161.0,100.0,-42
36.6,80.0,14.0,134.0,100.0,-19
37.83,99.5,18.0,123.0,98.0,-39
34.67,55.5,12.5,144.0,98.5,-38
37.35,79.0,18.5,98.5,96.0,-37
35.72,88.0,20.0,100.0,95.0,-33
35.61,71.5,14.5,118.0,100.0,-46
36.61,83.0,17.0,140.0,96.0,-18
36.89,83.0,22.0,109.0,99.0,-53
36.56,58.0,11.0,118.0,96.0,-27
34.9,105.0,12.0,96.0,100.0,-21
37.0,93.0,18.5,104.0,96.0,14
37.0,90.5,19.5,130.0,99.0,-31
37.33,99.0,20.0,103.0,98.0,-27
36.65,76.0,12.0,108.5,100.0,-36
37.0,109.0,14.0,99.0,96.0,-54
36.89,84.0,18.0,111.0,96.0,-16
36.67,72.0,17.0,94.0,96.0,-10
36.44,67.0,12.0,146.0,98.0,-39
35.61,88.0,21.0,104.0,97.0,-14
36.33,80.0,14.0,103.0,99.0,-31
37.56,103.0,24.0,157.0,97.0,-16
35.58,63.0,14.0,112.0,100.0,-18
36.35,88.0,13.5,100.0,100.0,-45
37.22,112.0,27.0,100.0,99.0,-46
37.85,85.5,22.0,91.75,97.0,-48
38.33,74.5,19.0,120.5,95.5,-11
36.25,91.0,12.0,130.0,100.0,-23
35.15,79.5,15.5,123.5,100.0,-28
33.25,91.0,10.0,98.0,100.0,-39
37.11,102.0,18.0,156.0,98.0,-12
36.39,76.0,18.0,131.0,100.0,-49
36.56,103.0,20.0,130.0,99.0,-33
36.39,82.0,14.0,132.0,95.0,-34
36.56,60.0,19.0,160.0,96.0,0
36.94,67.0,15.0,109.0,98.0,-22
37.39,100.0,22.0,106.0,100.0,31
36.61,76.0,16.0,110.0,95.0,-39
37.83,91.0,29.0,127.0,98.0,-25
36.06,48.0,12.0,137.0,96.0,-51
37.0,111.0,12.5,157.5,99.0,-51
36.44,69.0,17.0,132.0,97.0,-47
37.61,79.0,18.0,133.0,100.0,-31
36.2,89.0,10.5,101.0,100.0,-20
36.3,96.0,14.0,134.0,100.0,-37
35.95,70.0,10.0,130.0,100.0,-35
37.89,79.0,15.0,154.0,100.0,-36
34.44,97.0,22.0,79.0,75.5,-5
36.78,66.0,13.0,109.0,95.0,-34
34.0,56.0,15.0,126.0,100.0,-45
35.6,66.5,16.0,98.5,100.0,-39
39.11,101.0,28.0,95.0,100.0,-36
37.0,130.0,12.0,99.5,100.0,-41
36.0,103.0,28.0,123.0,99.0,23
36.1,92.5,16.0,102.0,100.0,-24
36.06,80.0,16.0,95.0,98.0,-5
36.39,74.0,14.0,119.0,98.0,-26
35.33,95.5,22.0,145.0,100.0,110
36.39,78.0,21.0,142.0,99.0,0
36.22,70.0,15.0,115.0,100.0,-17
37.78,82.0,14.0,99.0,98.0,8
37.22,90.0,15.0,143.5,98.5,-41
37.56,81.0,33.0,112.0,96.0,-38
35.9,76.0,16.0,116.0,100.0,-33
36.56,65.0,15.0,135.0,100.0,-34
37.17,86.0,17.0,148.0,98.0,-20
36.0,108.0,22.0,128.75,94.0,-58
35.89,64.0,20.0,156.0,94.0,-178
35.89,65.0,15.5,108.5,96.5,-14
36.33,73.0,17.0,143.0,97.0,-37
37.61,85.0,25.0,90.0,97.0,-2
38.06,78.0,14.0,106.0,98.5,-26
37.44,92.0,14.0,117.0,100.0,-45
35.33,116.5,21.5,152.25,94.0,-29
35.85,83.0,12.5,125.0,99.5,-54
37.11,101.5,19.0,113.5,99.5,-25
36.0,133.0,20.0,123.5,91.0,-27
37.33,75.0,13.0,95.0,100.0,-21
35.6,84.0,14.0,110.5,100.0,-52
36.17,83.0,13.5,143.0,100.0,-17
36.22,70.0,19.0,117.0,100.0,-43
37.67,83.0,17.0,128.5,100.0,-26
36.5,74.0,19.0,104.0,96.0,-48
37.44,85.0,18.0,96.0,100.0,64
36.78,93.0,15.0,142.0,99.0,-24
35.83,84.0,16.0,171.0,99.0,-52
36.89,70.0,20.0,133.0,98.0,-33
34.3,83.0,12.0,111.0,100.0,-23
35.56,92.0,13.0,109.0,95.0,-20
36.11,84.0,18.0,180.0,98.0,-13
36.22,99.0,24.0,113.0,94.0,-43
35.89,99.0,19.0,98.0,100.0,-42
35.67,90.5,14.5,105.0,96.5,-46
36.72,102.0,18.0,100.0,97.0,-36
35.28,93.0,14.0,129.0,99.0,-21
36.78,76.0,14.0,129.0,97.0,-51
36.72,95.0,17.0,128.0,99.0,-16
34.78,86.0,24.0,163.0,100.0,-22
36.78,88.0,19.0,129.0,100.0,-24
35.7,79.0,11.0,104.0,100.0,-19
36.4,122.5,12.0,113.0,100.0,-42
37.33,116.0,37.0,108.0,95.0,-112
38.22,100.0,28.0,103.5,99.0,-39
36.44,119.0,12.5,129.0,100.0,-44
35.94,91.0,19.0,130.0,99.0,-27
36.61,98.0,33.0,116.0,100.0,-51
35.0,63.0,12.5,120.0,100.0,-19
35.72,87.0,20.0,132.0,100.0,-41
36.11,88.0,20.0,123.0,98.0,-19
37.56,96.5,16.0,115.0,98.5,-48
37.56,78.0,21.0,126.0,95.0,-15
36.61,65.0,18.0,169.0,100.0,-18
36.56,84.0,16.0,154.0,95.0,-8
35.9,55.0,21.0,119.0,100.0,-39
37.28,75.0,11.0,126.5,100.0,-36
36.28,93.0,28.0,59.0,95.0,38
35.5,71.0,14.0,106.0,100.0,-23
35.61,85.5,12.0,127.0,100.0,-19
36.67,59.0,14.0,112.0,81.0,-28
37.06,81.0,15.0,115.0,100.0,-12
36.11,60.0,13.0,166.0,99.0,-18
36.56,73.0,19.0,132.0,96.0,-37
35.7,69.5,12.0,115.0,100.0,-18
35.2,80.0,16.0,95.5,100.0,-52
36.39,59.0,17.0,126.0,100.0,-36
38.17,70.0,18.0,142.0,98.0,-47
35.61,102.0,25.0,111.0,90.0,-40
36.89,99.0,14.0,144.0,100.0,-48
37.0,78.5,14.0,123.5,100.0,-50
36.83,91.0,11.0,132.0,98.0,-31
36.89,91.0,15.0,95.0,99.0,-38
36.5,71.0,14.5,90.0,98.0,-34
36.94,91.0,32.0,122.0,95.0,-44
36.39,101.0,14.0,135.0,100.0,-18
35.89,79.0,15.5,125.0,99.0,-36
37.78,98.0,21.0,136.0,97.0,-42
35.56,72.0,14.0,110.0,96.0,-43
37.94,113.0,12.0,102.0,100.0,-38
35.94,121.0,32.0,155.0,95.0,12
37.83,73.0,23.0,159.0,100.0,-20
36.67,90.0,19.0,97.0,95.0,-36
36.5,75.0,13.0,119.5,100.0,-42
35.72,79.0,10.0,131.0,100.0,15
35.61,57.0,17.0,100.0,99.0,94
37.22,78.0,18.0,118.0,100.0,-31
36.06,71.5,12.0,120.5,100.0,-38
36.1,86.0,9.0,104.0,100.0,-21
35.1,61.0,12.0,120.0,100.0,-17
38.33,77.0,14.0,88.5,95.0,-37
36.28,82.0,18.0,176.0,94.0,-46
36.33,78.0,15.0,142.0,96.0,-24
36.9,75.0,12.0,156.0,96.0,-38
36.0,94.0,21.0,120.0,95.0,-21
37.5,95.0,19.0,116.0,100.0,-37
37.22,70.0,20.0,161.0,95.0,-42
36.35,105.0,17.0,121.0,100.0,-47
36.67,74.0,9.0,116.0,98.0,-38
36.33,87.0,20.0,186.0,97.0,-17
35.33,84.0,14.0,118.0,94.0,-46
37.22,70.0,17.0,129.0,98.0,-23
37.67,134.0,12.0,106.5,99.0,-39
36.44,78.0,15.0,124.0,97.0,-36
37.22,109.0,18.0,112.0,97.0,-30
36.89,73.0,29.0,117.0,100.0,-50
36.5,106.0,20.0,139.0,93.0,-34
37.72,86.0,14.0,100.0,100.0,-49
36.61,76.0,10.5,123.5,100.0,-52
36.6,91.0,19.5,99.0,95.0,-50
35.72,68.0,14.0,132.0,100.0,-42
37.56,68.0,19.0,126.0,97.0,-25
35.6,91.0,10.0,120.0,100.0,-31
37.83,95.0,20.0,150.0,97.5,0
35.56,104.0,26.0,180.0,97.0,-12
35.7,91.0,16.0,117.0,100.0,-18
37.11,110.0,17.0,173.0,98.0,-46
35.94,50.0,12.0,107.0,100.0,-22
36.39,80.0,12.0,116.0,100.0,-40
37.28,76.0,28.0,157.0,97.0,-43
35.67,108.0,14.0,102.0,96.0,-40
38.06,122.0,27.0,113.0,97.0,-55
35.95,80.0,10.0,102.0,100.0,-31
36.39,55.0,22.0,104.0,94.0,-55
36.17,95.0,21.0,115.5,92.0,-13
36.33,94.5,22.5,111.5,98.0,-30
36.2,77.0,12.0,96.0,100.0,-44
36.5,82.0,20.0,94.0,94.0,-14
38.5,63.0,10.0,130.0,100.0,-20
37.11,76.0,15.0,106.0,96.0,-51
36.61,62.0,10.0,82.5,100.0,-49
35.8,92.0,12.0,94.0,100.0,-50
35.92,52.5,16.0,121.5,100.0,-45
30.65,93.0,17.0,146.0,97.0,-36
36.11,91.5,18.5,153.5,97.5,-20
36.83,79.0,18.0,107.0,96.0,-14
34.55,80.0,9.0,91.0,100.0,-48
35.8,67.5,10.0,102.5,100.0,-18
37.22,76.0,9.0,134.0,94.0,-16
37.89,97.0,17.0,139.0,96.0,-13
36.44,79.0,17.0,115.5,96.0,-48
35.4,80.0,12.0,130.0,100.0,-45
37.06,96.0,24.0,93.0,97.0,-18
37.67,88.0,20.0,184.0,99.0,5
36.83,82.0,18.0,123.0,98.0,-24
35.85,60.0,12.0,122.0,97.0,-20
36.67,96.0,12.0,141.0,98.0,-15
35.5,86.0,12.0,115.0,100.0,-40
35.3,88.0,10.5,129.5,100.0,-41
35.67,55.0,12.0,117.0,100.0,-20
36.44,61.0,14.0,113.0,98.0,-19
37.0,71.0,14.0,93.0,98.0,-23
35.28,74.5,13.5,119.0,100.0,-46
36.11,59.0,15.0,120.0,96.0,-35
36.7,77.0,14.0,116.0,100.0,-21
35.44,61.0,16.0,107.0,98.0,-27
37.06,104.0,17.0,110.0,98.0,-44
36.22,97.0,30.0,100.5,100.0,-24
37.0,108.0,31.0,130.0,98.0,-26
35.7,88.0,12.0,120.5,100.0,-19
35.6,87.5,10.0,109.5,100.0,-43
37.0,92.0,14.0,114.0,100.0,-48
35.72,63.0,17.0,114.0,100.0,-9
36.28,94.0,16.0,142.0,100.0,-41
38.06,107.0,16.0,126.0,97.0,-47
37.0,83.0,18.0,122.0,100.0,-50
36.44,55.0,17.0,195.0,98.0,-10
35.44,109.5,23.5,108.5,98.0,-34
35.33,50.0,14.0,84.25,96.5,-46
36.25,95.0,12.5,107.0,100.0,-45
37.33,60.0,11.0,125.0,96.0,-12
34.67,80.0,10.0,95.0,100.0,-34
36.67,73.0,14.0,99.0,100.0,-41
37.0,73.0,22.0,161.0,97.0,175
36.39,73.0,16.0,129.0,95.0,-33
35.4,94.0,12.0,138.0,100.0,-28
36.11,92.0,11.0,119.0,100.0,-19
34.2,77.5,15.5,100.0,100.0,-20
37.33,82.0,23.0,135.0,99.0,-33
37.28,79.0,12.5,145.0,100.0,-40
35.89,75.5,22.0,81.0,83.0,-1
36.89,96.0,13.0,141.0,98.0,-19
35.1,107.0,15.0,119.5,100.0,-53
37.3,117.0,30.0,110.0,100.0,-49
35.5,80.0,15.5,111.0,99.0,-55
36.95,72.0,15.0,127.0,100.0,-17
35.67,87.0,25.0,135.0,92.0,0
36.72,108.0,13.0,127.0,100.0,-18
37.11,88.0,25.0,97.5,100.0,-40
36.5,78.5,10.5,118.5,100.0,-14
36.11,120.0,31.0,110.0,91.0,16
36.4,85.0,18.0,116.0,99.0,-22
37.51,100.5,10.0,104.0,97.0,5
35.56,60.0,16.0,166.0,100.0,216
35.0,100.0,14.0,108.0,99.0,-53
36.0,109.0,25.0,104.0,97.0,-58
36.0,86.5,16.0,113.5,98.5,-46
35.9,74.0,16.0,127.0,100.0,-17
37.67,114.5,20.5,151.5,98.5,-43
36.67,76.0,18.0,107.0,97.0,-19
36.45,80.0,10.0,123.5,97.0,-19
37.17,68.0,19.0,115.0,95.0,-25
37.0,98.0,16.0,132.0,100.0,-34
37.06,90.0,17.0,110.0,95.0,-51
35.64,103.0,14.0,127.0,100.0,-19
35.3,66.0,12.0,105.5,100.0,-54
35.61,77.0,18.0,116.0,100.0,-38
37.0,117.0,12.0,115.0,96.0,-53
37.28,94.0,24.5,116.0,100.0,-54
37.33,105.0,20.0,121.0,98.0,-41
36.61,73.0,17.0,104.0,98.0,-8
34.89,90.0,10.0,95.0,98.5,-34
37.22,140.0,25.0,109.0,93.0,41
37.39,94.0,20.0,98.0,100.0,-37
37.11,75.0,16.0,100.0,94.0,-37
35.67,54.0,16.0,147.0,100.0,-14
37.5,94.0,18.0,154.0,98.0,-23
35.8,84.5,14.0,128.0,100.0,-22
35.67,83.0,30.0,139.0,94.0,-42
36.0,88.5,12.0,127.0,97.5,-18
37.17,98.5,18.0,97.0,98.0,-50
36.72,68.0,14.0,151.0,100.0,-13
36.19,98.0,19.0,144.0,96.0,-39
36.78,91.0,14.0,141.0,97.0,-18
35.45,90.0,10.0,87.0,100.0,-42
36.28,62.0,13.0,144.0,100.0,-35
38.11,81.0,21.0,103.0,100.0,-36
36.44,73.0,12.0,102.0,99.0,-20
37.28,80.0,25.0,148.0,98.0,-37
36.0,72.5,12.0,136.5,100.0,-20
35.69,88.0,12.0,113.0,100.0,-45
35.94,116.5,20.5,100.0,96.5,0
35.39,60.0,14.0,129.75,100.0,-44
37.0,117.0,27.0,120.0,99.0,-39
36.78,55.0,17.0,99.0,99.0,-38
37.28,93.0,18.0,109.0,96.0,-53
37.67,92.0,17.0,139.0,97.0,-18
36.44,93.0,14.0,178.0,94.0,-33
33.95,99.0,12.0,107.5,98.5,-45
36.1,82.0,8.0,131.0,100.0,-43
37.72,78.0,14.0,159.0,99.0,-43
36.56,85.0,14.0,95.0,99.0,-46
35.89,109.0,19.0,170.0,100.0,-57
35.56,99.0,10.0,116.5,100.0,-36
37.0,74.0,17.5,117.0,97.0,-44
38.11,72.0,16.0,97.0,95.0,-18
36.17,78.0,18.5,130.0,97.5,-9
38.5,111.5,30.0,106.0,96.0,15
37.41,66.0,19.0,154.0,96.0,-36
37.67,90.0,19.0,132.0,100.0,12
36.61,76.0,25.0,133.0,95.0,-36
36.11,100.0,20.0,99.0,100.0,-33
36.78,68.0,16.0,123.0,99.0,-7
37.61,60.0,28.0,119.0,97.0,-36
35.94,82.0,13.5,121.5,100.0,-12
36.83,97.0,23.0,107.0,100.0,-47
35.9,90.0,10.5,122.5,100.0,-41
36.67,59.0,14.0,102.0,100.0,-32
36.67,80.0,23.0,116.0,92.0,-27
36.22,78.0,11.0,132.0,99.0,-20
35.61,72.0,26.0,94.0,98.0,-21
35.89,85.0,16.0,103.0,96.0,-45
36.94,101.0,14.0,108.0,99.0,-43
36.5,34.0,19.0,130.0,95.0,-20
36.28,109.0,33.5,103.0,78.0,-15
36.56,78.5,22.0,140.0,100.0,51
36.72,55.0,13.0,157.0,100.0,10
38.33,83.0,12.0,123.0,99.0,-34
37.39,86.5,14.0,127.0,96.5,-27
37.0,98.0,18.0,97.0,100.0,-26
37.5,110.0,16.0,130.0,100.0,-35
35.56,85.0,16.0,137.0,100.0,-11
37.17,93.0,14.0,124.0,97.0,-16
37.56,99.0,15.0,141.0,95.0,-46
36.89,109.0,14.0,118.0,100.0,-50
36.2,80.0,12.0,123.0,100.0,-33
36.75,88.0,23.0,129.0,95.0,-5
37.11,87.0,16.0,132.0,100.0,-34
36.89,85.0,18.0,108.0,97.0,-46
36.0,86.0,12.0,104.0,97.5,-42
36.39,90.0,17.0,143.0,100.0,-23
36.39,69.5,13.5,125.5,100.0,-21
36.44,89.0,15.0,123.0,95.0,-40
35.83,65.0,29.0,130.0,100.0,-21
35.56,76.0,15.0,128.5,96.0,-51
34.83,76.0,18.0,104.0,100.0,-32
35.83,61.5,30.5,117.0,92.5,-53
36.3,100.5,9.0,116.0,100.0,-51
35.4,80.0,14.0,101.0,100.0,-22
37.56,75.0,12.0,126.0,98.0,-19
37.22,56.0,18.0,120.0,98.0,-4
37.28,60.0,17.5,124.5,99.0,-19
37.78,128.0,22.0,143.0,97.0,-35
37.28,118.0,14.0,185.0,98.0,-31
35.89,74.0,44.0,94.0,99.0,-20
37.8,83.0,14.0,125.0,100.0,-13
38.11,104.0,17.5,115.0,100.0,-42
36.56,84.5,14.0,113.5,100.0,-35
38.56,97.0,31.5,97.0,96.0,-24
37.0,87.0,12.5,150.0,98.0,-51
37.61,96.0,24.0,114.0,100.0,-25
35.61,117.5,19.5,112.0,94.0,19
35.22,87.0,14.0,119.5,100.0,-10
36.67,89.0,18.0,137.0,100.0,-48
36.56,52.5,12.5,107.5,99.0,-34
36.39,87.0,15.5,140.5,98.0,-8
37.67,93.5,19.5,145.5,97.0,-45
35.83,118.0,32.0,140.0,99.0,-51
35.89,110.0,28.0,119.0,98.0,-50
36.3,70.0,10.0,115.0,100.0,-20
36.1,74.0,10.0,125.0,100.0,-17
36.33,67.0,15.5,121.0,98.0,-25
35.72,100.5,23.0,127.0,97.0,42
37.33,64.0,19.0,130.0,94.0,-46
36.94,77.0,12.0,95.0,98.0,-15
34.5,80.0,32.0,103.0,97.5,-44
36.44,79.0,13.0,124.0,97.0,-26
36.5,71.0,11.0,119.0,100.0,-14
36.45,65.5,14.0,103.0,100.0,-33
36.56,106.0,15.5,105.0,100.0,-16
35.95,81.5,14.0,134.0,100.0,-55
38.44,110.0,22.0,126.75,97.5,-52
38.89,112.0,14.5,103.0,97.0,-38
37.0,88.0,22.0,154.0,97.0,-18
37.72,108.0,20.0,153.0,98.0,-18
35.94,86.0,28.5,122.5,99.5,-35
36.11,82.5,25.0,115.0,95.5,-46
36.72,78.0,12.0,145.5,96.0,-18
37.28,59.0,16.0,154.0,99.0,-36
36.33,55.0,15.0,115.0,97.0,-7
37.0,63.0,21.5,164.5,96.0,-16
36.5,100.0,12.0,107.0,100.0,-43
36.56,78.0,15.5,87.0,100.0,29
37.4,82.0,10.0,125.0,99.0,-47
35.06,106.0,28.5,87.5,99.5,-20
36.06,95.0,17.5,120.0,98.0,130
36.67,77.0,14.0,133.0,99.0,-15
35.5,88.5,11.0,112.0,100.0,-29
38.78,107.0,17.0,141.0,98.0,-40
38.2,77.0,12.0,169.0,100.0,-47
36.78,113.0,22.0,148.0,100.0,-43
35.56,78.0,21.0,105.0,100.0,-40
37.0,84.0,16.0,86.0,95.0,-20
37.94,109.0,20.0,162.0,98.0,-29
35.95,83.5,14.0,121.5,100.0,-19
36.0,80.0,14.0,105.0,98.0,-56
37.72,98.0,20.0,133.0,96.0,-31
35.11,45.0,14.0,143.0,99.0,-14
36.78,90.0,14.0,174.0,97.0,-22
38.28,101.0,20.0,96.0,99.0,-8
35.33,90.5,13.0,108.0,100.0,-37
36.39,71.0,12.5,108.0,99.0,-35
37.61,84.0,18.0,123.0,97.0,-37
37.28,96.0,12.5,117.0,100.0,-37
37.67,80.0,17.0,115.0,100.0,-17
36.5,77.0,18.0,132.0,99.0,-13
36.67,91.0,22.0,123.0,93.0,-26
36.39,91.0,24.0,95.5,98.0,-41
36.67,56.0,22.0,108.0,94.0,-38
36.67,74.0,16.0,81.0,93.0,-9
36.5,67.0,18.0,127.0,98.0,-27
37.06,89.0,22.0,130.0,96.0,-37
37.78,99.0,31.0,133.0,99.0,-24
35.25,93.5,14.0,158.0,100.0,-25
36.44,72.0,4.0,129.0,96.0,-20
36.22,108.0,10.0,191.0,100.0,-35
37.39,78.0,16.0,112.0,100.0,-20
38.28,94.0,14.0,126.0,100.0,-29
35.72,73.0,14.0,104.0,99.0,-29
36.67,75.0,21.0,130.0,98.0,-54
36.61,96.0,21.0,114.0,93.0,-52
36.22,80.0,11.0,133.0,98.0,-19
35.7,86.5,12.0,120.5,100.0,-39
36.94,66.0,20.0,79.0,94.0,-55
36.22,91.0,13.0,111.0,95.0,-40
37.47,86.0,18.5,122.5,97.0,34
36.39,85.0,14.0,91.0,99.0,-48
37.17,66.0,14.0,119.0,99.0,-20
36.7,93.5,13.0,105.0,99.5,-45
36.56,88.0,17.0,112.0,97.0,-22
37.44,99.0,16.0,101.0,98.0,-18
38.39,95.0,23.0,120.0,100.0,-31
36.2,77.0,14.0,117.0,100.0,-1
35.35,87.0,13.5,97.0,100.0,-34
37.72,67.0,29.0,132.0,98.0,-34
37.0,101.0,16.0,97.0,97.5,-49
37.44,81.0,23.0,122.0,94.0,-41
36.17,78.0,23.0,104.0,96.0,-47
37.1,104.0,15.0,96.5,99.0,-32
37.1,80.0,16.5,101.0,100.0,-43
37.67,115.0,33.0,108.0,99.0,-23
36.11,133.0,27.0,169.0,100.0,-46
37.0,90.0,17.0,100.5,93.0,-52
37.61,84.0,14.0,112.0,99.5,-34
35.67,70.0,22.0,101.0,98.0,-43
37.61,116.0,27.0,118.0,97.0,34
36.89,72.0,15.5,132.0,91.0,-52
37.39,88.0,23.0,101.5,91.0,-41
33.83,97.5,25.0,110.0,96.0,-51
36.83,80.0,16.0,122.0,95.0,-55
36.83,101.0,31.0,134.0,95.0,-27
36.56,67.0,14.0,141.0,100.0,-43
36.06,48.0,14.0,115.0,100.0,-38
36.72,110.0,13.0,109.5,100.0,-34
37.56,114.0,18.0,142.0,97.0,-32
37.0,88.0,14.0,98.5,91.0,0
36.67,71.5,14.5,80.0,97.0,-50
36.44,82.0,22.0,79.0,96.0,-40
36.22,108.0,12.0,90.0,98.0,-37
36.83,91.0,30.0,128.0,99.0,-49
36.83,66.0,23.5,129.75,98.5,-38
35.94,69.0,17.0,112.0,100.0,-5
37.11,71.0,20.0,94.0,95.0,-19
37.06,84.0,16.0,109.0,100.0,-52
37.0,72.0,14.0,95.0,99.0,-22
36.33,138.0,23.0,109.0,100.0,-36
36.14,97.0,17.0,126.0,96.0,-36
38.78,103.5,18.0,122.75,100.0,-52
37.83,90.0,16.0,123.0,100.0,-32
36.56,81.0,19.0,130.0,96.0,-42
35.56,54.0,15.0,93.0,100.0,-21
36.69,84.0,17.5,92.0,100.0,-46
36.61,74.5,15.0,111.5,95.0,-24
36.44,62.0,14.5,122.0,97.0,-12
36.33,95.0,19.0,120.0,99.0,-47
37.25,99.0,12.0,117.0,99.0,-37
36.72,111.0,31.0,93.0,100.0,-47
36.17,102.0,30.0,140.0,100.0,-32
36.44,92.0,12.0,107.0,98.0,-50
36.22,47.0,18.0,119.0,100.0,-9
36.0,54.0,20.0,83.0,99.0,-33
36.61,91.0,17.0,97.0,96.0,-50
36.67,76.0,22.0,98.0,100.0,-19
38.61,115.5,36.0,116.5,100.0,-48
34.17,80.0,20.0,105.0,100.0,-36
37.67,90.0,19.0,168.0,100.0,-51
36.67,80.0,27.0,93.0,98.0,-11
36.89,108.0,22.0,120.0,98.0,-49
36.1,88.0,11.0,119.5,100.0,-40
36.83,58.0,12.0,97.0,100.0,-38
36.89,80.0,18.0,131.0,89.0,-15
36.4,123.0,21.0,127.75,95.0,-50
37.67,109.0,16.0,93.0,96.0,-53
36.56,86.0,28.0,110.0,98.0,-29
36.06,88.5,24.0,99.0,99.0,-17
36.0,77.0,8.0,105.0,100.0,-21
36.72,82.0,25.0,114.0,100.0,-26
36.89,75.0,15.0,105.0,100.0,-35
40.56,123.0,20.0,117.0,99.0,-54
37.11,114.0,19.0,115.0,94.0,-40
37.11,103.0,18.0,136.0,96.5,-27
37.17,79.0,12.0,116.0,99.0,-38
37.11,68.0,11.0,108.0,96.0,-18
36.78,75.0,13.0,90.0,97.0,-49
37.0,91.0,16.0,146.0,100.0,-16
37.0,82.0,14.0,111.0,97.0,-13
39.06,96.0,15.0,102.0,100.0,-37
35.9,84.0,15.0,87.5,100.0,-17
36.6,84.0,14.0,111.5,100.0,-44
39.28,76.5,17.5,97.5,91.0,-36
36.22,68.0,20.0,128.0,98.0,-23
37.5,107.0,15.0,103.0,100.0,-44
35.61,101.0,12.0,103.0,100.0,-55
36.78,89.0,18.0,111.0,98.0,60
36.61,80.5,15.5,109.0,100.0,6
36.55,66.5,13.5,118.5,96.0,-44
36.67,83.0,15.0,119.0,100.0,-19
36.61,57.0,17.0,118.0,100.0,-5
36.7,88.0,12.5,113.0,100.0,-24
36.89,111.0,28.0,127.0,100.0,-36
36.61,81.0,9.0,124.0,96.0,-19
36.72,99.0,13.0,119.0,91.0,-46
36.17,112.0,17.0,111.0,100.0,4
34.7,82.0,12.5,97.0,100.0,-55
36.83,91.0,22.25,99.0,100.0,-33
38.78,84.0,14.0,146.5,97.0,-50
36.44,97.0,17.0,90.0,97.0,-34
38.5,119.0,16.0,92.0,97.0,15
36.17,74.0,17.0,141.0,100.0,-14
36.33,76.0,15.5,184.5,100.0,43
37.56,84.0,14.0,104.0,97.0,-51
35.1,74.0,8.5,117.0,100.0,-18
36.28,65.0,20.0,90.0,100.0,-36
37.56,97.0,27.0,131.0,100.0,-35
36.6,75.0,14.0,117.0,100.0,-18
36.89,103.0,20.0,109.0,96.0,-38
35.94,158.0,22.0,99.0,85.5,10
36.22,106.0,12.0,125.0,98.0,-13
36.78,75.0,19.0,128.0,99.0,-27
36.72,82.0,18.0,136.0,89.0,8
36.67,94.0,10.0,125.25,100.0,-42
37.0,116.0,30.0,178.0,94.0,-12
36.39,63.0,17.0,101.0,96.0,-19
36.78,63.0,23.0,90.0,98.0,26
35.7,85.0,10.0,116.0,99.0,-36
37.94,73.5,22.5,109.0,94.0,-32
35.44,129.0,16.0,99.0,99.0,-45
36.44,66.0,18.0,150.0,97.0,-34
36.78,82.0,13.0,92.0,100.0,-17
36.67,80.0,14.0,105.5,100.0,-17
36.89,86.5,15.5,108.5,100.0,-22
35.61,69.0,14.0,109.0,100.0,-12
36.56,78.0,16.75,111.5,99.0,-21
37.33,95.0,19.0,150.0,100.0,-54
36.67,66.0,15.0,152.0,98.0,-48
36.56,81.0,15.0,161.0,99.5,-46
37.0,77.0,14.0,162.0,97.0,-31
37.61,92.0,16.0,146.0,100.0,-44
36.11,70.0,14.0,110.0,94.0,-13
36.78,65.0,18.0,138.0,95.0,-30
37.67,93.0,19.0,126.0,99.5,-34
36.78,98.0,12.0,126.0,100.0,-34
36.6,96.0,10.0,112.0,100.0,-32
36.33,91.0,17.0,119.0,100.0,-14
37.3,114.0,21.0,159.0,100.0,-40
36.75,96.0,23.0,100.0,100.0,-41
35.72,84.0,14.0,107.0,100.0,-6
37.33,102.0,17.0,94.0,87.0,-16
37.06,121.0,18.0,114.0,99.0,-33
34.44,76.0,10.5,154.0,100.0,-44
36.56,127.5,18.5,151.5,97.5,8
37.06,86.0,18.0,120.0,100.0,-35
36.3,66.0,12.0,93.0,100.0,-22
37.22,112.0,25.5,127.0,100.0,-39
36.96,88.0,12.0,109.0,93.0,-23
35.78,69.0,13.0,104.0,97.0,-41
36.22,95.0,14.0,101.5,100.0,-38
37.17,71.0,21.0,140.0,97.0,-5
36.56,92.0,24.0,86.0,94.0,-43
35.28,58.0,16.0,86.0,100.0,-2
37.72,75.0,17.0,108.0,100.0,-23
36.78,87.0,20.0,109.0,98.0,-11
34.83,63.0,12.0,109.0,100.0,-50
37.33,81.0,23.5,148.0,96.5,-47
36.11,80.0,10.0,105.0,100.0,-35
38.33,98.0,18.0,133.5,98.0,-55
35.78,62.5,18.0,180.5,97.0,-37
35.83,78.0,14.0,191.5,97.0,-19
37.22,110.0,19.0,199.0,93.0,-41
36.2,85.0,10.5,115.5,100.0,-39
36.5,85.0,13.0,124.0,100.0,-10
37.67,84.0,19.0,123.0,95.0,51
37.17,94.0,22.0,125.5,98.0,-27
39.11,85.0,19.5,144.5,95.0,-20
37.25,84.0,12.0,101.0,100.0,-31
36.17,86.0,22.0,152.0,95.0,-32
36.5,86.5,16.0,126.0,100.0,-19
37.11,105.0,19.0,119.0,95.0,-18
37.89,102.0,12.0,101.0,96.0,8
36.0,110.5,12.5,157.5,100.0,-23
36.0,88.0,12.0,135.0,100.0,-42
36.11,78.0,14.0,136.0,100.0,-16
37.0,114.0,14.0,125.0,97.0,-21
37.22,72.0,28.0,115.0,98.0,-12
36.06,81.0,25.5,132.0,100.0,-47
36.67,70.0,26.75,100.0,100.0,212
37.11,81.5,14.5,160.0,100.0,-48
36.67,95.0,16.0,82.5,100.0,-38
36.0,65.0,21.5,146.0,98.0,-35
37.28,65.0,16.0,112.0,96.0,-13
39.22,119.0,16.0,136.0,98.0,-37
37.5,92.0,14.0,140.0,100.0,-28
37.11,74.0,23.0,141.0,97.5,-42
37.0,72.0,17.0,94.0,97.0,-42
36.89,88.0,16.0,126.0,99.0,-26
37.39,116.0,12.0,119.0,99.0,-47
35.6,81.5,12.0,99.0,100.0,-25
35.61,65.0,15.0,128.0,100.0,66
36.4,88.5,14.0,93.0,100.0,-42
36.17,111.0,20.0,96.0,94.0,-13
37.72,82.5,13.0,143.0,100.0,-43
37.4,80.0,12.0,114.0,100.0,-44
35.94,52.0,15.0,141.0,100.0,-36
35.15,71.5,10.0,103.5,100.0,-23
37.0,90.0,24.0,90.0,100.0,-49
37.39,95.0,18.0,114.0,99.0,-12
37.28,107.0,21.0,129.0,91.0,8
36.05,63.0,10.0,103.5,100.0,-24
36.11,78.0,19.0,155.0,96.0,-32
36.94,84.0,24.0,104.0,73.0,-15
37.11,96.0,18.0,100.0,96.0,-15
36.22,69.0,23.0,135.0,97.0,-54
36.17,65.0,18.0,101.0,94.0,-13
38.33,64.0,20.0,122.0,97.0,-38
36.28,84.0,16.0,120.0,100.0,199
36.17,60.0,22.0,103.0,100.0,-20
36.39,88.0,14.0,105.5,100.0,-20
37.83,105.0,24.0,123.0,98.0,-20
35.22,94.0,14.0,110.0,99.0,39
34.67,64.0,16.0,128.0,100.0,-39
36.39,73.0,28.0,128.0,100.0,-13
36.67,88.0,18.0,185.0,98.0,-19
36.7,100.5,14.0,124.5,99.5,-42
37.94,87.0,20.0,129.0,36.0,-53
38.72,104.0,25.0,114.0,97.0,-34
37.0,63.0,17.0,126.0,95.0,-33
37.11,101.0,16.5,153.0,100.0,-44
37.05,78.0,15.5,118.0,100.0,-40
33.11,53.5,14.5,108.0,99.0,73
37.17,71.0,20.0,128.0,99.0,-5
35.4,87.0,13.0,102.0,100.0,-19
35.2,90.5,14.5,134.0,100.0,-21
37.83,82.0,21.0,123.0,96.0,-17
36.72,115.0,20.0,132.0,98.0,-32
36.44,84.0,18.0,103.0,95.0,-11
37.11,90.0,17.0,125.0,100.0,-35
36.72,65.0,16.0,113.0,99.0,-24
36.67,74.5,19.5,137.0,93.0,-24
36.06,73.0,12.5,125.0,100.0,-32
35.33,90.5,10.0,129.5,100.0,-50
35.25,87.0,15.0,97.0,98.5,-38
36.61,93.0,20.0,149.0,100.0,-29
35.33,95.5,14.75,109.5,99.5,-46
36.22,65.0,17.0,156.0,100.0,-25
36.94,81.0,22.0,120.0,92.0,-22
36.67,105.0,16.0,135.0,96.0,-27
36.72,93.0,14.0,156.0,100.0,-35
37.22,110.0,27.0,125.0,100.0,-52
36.44,84.0,22.0,126.0,98.0,-42
37.15,98.5,10.0,136.0,100.0,-39
35.94,86.0,10.0,115.0,97.0,-35
37.44,111.0,24.0,112.5,96.0,-45
35.33,71.5,14.0,123.0,100.0,-17
36.11,106.0,14.0,101.0,98.0,-45
37.06,95.0,17.0,135.0,95.0,-21
36.1,84.0,13.0,122.5,100.0,-56
37.22,74.0,25.0,125.0,98.0,-8
36.3,103.5,10.0,121.0,100.0,-44
36.78,70.0,17.0,136.0,100.0,-19
36.44,60.0,17.0,140.0,97.0,-42
36.89,97.0,12.0,116.0,96.0,-17
36.28,89.0,16.0,125.0,96.0,0
36.17,65.5,14.0,124.0,100.0,-19
37.72,91.0,18.0,131.0,97.0,-12
37.83,101.0,14.0,131.0,99.0,-9
36.11,83.0,11.0,123.0,99.0,-19
37.11,70.0,15.0,105.0,99.0,15
37.0,99.0,19.0,153.0,90.0,-53
35.61,68.0,16.0,93.0,100.0,-14
35.44,88.5,10.0,106.5,100.0,-16
36.17,109.5,31.0,111.0,82.5,-30
36.06,87.0,18.0,166.0,92.0,-35
37.11,94.0,18.5,162.0,97.0,-31
36.33,86.0,20.0,151.0,100.0,-49
35.94,87.0,18.0,85.0,100.0,-39
36.89,62.0,12.0,105.0,98.0,-37
36.78,66.0,14.0,93.0,100.0,-53
36.45,84.0,12.0,105.0,100.0,-41
36.72,70.0,15.0,100.0,100.0,-34
36.1,85.5,12.0,139.0,100.0,-41
36.11,67.0,14.0,104.0,100.0,-43
36.3,79.0,14.0,96.0,100.0,-19
37.0,81.0,16.0,135.0,99.0,-8
36.28,70.0,11.5,144.0,100.0,-25
37.11,87.0,13.0,136.0,97.0,-10
35.45,90.0,16.0,126.0,100.0,-40
38.0,102.0,16.5,131.5,93.0,-34
38.5,74.0,17.0,159.0,98.0,-34
37.67,115.0,17.0,102.0,100.0,-35
36.5,112.0,14.0,134.0,92.0,-52
37.06,93.0,21.0,155.0,98.0,-41
36.3,88.0,9.75,140.0,100.0,-14
36.89,98.5,4.0,99.5,98.0,-36
37.0,119.0,29.0,103.0,100.0,-35
36.67,84.0,15.0,121.0,95.0,-37
36.78,83.0,15.0,101.0,95.0,-22
36.28,73.5,17.5,150.5,98.5,-54
36.39,102.0,19.0,107.0,95.0,-30
34.56,72.0,12.0,108.0,100.0,-35
35.4,84.0,10.0,139.0,100.0,-19
36.44,76.0,13.0,114.0,100.0,-28
36.22,66.0,8.0,98.0,100.0,-13
36.5,93.5,12.0,147.5,100.0,-18
36.22,55.5,13.5,135.0,99.0,-18
36.28,74.0,16.0,103.0,98.0,-26
36.9,69.5,14.0,143.0,100.0,-43
35.1,72.0,9.0,103.5,100.0,-22
36.95,89.0,23.0,95.0,96.0,-29
36.8,104.0,12.0,114.0,100.0,-15
36.44,71.0,18.0,105.0,100.0,-38
35.56,68.0,16.0,116.0,100.0,-39
37.33,97.0,12.0,105.0,97.0,-42
36.28,100.0,19.0,128.0,93.0,26
38.4,119.0,15.5,147.5,98.0,0
36.83,86.0,18.0,121.0,96.0,-31
36.95,99.5,12.0,115.0,98.0,-33
37.5,88.0,22.0,137.0,100.0,-34
37.0,92.5,33.0,108.0,91.0,-18
34.89,67.0,18.0,157.0,100.0,-42
35.61,79.0,18.0,119.0,99.0,-54
37.0,82.0,14.0,127.0,100.0,-43
36.97,100.5,12.5,137.5,98.0,-40
36.0,100.0,15.0,154.0,100.0,-7
35.67,87.0,13.5,120.0,100.0,-32
36.5,118.0,23.0,155.0,100.0,-57
37.56,88.0,19.0,150.0,96.0,-26
36.22,86.0,14.0,101.0,100.0,-16
36.67,92.0,18.0,122.0,98.0,-25
33.7,80.0,20.0,114.0,77.0,0
36.83,94.0,14.0,119.0,100.0,-12
36.39,66.0,28.0,121.0,96.0,-35
36.39,88.0,11.0,98.0,100.0,-27
36.17,74.0,14.0,118.0,99.0,20
37.94,84.0,20.0,165.0,100.0,212
37.11,85.0,19.0,135.0,92.5,-3
36.67,94.0,25.0,91.0,95.0,36
36.11,69.0,12.0,116.0,100.0,-19
36.72,71.0,15.0,102.0,96.0,-53
36.4,83.5,20.5,102.0,96.0,-37
36.39,84.0,19.0,130.0,100.0,-22
37.06,106.0,15.0,133.0,95.0,-33
36.22,49.0,14.0,157.0,97.0,-33
35.6,95.0,10.0,127.5,98.0,-55
35.94,116.0,33.0,117.0,98.0,-9
36.17,120.0,17.0,79.0,100.0,-39
36.0,81.0,18.0,115.0,97.0,-44
36.33,94.0,10.0,136.0,95.0,-23
37.28,68.0,29.0,99.0,95.0,-32
36.17,70.0,18.5,147.0,99.0,49
36.2,89.0,14.0,96.0,100.0,-20
35.9,84.0,10.0,110.0,100.0,-19
37.11,84.0,18.5,86.0,97.0,-45
36.56,115.0,22.0,95.0,98.0,-34
35.0,80.0,15.0,114.0,100.0,-49
36.33,69.5,16.0,147.0,100.0,-43
37.06,95.0,28.0,112.0,93.0,-51
36.28,83.0,14.0,121.0,100.0,-6
36.0,82.0,12.0,133.0,91.0,16
37.44,62.0,14.0,131.0,93.0,-37
35.83,103.0,16.0,132.0,100.0,-11
36.28,103.0,24.0,112.0,97.0,-42
37.56,72.0,20.5,117.0,98.0,-41
36.15,93.0,13.0,113.0,100.0,-47
36.05,90.0,10.0,123.0,99.0,179
36.61,97.0,18.0,96.0,99.0,-37
36.7,82.0,16.0,94.0,100.0,-20
36.56,93.5,13.5,106.0,100.0,-35
36.28,74.0,18.0,138.0,99.0,-22
38.0,97.0,15.0,149.0,99.0,40
36.72,82.0,31.0,119.0,91.0,-43
36.5,84.0,16.0,113.0,97.0,-46
36.72,91.0,19.0,142.0,99.5,-32
36.39,48.0,17.0,152.0,97.0,-57
37.33,83.0,14.0,98.0,98.0,-32
37.06,68.0,18.0,133.0,94.0,-33
36.78,106.0,16.0,121.5,100.0,-15
36.45,95.0,12.0,115.0,98.5,-39
36.89,99.0,16.0,97.0,96.0,-17
36.44,45.0,18.0,92.0,99.0,-41
35.89,69.0,30.0,115.0,100.0,-12
37.0,85.0,23.0,101.0,99.0,-29
36.83,83.0,11.25,141.0,100.0,-45
37.19,107.0,21.0,129.0,97.0,-34
37.17,60.0,16.0,125.0,96.0,-37
36.17,81.0,14.0,149.5,99.0,-46
35.72,83.0,21.0,127.0,94.0,-17
36.06,68.0,18.0,101.0,98.0,-30
36.44,102.0,15.0,121.0,97.0,-21
36.44,83.0,18.0,137.0,100.0,-32
35.56,86.0,10.0,113.0,100.0,-39
38.39,100.0,14.0,95.0,100.0,0
36.06,60.0,16.0,169.25,100.0,14
36.67,69.0,18.0,125.0,100.0,26
36.94,80.0,28.0,148.0,94.0,-29
36.83,60.0,11.0,126.0,99.0,-35
35.72,82.0,12.0,122.0,100.0,-36
38.28,86.0,17.0,191.0,97.0,-33
35.94,73.5,20.0,115.0,100.0,-14
36.5,80.0,22.0,115.0,100.0,-46
35.25,78.0,12.0,108.5,99.5,-40
36.06,61.0,17.0,128.0,99.0,-28
37.44,81.0,22.0,113.5,99.0,-49
37.61,101.0,16.0,171.0,97.0,-11
37.0,74.0,21.5,123.5,100.0,96
36.4,109.0,14.0,114.5,100.0,-55
36.83,74.0,16.0,127.0,98.0,-25
37.89,112.5,30.0,179.0,95.5,-13
37.22,64.0,19.0,105.0,97.0,-15
36.55,88.0,12.5,104.5,100.0,-37
36.11,62.0,19.5,137.0,100.0,-41
36.89,105.0,21.0,165.0,95.0,-44
37.67,81.0,12.0,109.0,100.0,-25
36.44,73.0,17.0,115.0,100.0,-54
36.61,81.0,25.0,138.0,96.0,-48
36.4,66.0,28.0,103.0,99.0,108
36.06,102.0,19.0,127.0,88.0,-21
35.89,76.0,19.0,107.0,96.0,-35
37.78,110.0,11.5,117.0,100.0,-32
38.0,67.0,16.0,124.0,69.0,72
36.61,83.0,14.5,113.0,100.0,-16
37.22,101.5,15.0,117.25,100.0,-33
37.17,94.0,15.0,130.5,100.0,-48
36.3,80.0,14.0,105.0,100.0,-22
36.39,108.0,18.0,130.0,89.0,-33
37.44,86.0,14.0,113.0,100.0,-25
36.22,120.0,47.0,90.0,94.0,-35
36.89,92.0,22.0,146.0,100.0,-9
36.33,66.0,18.0,149.0,100.0,-22
35.8,82.0,12.0,133.0,100.0,-21
36.94,81.0,19.0,148.0,99.0,-41
37.0,112.0,18.0,113.0,93.0,-52
36.22,87.0,14.0,92.75,100.0,-19
36.4,98.0,12.0,120.0,100.0,-30
36.22,121.0,24.0,115.0,99.5,-14
36.94,83.0,21.0,116.0,96.0,-38
35.89,91.0,12.0,153.0,95.0,-45
36.22,90.0,21.0,129.0,100.0,-14
37.11,77.0,21.0,114.0,95.0,53
36.8,67.0,14.0,104.0,97.0,-20
37.78,73.0,23.0,146.0,98.0,-50
36.94,90.0,22.0,114.0,95.0,-8
36.06,79.0,10.0,110.0,100.0,-37
37.67,68.0,9.0,96.0,100.0,-7
36.11,88.0,17.0,171.0,97.0,-14
37.0,67.0,17.0,142.0,95.0,-16
36.39,96.5,27.0,83.0,100.0,7
37.11,91.0,17.0,108.0,99.0,-45
37.67,84.0,20.0,136.0,98.0,-29
36.17,104.0,13.0,100.0,96.0,-46
35.1,91.0,12.0,121.0,100.0,-21
36.94,95.0,21.0,102.0,95.0,-14
35.2,80.0,10.0,133.0,100.0,-48
37.06,69.0,25.0,120.0,94.0,-14
36.39,82.0,27.0,101.0,95.0,-38
37.06,55.0,17.0,184.0,98.0,-48
36.4,92.0,11.0,141.5,100.0,-108
34.28,80.0,12.5,106.0,100.0,-56
36.89,104.0,19.0,118.0,96.0,-21
37.83,93.0,26.0,118.0,100.0,9
35.06,75.0,9.5,101.5,100.0,-11
36.0,68.0,14.0,119.0,98.0,-18
36.89,80.0,17.0,134.0,100.0,-39
35.56,84.0,25.0,131.0,100.0,-42
36.94,84.0,14.0,101.0,99.0,-43
35.67,84.0,20.0,134.0,94.0,-38
37.83,88.0,18.0,110.0,100.0,-7
37.67,117.0,23.0,146.0,94.5,-57
35.8,104.5,11.0,122.5,96.0,-47
36.11,79.0,11.0,104.0,94.0,-32
38.17,68.0,14.0,132.0,100.0,-33
37.94,102.5,11.5,163.25,97.5,-33
36.25,89.5,12.0,123.0,100.0,-54
37.28,79.0,29.0,133.0,99.0,-18
36.61,76.0,21.0,145.0,100.0,-23
36.39,76.0,15.0,134.0,94.0,-43
36.72,64.5,25.0,161.0,100.0,-43
38.22,68.0,28.0,103.0,89.0,-52
36.39,76.0,16.0,124.0,100.0,52
36.33,84.0,25.0,126.0,100.0,-11
36.94,105.0,16.0,112.0,100.0,105
37.67,77.0,19.0,108.5,96.0,-42
36.3,86.0,14.0,133.0,100.0,-17
36.39,89.5,12.5,95.5,99.0,-46
36.67,89.5,14.0,109.0,100.0,-23
36.17,70.0,24.0,138.5,97.0,-18
37.89,93.0,13.0,138.5,99.0,-50
36.5,83.0,13.0,153.0,100.0,-53
36.67,75.0,23.0,90.0,100.0,-24
36.39,81.0,10.0,103.0,98.0,-34
37.06,106.0,18.0,103.0,99.0,-32
36.56,85.0,16.0,97.0,99.0,-39
36.78,94.0,22.0,130.0,97.0,-39
36.3,74.0,14.0,132.0,100.0,-45
37.67,118.5,16.5,108.0,99.0,-53
36.1,94.0,21.0,118.0,98.0,-17
37.83,89.0,31.0,119.0,94.0,-44
34.9,92.0,11.5,115.0,100.0,-45
37.56,86.0,24.0,148.0,97.0,-43
36.78,100.0,22.0,122.0,100.0,-15
36.44,97.0,16.0,121.0,100.0,-39
37.83,77.0,10.0,134.0,99.0,-54
36.89,105.5,27.0,158.0,98.5,-42
36.89,96.0,16.0,121.0,100.0,-35
36.94,91.0,12.0,158.0,97.0,-41
36.39,77.0,20.0,120.0,93.0,-28
35.83,88.0,10.0,111.0,100.0,-47
37.61,73.0,17.5,100.0,100.0,56
38.53,92.0,25.5,128.0,98.0,-29
37.83,77.0,16.0,110.0,96.0,0
35.94,96.0,18.0,122.0,100.0,-30
36.39,102.0,32.0,99.0,100.0,0
35.94,105.0,22.0,100.0,96.0,-39
37.28,127.0,20.0,140.0,94.0,-15
37.22,72.0,14.5,155.0,100.0,-47
36.78,87.0,12.0,128.0,97.0,-20
37.56,78.0,19.0,125.0,94.0,-47
37.72,87.0,16.0,128.0,100.0,-32
40.0,140.0,18.0,139.0,85.5,-39
37.67,85.0,16.5,126.5,100.0,-18
37.06,102.0,16.0,112.0,98.0,-16
36.72,54.0,13.0,86.0,100.0,63
37.56,71.0,25.5,140.0,95.5,-38
37.94,60.0,12.0,96.0,100.0,-14
37.17,67.0,14.0,123.0,99.0,-12
35.72,60.0,14.5,108.75,100.0,-43
38.39,105.0,21.0,111.5,98.0,-21
37.1,95.0,23.5,99.0,100.0,-38
37.5,90.0,15.0,155.0,100.0,-11
36.72,81.0,16.0,118.0,97.0,-16
36.22,76.0,14.0,139.0,95.0,-37
37.11,97.0,19.0,146.0,95.0,-23
36.5,74.0,24.0,149.0,100.0,-36
37.0,101.0,11.0,171.0,96.0,-38
36.72,61.0,13.0,131.0,100.0,-48
37.06,61.0,16.0,117.0,98.0,-15
36.33,81.0,16.0,136.0,98.0,111
36.39,70.0,15.0,96.0,100.0,-51
36.3,92.0,11.5,100.5,96.5,-50
37.5,114.0,15.0,109.0,98.0,-21
36.72,84.0,14.0,141.0,95.0,-40
36.67,80.0,15.0,123.0,100.0,-36
36.56,75.0,14.0,132.0,98.0,-18
36.5,90.0,15.0,103.0,100.0,-38
37.28,93.0,27.0,115.0,98.0,-32
37.17,70.0,14.0,107.0,100.0,-32
37.61,104.0,16.0,126.0,100.0,-18
37.78,109.0,17.0,98.0,93.0,-46
36.22,87.0,23.0,133.0,100.0,-35
36.22,74.0,12.5,106.0,100.0,-36
37.83,110.0,28.0,69.0,91.0,-21
36.22,75.0,26.0,130.0,99.0,-26
36.22,114.0,22.5,102.0,96.5,-22
36.17,60.0,14.0,106.75,100.0,-39
35.06,64.0,20.0,101.0,100.0,-38
36.89,67.0,23.0,102.0,91.0,-20
37.1,86.5,14.0,102.5,100.0,0
36.39,47.0,16.0,124.0,100.0,47
36.28,52.0,16.0,105.0,96.0,-8
36.2,88.0,16.0,119.0,100.0,-17
35.67,63.0,14.0,124.0,98.0,-15
37.22,67.5,16.0,126.0,97.5,-29
37.67,112.0,34.0,140.0,100.0,-39
36.2,81.5,17.5,115.5,100.0,-49
38.11,83.0,11.0,110.0,94.0,-42
36.28,86.0,13.0,104.0,100.0,30
36.7,90.0,11.0,97.0,100.0,-17
37.28,89.0,16.0,108.0,96.5,-34
37.5,86.0,17.0,148.0,97.0,-41
35.94,76.0,15.5,117.0,99.0,-10
36.78,65.5,14.5,193.5,97.5,-10
36.85,94.0,18.0,125.5,100.0,-15
36.56,85.0,9.0,104.0,94.0,-17
37.56,93.5,20.0,88.5,95.0,-19
37.0,89.0,27.0,138.0,100.0,-16
36.33,76.0,12.0,130.0,91.0,-50
36.06,60.0,25.0,128.0,97.0,-15
36.44,51.0,15.0,102.0,96.0,-7
36.67,88.0,20.0,168.0,95.0,-49
36.61,75.0,20.0,111.0,96.0,-31
36.61,44.0,13.5,159.0,98.0,-45
36.56,90.5,11.5,123.5,95.5,-6
37.06,83.5,18.0,143.5,97.5,-44
34.44,79.0,17.0,83.0,97.0,-42
37.22,76.0,18.0,141.0,100.0,-47
37.5,86.0,11.0,143.0,98.0,-17
36.72,65.0,14.0,131.0,98.0,-25
37.0,80.0,27.0,150.0,94.0,-48
37.44,110.5,30.0,103.0,100.0,-4
36.3,87.0,8.0,104.0,100.0,-49
37.56,103.0,21.0,100.0,99.0,-54
37.44,119.0,20.0,112.0,93.0,-34
35.8,88.0,12.0,132.0,100.0,-41
37.78,95.0,12.5,131.0,100.0,-56
37.1,90.0,14.0,113.0,99.0,-41
36.11,106.0,16.0,114.0,99.0,-30
36.17,81.0,19.0,113.5,100.0,-31
35.56,100.0,18.0,100.5,100.0,-58
37.06,95.0,20.0,110.0,100.0,-18
37.56,67.0,20.0,115.0,97.0,-24
35.95,95.0,12.0,132.5,100.0,-35
37.11,86.0,18.0,120.5,100.0,-16
35.31,80.0,14.0,108.0,100.0,-9
36.17,86.0,20.0,108.0,42.0,-29
35.7,88.0,12.25,98.0,95.5,-31
37.05,88.0,15.5,108.5,100.0,-17
35.39,58.0,15.5,140.0,100.0,-18
36.22,67.5,21.0,124.0,95.5,-36
37.94,105.0,19.0,120.0,85.0,-36
38.28,118.0,20.0,109.0,100.0,-45
37.0,89.0,21.0,123.0,99.0,-46
35.67,98.0,20.0,114.0,94.0,-36
37.33,100.0,22.0,148.0,100.0,-32
36.94,89.0,18.0,115.0,99.0,-40
37.56,122.0,31.0,151.0,93.0,0
36.2,79.0,14.0,107.5,100.0,-42
35.78,86.0,11.0,115.0,99.0,-41
37.0,75.0,16.0,126.0,91.0,-30
36.22,73.0,10.0,100.0,100.0,-34
36.06,99.0,23.0,108.0,97.0,-36
36.22,60.0,13.0,103.0,100.0,-34
36.5,54.0,21.0,134.0,99.0,-14
36.17,83.0,19.0,152.0,94.0,-13
35.89,73.0,14.0,111.0,100.0,-26
36.89,103.0,16.0,120.0,100.0,-46
37.17,53.5,13.5,107.0,100.0,-16
36.2,88.0,10.0,121.0,100.0,-54
36.39,97.0,15.0,89.0,99.0,-45
36.0,78.0,20.0,128.0,95.0,-17
36.94,87.0,20.0,95.0,97.0,-34
36.3,80.0,10.0,114.0,100.0,-31
35.67,74.0,20.0,130.0,100.0,-18
35.78,83.5,10.0,93.0,100.0,-39
35.5,91.0,17.0,118.0,99.0,-46
35.72,129.5,20.0,101.75,94.5,-39
36.17,102.0,30.0,146.0,95.0,-25
36.28,88.0,21.0,105.0,96.0,-10
36.22,73.0,12.0,105.0,98.0,-35
36.78,86.0,18.0,117.0,97.0,-5
35.7,67.0,12.0,132.0,97.0,-45
36.72,77.0,21.0,130.0,93.0,-45
36.0,93.0,10.0,137.0,100.0,-19
36.94,82.0,15.0,96.0,96.0,-54
36.89,81.0,16.0,134.0,100.0,-16
36.94,88.0,12.0,121.0,92.0,-21
37.0,79.0,20.5,103.5,98.0,-40
35.0,80.0,12.0,109.0,100.0,-50
36.85,76.0,14.0,114.0,96.0,-24
34.8,82.0,16.0,149.5,100.0,168
36.56,82.0,16.0,116.0,99.0,28
36.39,59.0,20.0,137.0,96.0,41
37.61,89.0,14.0,142.0,100.0,-48
35.56,64.0,14.0,86.0,96.0,-8
36.67,56.0,26.0,128.0,94.0,-34
35.56,101.0,20.0,125.0,97.5,-46
36.89,96.0,14.0,103.0,99.0,-41
36.89,87.0,16.0,88.0,100.0,88
36.9,80.0,10.0,117.5,100.0,-36
37.0,76.0,15.0,144.0,99.0,-32
36.78,85.0,22.0,121.5,100.0,-31
37.22,92.0,29.5,120.0,92.5,-22
35.33,82.0,10.0,93.0,100.0,-15
36.67,91.0,15.0,152.0,98.0,-12
35.56,97.0,20.0,97.0,93.0,-36
37.0,88.0,18.0,107.0,100.0,-18
36.83,64.0,12.0,116.0,98.0,-11
37.44,95.0,12.0,130.0,100.0,-48
36.5,57.0,17.5,107.0,100.0,-24
36.78,80.0,21.0,105.0,97.0,-26
36.72,72.0,28.0,150.0,94.0,-13
37.28,65.0,12.0,121.0,100.0,-37
39.0,120.0,36.0,163.0,97.0,-15
35.9,105.5,15.0,108.0,100.0,-3
36.06,69.0,12.0,110.0,100.0,-8
36.89,100.0,18.0,118.0,96.0,-43
35.65,79.0,12.5,123.5,100.0,-48
35.33,80.0,5.0,106.0,100.0,-15
36.0,70.0,14.0,142.0,100.0,-21
36.56,78.0,16.0,170.0,100.0,45
36.22,83.0,22.0,102.0,98.0,-38
37.11,76.0,21.5,165.0,98.0,-31
36.2,80.0,13.0,118.0,100.0,-24
33.33,98.0,12.0,105.0,99.5,-8
36.3,78.5,14.5,132.0,98.0,-42
37.39,90.0,27.0,147.0,100.0,-22
36.44,60.0,17.0,138.0,100.0,-14
37.11,84.0,26.0,98.0,97.0,-14
35.61,75.0,18.0,92.0,96.0,7
37.56,79.0,16.0,149.5,99.0,-55
36.9,88.0,10.0,133.0,100.0,-14
37.67,101.0,19.0,148.0,99.0,-41
35.94,55.0,12.0,104.0,98.0,-19
38.06,131.0,34.0,107.0,97.0,-51
35.94,103.0,15.0,110.0,95.0,-43
35.4,103.0,16.0,100.0,100.0,-40
36.35,103.0,20.5,125.5,99.5,-31
36.8,90.0,14.0,113.5,100.0,-25
35.44,99.0,18.5,103.0,100.0,-46
38.3,114.5,17.0,120.0,97.0,3
36.11,94.0,24.0,140.0,100.0,-23
36.11,71.0,8.0,97.0,94.0,-12
37.89,87.0,15.0,135.0,97.0,-4
34.17,118.0,14.0,72.0,99.5,-34
35.1,79.0,15.0,153.5,100.0,-37
36.39,79.0,20.5,121.0,100.0,-20
36.56,116.0,20.0,96.0,94.0,-21
37.0,70.0,20.0,109.0,97.0,-49
37.22,63.0,23.0,93.0,98.0,-34
36.67,81.0,18.0,120.0,97.0,-16
36.83,73.0,24.0,101.0,97.0,-11
36.6,89.0,18.0,108.0,100.0,-33
37.17,113.5,14.0,120.5,100.0,-38
36.89,64.5,15.0,102.0,99.0,-23
35.65,96.0,12.0,122.5,100.0,-34
36.67,88.0,26.0,96.0,97.0,-44
34.78,56.0,14.0,130.0,83.0,-46
36.67,82.0,24.0,142.0,97.0,-43
36.83,83.0,20.5,105.5,96.0,5
37.61,100.0,21.0,136.0,96.0,-51
37.06,83.0,12.0,117.0,99.5,5
35.83,61.0,17.0,132.0,100.0,-17
36.72,98.0,15.0,96.0,98.0,-36
35.3,67.0,14.0,110.5,100.0,-43
36.17,74.0,12.0,127.0,100.0,-12
36.67,87.0,23.0,112.0,97.0,-56
38.17,97.0,18.0,132.0,96.0,-17
36.22,56.0,12.0,100.0,100.0,-37
36.72,91.0,24.0,83.0,96.0,0
36.28,71.0,16.0,129.0,96.0,-48
35.0,80.0,24.0,131.5,98.0,-54
37.28,93.5,22.0,161.5,100.0,-28
36.83,83.0,19.0,146.0,97.0,-27
36.83,71.0,18.0,169.0,95.0,-11
38.3,70.0,17.0,91.0,97.0,-11
38.17,103.0,14.0,105.0,99.0,-37
37.11,100.0,27.0,134.0,97.0,-38
36.56,99.0,22.0,108.5,94.5,-32
36.44,97.0,12.0,95.5,98.5,-32
38.33,83.5,20.0,146.0,100.0,-43
35.9,81.0,8.0,111.5,98.0,-35
36.39,106.0,23.0,125.0,100.0,-36
36.4,86.5,14.0,123.0,100.0,-17
34.83,71.0,14.0,107.0,100.0,-38
37.3,90.5,10.0,116.0,100.0,-34
36.67,101.0,18.0,108.0,97.0,-46
37.56,79.0,14.0,99.0,100.0,2
36.83,94.0,22.0,175.0,97.0,-19
37.94,84.0,12.5,151.0,100.0,-14
36.67,84.5,22.0,95.0,99.0,-24
36.6,84.0,12.5,103.0,100.0,-18
36.83,80.0,23.0,89.0,99.0,-42
35.33,51.0,16.0,86.0,99.0,-17
35.7,85.0,14.0,113.5,98.5,-35
37.33,72.0,27.0,150.0,99.0,-44
36.22,88.0,15.0,131.0,98.0,0
36.67,61.0,16.0,99.0,99.0,-27
36.67,64.0,12.0,102.0,100.0,-6
36.06,97.0,11.0,113.0,97.0,-47
37.3,76.0,14.0,150.5,100.0,-56
36.89,107.0,18.0,125.0,100.0,-40
35.47,81.0,14.0,162.0,100.0,-28
37.0,80.0,16.0,122.0,100.0,-32
37.39,95.0,14.0,109.5,100.0,-14
36.78,77.0,12.0,133.0,99.0,-13
35.44,113.0,20.0,112.5,100.0,-49
36.1,85.5,14.0,127.0,95.0,-20
36.5,65.0,18.0,103.0,97.0,-26
35.89,116.0,16.0,119.0,100.0,-13
35.0,89.5,14.5,113.0,99.5,-35
35.89,106.0,24.0,105.0,97.0,-13
36.44,88.0,15.0,132.5,100.0,0
35.72,75.0,19.0,112.0,98.0,-51
39.67,143.0,44.0,141.0,94.0,-22
36.89,84.0,26.0,95.0,94.0,-31
36.33,117.0,22.0,113.0,98.0,-33
36.22,60.0,23.0,119.5,78.0,-14
37.22,102.0,19.0,111.0,99.0,-29
36.17,68.0,12.0,126.0,97.0,-11
36.72,54.0,23.0,97.0,98.0,-49
36.67,47.0,16.0,110.0,96.0,-42
38.0,103.0,22.0,105.0,100.0,43
37.06,86.0,18.0,106.0,100.0,-14
36.64,95.0,12.0,140.0,93.0,-11
36.44,87.0,15.0,133.5,97.0,-15
36.44,97.0,17.0,126.0,99.0,-32
36.39,87.0,13.0,106.75,97.0,-37
36.5,98.5,25.5,134.0,100.0,-18
36.72,76.0,17.0,107.0,97.0,-21
36.78,79.0,17.0,147.0,99.0,8
35.5,80.0,10.0,109.5,100.0,-40
36.5,67.0,20.0,138.0,100.0,-23
37.06,93.0,15.0,98.0,96.0,-43
35.33,72.5,10.0,104.5,100.0,-51
37.06,48.0,14.0,145.0,99.0,-16
36.17,82.0,20.0,167.0,96.0,-55
36.72,84.0,21.0,105.0,97.0,-49
37.22,100.0,21.0,92.0,96.0,-3
36.0,77.0,12.0,102.0,100.0,-26
37.72,93.0,25.0,140.0,93.0,-25
36.89,84.0,13.0,100.5,97.5,-18
36.17,57.5,16.0,139.5,100.0,-22
36.22,50.0,13.0,100.0,98.0,-54
36.44,63.0,15.0,159.0,99.5,-37
36.72,86.0,13.0,117.5,99.0,-17
37.33,103.0,12.0,104.0,98.0,-54
37.28,76.0,22.5,136.5,97.0,-19
34.2,77.0,19.5,160.0,100.0,-40
36.83,83.0,24.0,109.0,98.0,-42
36.33,70.0,10.0,140.0,100.0,-49
37.17,106.0,16.0,153.0,99.0,-48
36.11,69.0,15.0,104.0,100.0,-24
36.5,82.5,16.0,140.5,100.0,-39
37.39,82.5,14.25,117.5,100.0,-34
35.5,72.0,12.0,103.5,100.0,60
37.17,65.0,15.0,111.0,96.0,-34
37.67,94.0,21.0,152.0,98.0,-36
35.83,76.5,18.0,146.5,92.0,-36
36.72,89.5,10.0,162.0,97.0,-31
37.22,80.0,14.0,129.5,100.0,-43
36.11,73.0,16.0,124.0,99.0,-7
34.0,67.0,13.0,134.5,100.0,-3
34.83,64.0,21.0,108.0,97.0,6
36.83,70.0,28.0,93.0,100.0,-11
36.83,72.0,21.0,118.0,100.0,0
36.8,88.0,12.0,124.0,100.0,-31
35.3,73.5,16.0,90.5,95.5,267
36.33,66.5,14.0,97.0,100.0,-20
37.17,81.0,22.0,127.0,94.0,-12
38.22,115.0,21.0,127.0,98.0,-16
36.5,80.0,21.0,180.0,98.0,-33
37.17,87.0,17.0,160.0,94.0,24
38.89,59.0,13.0,132.0,100.0,-335
36.2,79.5,16.0,122.0,100.0,-19
35.8,97.5,27.0,108.0,96.0,91
36.5,92.0,24.0,152.0,98.0,-55
36.78,43.0,17.0,114.0,97.0,-14
37.67,63.0,18.0,117.0,96.0,44
36.06,90.0,22.0,126.0,97.0,-36
37.67,117.0,15.0,88.75,100.0,149
36.8,85.0,20.0,115.0,100.0,-15
35.89,84.5,27.5,111.0,96.0,-49
36.15,77.0,13.5,132.0,94.5,-49
37.0,133.0,12.0,135.0,97.0,-55
34.56,100.5,19.5,110.5,81.0,-11
36.78,100.0,18.5,177.0,90.0,-22
37.5,67.0,21.0,134.0,99.0,-38
37.6,85.0,12.5,120.0,100.0,-35
35.56,48.0,18.0,120.0,100.0,-28
36.67,88.0,12.0,110.0,100.0,-13
35.28,82.0,31.0,154.0,95.0,-53
37.44,88.0,18.0,129.0,97.0,-50
36.3,84.0,12.0,100.0,100.0,-35
37.83,121.0,12.0,121.0,96.0,2
36.56,44.0,15.0,99.0,100.0,-55
35.83,75.0,15.0,91.0,100.0,-25
35.39,82.0,14.0,107.0,100.0,-21
36.11,92.0,16.0,135.0,100.0,-47
37.17,85.0,25.0,142.0,100.0,-15
37.11,67.5,12.5,108.0,97.0,-31
38.06,94.0,17.0,125.0,97.0,-17
36.44,59.0,16.5,121.0,100.0,4
37.28,74.0,12.0,114.0,100.0,-38
35.94,71.5,14.5,129.0,99.5,-19
37.28,159.0,21.0,143.0,97.0,-45
37.11,99.0,13.0,95.0,99.0,-44
36.3,78.0,10.0,109.0,100.0,-25
35.89,79.0,16.0,108.0,99.0,-25
39.33,137.0,30.0,159.0,100.0,-46
36.17,59.0,16.0,123.0,96.0,-21
37.72,97.0,20.0,140.0,99.0,-14
36.11,83.0,15.0,120.0,100.0,-50
37.5,81.0,14.0,107.0,100.0,-17
37.44,86.0,17.5,142.5,100.0,-20
36.72,71.0,18.0,113.0,94.0,-39
37.56,61.0,18.0,126.0,98.0,-38
37.6,102.0,17.0,91.0,93.0,-16
35.86,70.0,10.0,100.0,100.0,-18
37.44,107.0,30.0,160.0,99.0,-39
35.5,95.0,16.0,111.0,100.0,-33
35.83,83.0,15.5,99.5,99.0,-48
37.28,81.0,19.5,116.0,100.0,84
36.28,73.0,20.0,83.0,100.0,-49
36.89,101.0,18.0,122.0,97.0,-34
35.67,80.0,10.0,101.0,98.0,18
36.5,91.0,14.0,94.5,100.0,-39
36.22,86.0,18.0,100.0,100.0,-54
36.22,91.5,28.0,132.0,99.5,-31
37.11,75.0,20.0,103.5,96.0,-45
37.28,69.5,13.5,152.0,98.0,-15
36.33,122.0,15.0,127.0,100.0,-39
35.65,80.0,16.0,106.5,99.0,-17
36.78,61.0,18.0,185.0,98.0,-34
36.5,71.0,23.0,115.0,93.0,-35
36.83,80.0,14.0,107.5,100.0,-33
36.83,76.0,17.0,93.0,99.0,-25
36.1,91.0,9.5,142.0,100.0,-40
37.56,85.0,16.0,114.0,98.0,-51
36.72,80.0,16.0,118.0,100.0,-9
37.39,81.0,15.0,102.0,100.0,-53
36.83,78.5,21.0,132.0,95.5,-49
38.06,104.0,15.5,124.0,100.0,-23
35.3,75.0,11.5,103.75,100.0,-21
35.17,97.0,24.0,173.0,100.0,-37
36.83,80.0,17.0,104.0,97.0,-18
37.0,90.0,26.0,72.0,100.0,-37
37.0,89.0,18.0,128.0,100.0,-36
37.17,69.0,21.5,129.0,97.0,-46
35.7,96.5,12.5,115.5,92.5,23
36.11,80.0,25.0,99.0,100.0,-39
37.1,80.0,14.0,96.0,100.0,-43
35.67,94.0,21.0,130.0,99.0,-22
36.67,73.5,11.0,121.0,94.5,-30
36.39,73.0,20.0,148.0,97.0,-6
35.67,102.0,18.0,138.0,100.0,-53
37.33,94.5,21.5,144.5,98.5,0
37.5,85.0,13.0,112.0,100.0,-38
36.11,72.5,14.0,119.75,97.0,-55
38.67,76.0,12.0,106.0,97.0,-53
37.06,75.0,22.0,137.0,99.0,-17
36.94,85.0,19.0,105.0,95.0,-22
37.2,95.0,10.5,114.5,99.0,-50
36.83,80.0,14.5,155.0,97.0,-21
35.56,94.0,24.0,104.0,98.0,-15
37.06,85.5,18.5,102.0,99.5,-54
37.94,99.5,20.0,86.5,98.5,-38
37.11,48.0,17.0,107.0,100.0,-20
35.67,58.0,14.5,122.0,94.0,-22
38.44,93.0,18.0,147.0,98.0,116
35.83,68.0,14.0,135.0,97.0,-19
36.83,65.0,15.0,147.0,94.0,-52
36.0,80.0,16.0,108.0,98.5,-17
36.33,76.0,12.0,117.0,100.0,-26
36.89,80.0,12.0,101.0,100.0,-39
36.56,75.0,16.0,80.0,99.0,-21
36.39,60.0,14.0,117.0,100.0,17
36.11,89.0,21.5,98.0,99.0,21
37.17,76.0,11.0,167.0,100.0,18
36.0,104.0,18.0,120.0,100.0,-34
37.5,76.0,14.5,126.5,99.5,-44
36.39,105.0,23.0,146.0,92.0,-57
36.56,91.0,17.0,122.0,98.0,-5
37.0,83.0,19.0,114.0,95.0,-54
36.83,58.0,14.0,114.0,100.0,-37
36.44,79.5,14.5,93.0,99.5,-41
37.61,83.0,19.0,95.0,98.0,-14
35.33,79.0,12.0,143.0,100.0,-34
38.06,102.0,28.5,135.0,95.0,-40
33.89,82.5,12.0,93.5,100.0,-21
37.0,97.0,16.0,152.0,96.0,-10
35.56,80.0,21.0,124.0,97.0,-49
36.44,124.5,14.5,140.5,100.0,-33
37.56,94.0,23.0,96.0,98.0,-32
36.44,80.0,17.0,103.0,100.0,-22
35.94,62.0,17.0,91.0,97.0,7
37.44,64.0,18.0,108.0,95.0,-15
36.83,103.0,30.0,93.0,94.0,-48
37.33,69.0,17.0,146.0,94.0,-21
36.6,83.0,13.5,105.5,100.0,-22
36.0,88.0,21.0,103.5,85.0,-53
36.7,97.0,12.0,130.0,100.0,-29
36.11,71.0,12.0,95.0,99.0,-15
37.61,88.0,21.0,91.0,100.0,-35
37.33,133.0,25.0,87.0,97.5,-25
36.44,64.0,19.5,105.5,99.0,-26
36.28,61.0,20.0,120.0,98.0,-35
36.39,74.0,14.0,158.0,100.0,-54
36.06,67.0,19.0,128.0,97.0,-39
35.78,100.0,23.0,103.0,96.0,-27
37.9,110.0,17.0,128.0,93.0,-28
35.89,88.0,13.0,99.0,100.0,-24
36.6,92.0,10.0,106.0,100.0,-44
36.17,90.0,20.0,130.0,97.0,-23
37.0,55.0,13.0,114.0,100.0,-51
37.2,100.0,12.0,98.0,99.0,-34
37.78,96.0,24.0,165.0,96.0,-46
37.06,113.0,21.0,115.0,99.0,-38
36.2,104.0,13.5,93.0,94.0,-45
37.0,78.0,24.0,129.0,94.0,-8
36.11,103.0,29.0,96.5,96.5,-41
36.39,108.5,17.0,137.0,95.0,-33
37.56,67.0,14.0,141.5,98.0,-33
36.28,112.0,11.0,119.5,100.0,-10
36.55,69.0,14.5,116.0,100.0,-22
35.56,97.5,14.0,91.5,97.0,-27
36.35,84.0,16.0,98.0,100.0,-36
37.17,87.0,13.0,131.0,97.0,-53
35.1,102.0,14.0,119.0,100.0,-31
36.78,77.0,26.0,171.0,98.0,-36
37.11,61.0,22.0,113.0,97.0,-33
35.22,68.0,18.0,104.0,100.0,-19
36.44,103.0,23.0,148.0,99.0,-21
36.75,89.0,22.5,124.5,98.5,-39
36.72,62.0,15.0,146.0,97.0,-48
36.61,72.0,12.0,115.0,91.0,-51
36.4,84.0,14.0,116.0,100.0,-22
38.33,105.5,11.0,123.0,97.5,-37
34.44,83.5,12.5,105.5,100.0,-26
36.28,75.0,15.0,104.5,100.0,-36
35.15,77.0,14.0,119.0,99.5,-17
36.67,100.0,15.0,131.0,97.0,-37
36.78,92.0,19.0,121.0,93.0,-31
35.83,75.0,16.0,104.0,100.0,-31
35.4,87.5,14.0,88.5,100.0,-43
38.0,62.5,17.5,105.25,98.0,-29
36.28,75.0,16.0,148.0,100.0,-35
36.11,60.0,14.0,134.0,99.0,-46
35.69,60.5,13.0,123.0,95.5,-13
36.0,99.0,12.0,117.5,98.0,-43
36.56,88.0,14.0,133.0,100.0,-25
38.56,96.0,12.0,116.0,98.0,-50
36.5,106.0,22.5,121.5,94.0,-24
36.56,109.0,19.0,127.5,96.0,-21
35.0,80.0,12.0,128.0,100.0,-32
37.44,83.0,24.0,102.0,95.0,-57
36.3,91.0,12.0,112.0,100.0,-42
37.11,104.0,13.0,128.0,94.0,-35
36.44,69.0,15.0,141.5,98.0,-16
37.67,82.0,18.0,111.0,94.0,-13
36.89,120.0,25.0,155.0,94.0,-25
36.33,57.0,14.0,125.0,97.0,-50
38.94,89.0,19.0,96.0,100.0,0
36.72,92.0,26.0,95.0,95.0,-47
36.0,118.0,24.0,128.0,98.0,-32
35.94,125.5,12.5,114.5,99.0,-32
35.5,88.0,12.0,115.0,100.0,-24
38.06,90.0,10.25,117.0,99.0,-19
35.5,93.0,10.0,104.0,100.0,-52
36.78,102.0,24.0,137.0,96.0,-14
35.72,63.5,18.0,167.5,98.0,-9
37.17,120.0,24.0,148.0,94.0,-39
38.11,95.0,26.0,115.0,94.0,-46
36.33,106.0,26.0,118.0,99.0,-30
35.8,88.0,15.0,123.0,100.0,-19
36.06,117.0,28.0,98.0,95.0,-45
35.17,131.0,43.0,104.0,90.0,-16
35.56,113.0,28.0,88.0,93.0,16
36.7,100.0,12.5,108.0,100.0,-16
37.17,102.0,22.0,119.0,96.0,-41
36.89,80.0,17.0,119.0,93.0,-15
36.35,81.0,13.5,103.0,100.0,-42
36.06,83.0,12.0,100.0,96.0,-42
37.0,76.0,27.0,132.0,94.0,-35
37.33,89.0,21.0,127.0,95.0,-42
36.39,83.0,17.0,124.0,100.0,-57
37.44,118.0,23.0,140.0,98.0,-30
35.2,71.0,14.0,122.0,100.0,-30
37.78,69.0,19.0,125.0,100.0,-39
38.3,107.0,14.0,147.5,100.0,-37
35.3,84.0,10.0,99.0,100.0,-16
38.0,85.0,21.0,146.0,98.0,-47
37.33,61.0,19.0,120.0,97.0,-36
36.06,103.0,25.0,110.0,90.0,-48
37.44,146.0,15.0,126.0,100.0,-37
37.28,84.0,22.0,135.0,100.0,-21
38.0,112.0,17.0,132.0,100.0,-44
36.39,68.5,19.5,105.0,98.5,-22
35.56,92.0,18.0,104.0,98.0,-54
37.39,81.0,17.5,96.0,100.0,-30
37.22,83.0,17.0,111.0,98.0,-28
37.56,80.0,18.0,149.0,97.0,-18
37.17,89.0,18.0,185.0,99.0,-30
37.78,96.0,21.0,120.0,98.0,-32
36.5,75.0,10.0,124.0,100.0,-26
35.31,74.0,14.0,119.5,100.0,-20
37.11,104.0,23.0,129.0,98.5,-15
36.72,80.0,16.0,106.0,99.0,-32
37.0,88.0,16.0,114.0,93.0,-30
36.89,80.0,26.0,146.0,98.0,-16
37.89,64.0,14.0,113.0,95.0,-31
35.56,89.0,24.0,94.0,96.0,11
36.0,110.0,35.0,137.5,94.0,-17
38.0,93.0,18.0,143.0,100.0,21
35.7,82.0,14.0,106.0,99.0,-26
37.5,114.0,27.0,107.0,100.0,-45
38.17,121.0,27.0,121.0,98.0,4
37.11,91.0,14.0,102.0,99.0,-18
38.78,118.0,20.0,96.0,90.0,-47
36.89,72.0,16.0,107.0,98.5,-47
37.61,105.5,46.0,144.5,97.0,-40
36.28,86.0,21.0,138.0,96.0,-21
37.5,86.0,23.0,126.0,96.0,-35
36.0,78.0,14.0,133.0,100.0,-23
35.56,87.5,13.5,102.0,97.5,-32
36.11,79.0,30.0,145.0,97.0,-45
36.56,71.0,13.5,164.0,100.0,-37
37.06,63.0,17.75,131.5,97.0,-44
36.28,69.0,10.0,117.0,100.0,-42
37.33,75.0,21.0,90.5,97.0,-13
37.44,120.0,37.5,110.25,97.5,-33
37.0,93.0,14.0,103.0,100.0,-32
37.06,85.0,18.0,117.0,100.0,-46
36.61,66.0,16.0,135.5,100.0,-33
36.94,77.0,18.0,120.0,98.0,-16
37.17,123.0,21.5,116.0,100.0,-42
36.61,63.0,11.5,129.0,100.0,-15
35.8,80.0,10.5,114.5,100.0,-20
36.22,70.5,14.0,149.0,100.0,-13
36.28,118.0,18.0,99.0,100.0,-36
38.33,83.0,10.0,172.0,100.0,-45
37.17,99.5,23.5,118.5,96.5,-39
36.1,73.0,14.0,119.0,100.0,-20
36.44,70.0,18.5,90.0,98.0,-50
36.5,65.0,20.0,142.0,98.0,-39
37.5,114.5,15.5,119.0,97.0,-17
35.83,61.0,15.0,122.0,97.0,88
36.89,70.0,17.0,132.0,98.0,-20
36.56,75.0,10.0,130.0,97.0,-9
37.06,99.0,17.0,114.0,76.0,-14
37.0,88.0,16.0,117.0,100.0,-19
36.39,64.0,21.0,144.0,95.0,-36
35.83,57.0,17.0,102.0,100.0,-28
35.2,65.5,14.0,119.0,100.0,-22
35.28,76.0,10.0,118.5,100.0,-39
35.83,92.0,16.0,151.5,97.0,-57
36.67,89.0,17.0,145.0,92.0,-38
36.56,60.0,12.0,112.0,98.0,-26
37.06,65.0,12.0,124.0,100.0,-15
37.44,75.0,13.0,113.0,100.0,-21
37.6,119.0,16.0,110.0,100.0,-42
33.6,73.5,18.0,145.0,100.0,-47
36.67,85.0,14.0,113.0,98.0,-42
36.39,92.0,27.0,117.0,96.0,-31
37.78,47.0,12.0,90.0,94.0,-35
35.35,74.0,16.0,95.0,100.0,-25
36.72,94.0,23.0,99.0,96.0,-30
36.11,119.5,20.5,154.0,95.0,-14
37.17,101.0,22.0,131.0,97.0,-43
35.72,82.0,14.0,138.0,100.0,-36
34.67,62.0,10.5,166.0,100.0,-32
36.44,102.0,23.0,96.0,100.0,-46
37.0,96.0,16.0,139.0,97.0,-41
36.83,70.0,15.0,85.0,99.0,-25
36.3,89.0,18.0,108.0,100.0,-23
36.89,79.0,18.0,115.0,96.0,-38
37.28,84.0,14.0,102.0,94.0,-41
37.11,73.0,19.0,118.0,98.0,-13
35.44,67.0,15.0,161.5,100.0,-35
36.4,97.0,9.0,114.0,99.0,-37
36.58,86.0,10.0,113.0,100.0,-43
35.39,73.0,15.0,142.0,98.0,-30
36.5,107.0,12.0,166.0,98.0,-36
33.67,79.5,12.0,77.5,100.0,-9
37.67,98.0,20.0,99.0,99.0,74
37.28,91.0,20.0,139.0,99.0,-51
35.4,84.0,20.0,119.0,99.0,-56
36.72,84.5,19.5,113.0,96.5,-40
36.94,84.0,14.0,49.0,100.0,-48
37.39,98.0,20.0,98.25,99.0,-26
36.5,88.0,12.0,101.0,100.0,-42
38.06,105.0,25.0,105.0,99.0,0
37.94,95.0,17.0,94.0,98.0,-57
35.94,64.0,22.0,122.0,97.0,-47
36.94,98.0,28.0,110.0,96.0,-20
36.5,160.0,18.0,92.0,97.0,-40
35.65,77.0,17.5,194.5,100.0,93
36.89,72.0,18.0,131.0,97.0,-45
37.72,79.0,12.0,126.5,100.0,-41
35.89,88.0,22.0,83.0,98.0,-51
36.55,90.0,11.0,105.5,100.0,-14
38.0,87.0,18.0,94.0,100.0,-47
36.89,85.0,23.0,121.0,92.0,-28
37.11,87.0,18.0,102.0,100.0,-43
36.22,90.5,17.0,101.5,100.0,-25
37.06,78.0,11.0,109.0,97.0,-30
37.0,100.0,14.0,127.0,100.0,-19
38.11,126.0,21.0,146.0,90.0,-3
35.67,82.0,29.0,123.0,93.0,0
36.22,57.0,16.5,106.0,99.0,-37
37.94,63.0,21.0,136.0,94.5,-44
35.89,62.0,14.0,118.0,100.0,3
34.78,76.0,24.0,138.0,92.0,-24
36.0,91.0,13.0,142.0,100.0,-36
35.67,70.5,15.5,126.0,100.0,-12
37.89,83.5,19.5,109.0,99.0,-18
36.33,65.0,24.0,143.0,93.0,-42
34.95,88.0,15.0,115.0,100.0,-29
37.0,111.0,28.0,92.5,87.0,-19
35.55,88.0,11.5,114.5,99.5,-49
38.0,77.0,15.0,88.0,100.0,8
36.94,66.0,15.5,144.5,97.0,-17
35.1,80.0,10.0,118.0,100.0,-38
37.0,118.0,20.0,93.0,97.0,-45
35.22,66.0,18.0,117.0,100.0,-29
37.39,70.0,18.5,115.0,95.0,-7
37.39,114.0,17.0,116.0,100.0,-43
37.83,91.0,18.0,120.0,100.0,56
35.2,70.0,13.0,129.0,100.0,-43
36.44,64.0,21.0,121.0,100.0,-54
36.22,78.0,26.0,153.0,100.0,-50
37.3,88.0,15.0,113.5,98.0,-33
37.5,99.0,23.0,121.0,99.0,-4
37.1,81.0,10.5,124.5,100.0,-21
36.83,96.5,17.5,112.5,100.0,-45
36.83,65.0,15.0,89.0,100.0,-17
36.14,114.0,19.0,157.0,97.5,238
36.89,73.0,17.0,144.0,95.0,-16
35.72,56.5,12.0,99.0,100.0,-18
34.72,86.0,26.5,130.0,100.0,-46
36.4,91.0,13.5,94.0,100.0,-17
36.9,90.0,19.0,119.25,100.0,-18
36.06,62.0,21.0,133.0,100.0,-38
33.2,83.0,16.0,131.0,99.5,-39
36.2,71.0,17.0,115.0,98.0,-39
36.5,82.0,14.0,107.0,100.0,-19
36.61,105.0,22.0,69.0,95.0,-46
36.72,136.0,8.5,137.5,100.0,-8
38.44,97.0,16.0,122.0,100.0,-42
36.3,88.0,12.0,128.5,100.0,-54
36.5,90.0,12.0,141.0,100.0,-37
35.94,91.0,19.0,127.0,96.0,-46
38.28,58.0,19.0,146.0,100.0,16
37.0,90.0,14.5,128.0,100.0,-26
36.22,91.0,20.0,106.0,96.0,-18
36.44,80.0,16.0,112.0,97.0,-57
35.67,111.0,26.0,124.0,95.0,-36
36.39,85.0,19.0,192.0,98.0,-23
36.67,73.0,12.0,101.0,98.0,-10
36.5,93.5,14.0,115.0,96.5,-36
37.06,122.0,29.0,93.0,100.0,-34
36.28,86.5,14.0,108.5,100.0,-31
36.94,69.0,20.0,104.0,95.0,-48
35.56,74.0,16.0,156.0,100.0,-39
36.17,69.0,24.0,108.0,96.0,-47
36.05,73.0,11.5,106.5,99.0,-20
35.78,70.0,13.0,145.0,100.0,137
36.0,106.0,24.0,99.0,100.0,-42
37.17,71.0,17.0,131.0,94.0,-42
36.17,89.0,19.5,123.0,97.0,-13
36.22,66.0,22.0,147.0,100.0,-10
36.11,102.0,20.5,101.0,95.0,-42
37.22,106.0,18.0,101.0,100.0,155
36.2,85.0,14.0,98.5,100.0,-19
35.8,80.0,14.0,98.0,100.0,-14
38.56,112.0,16.0,141.0,100.0,-29
36.61,54.0,11.0,112.0,97.0,-31
34.72,98.0,22.5,100.0,99.5,-36
37.5,106.0,20.0,125.0,100.0,-25
37.17,124.0,30.0,122.0,94.0,-28
37.78,115.0,20.0,129.0,99.0,-40
37.06,82.0,18.0,142.0,98.0,-21
36.89,88.0,16.0,154.5,99.0,-40
38.44,98.5,14.0,103.5,100.0,-23
36.78,95.0,26.0,113.0,96.0,-54
37.4,93.0,15.5,103.5,100.0,-36
35.9,79.0,12.0,115.0,100.0,-23
36.35,88.5,12.5,111.5,100.0,-21
37.11,81.0,16.0,156.0,92.0,-25
37.94,91.0,18.0,140.0,98.0,-23
37.44,82.0,17.0,107.0,99.0,-37
37.5,94.0,16.5,118.0,98.0,-37
36.0,84.5,10.0,113.5,100.0,-23
36.33,68.0,11.0,120.0,99.0,-44
35.35,66.0,10.0,113.0,100.0,-18
37.11,86.5,14.0,92.0,100.0,-57
37.39,99.0,15.0,136.0,98.5,-46
35.45,80.0,12.0,100.0,99.0,-50
35.89,74.0,17.0,122.0,100.0,-15
36.22,73.0,18.0,125.0,98.0,-21
37.11,104.0,21.0,89.0,100.0,-20
36.22,89.5,15.5,127.5,97.5,-4
35.0,94.0,19.0,96.0,100.0,13
36.5,58.5,13.5,116.0,98.0,-28
36.11,79.0,35.0,144.0,97.0,-50
36.72,116.0,20.0,119.0,100.0,-40
36.56,73.0,16.5,126.0,95.0,-37
36.22,77.0,17.0,120.0,94.0,-36
36.83,97.0,16.5,118.5,100.0,-27
36.0,62.0,19.0,128.0,97.0,-42
37.11,82.0,24.0,142.0,96.0,-23
36.5,119.0,16.0,93.0,98.0,49
35.4,88.0,12.0,123.0,100.0,-34
37.0,73.5,18.5,138.0,94.0,-4
37.67,93.0,22.0,153.0,97.0,-36
37.28,81.0,23.5,140.0,97.5,-15
36.39,92.0,25.0,89.0,98.0,-20
36.67,96.0,19.0,126.0,94.0,-34
37.28,85.0,26.0,136.0,95.0,-49
37.06,80.0,19.0,132.0,97.0,-52
36.44,68.0,18.0,94.0,99.0,-42
33.1,81.5,23.0,119.5,100.0,-37
36.3,88.0,11.0,125.5,100.0,-41
36.94,90.0,19.0,146.0,98.0,-16
37.11,98.0,27.0,138.0,94.0,-47
36.11,54.0,16.0,116.0,96.0,-53
35.89,84.0,24.0,105.0,100.0,0
37.72,136.0,19.5,206.5,90.5,-42
36.94,103.0,18.0,105.0,96.0,12
36.67,64.0,14.0,125.0,97.0,-44
36.7,91.0,10.0,115.5,99.0,-36
36.61,64.5,19.0,97.75,97.0,-11
35.22,79.0,20.0,168.0,99.0,-23
35.78,103.0,18.0,126.0,95.0,-46
37.83,122.0,14.0,105.0,95.0,-50
37.5,109.0,21.0,82.0,100.0,7
37.44,105.0,26.0,115.0,96.0,-48
37.5,99.0,19.0,111.0,92.0,-41
36.56,93.0,18.0,136.0,99.0,-32
36.89,71.0,17.0,181.0,96.0,-32
38.11,98.0,20.0,142.0,97.0,-19
36.83,78.0,20.0,109.0,97.0,-40
36.5,99.5,16.25,131.0,100.0,-35
36.72,77.0,16.0,106.0,100.0,-24
36.83,115.0,16.0,135.0,95.0,-23
36.22,83.5,11.0,111.5,100.0,-43
35.33,59.0,18.0,129.0,100.0,-43
35.22,101.0,16.5,114.0,100.0,-36
36.1,80.0,12.0,95.0,100.0,-23
36.89,64.0,13.0,144.0,97.0,-19
37.17,63.0,14.5,117.0,99.0,-49
35.8,92.0,14.0,118.0,100.0,-39
38.06,119.0,18.0,140.0,100.0,-28
37.67,71.0,16.0,109.0,100.0,64
37.33,87.0,10.0,96.0,95.0,-35
38.89,130.0,34.0,128.0,95.0,-35
37.06,98.0,27.0,101.0,94.0,-23
37.11,53.0,14.0,146.0,100.0,-10
37.56,72.5,14.5,114.0,98.0,-40
36.83,76.0,41.0,174.0,96.0,76
37.0,84.0,19.0,134.0,99.0,-43
37.33,89.0,14.0,111.0,100.0,-47
36.22,75.5,14.5,82.5,99.0,-33
36.83,106.0,19.0,117.0,97.0,-38
37.78,73.0,13.5,109.0,99.5,-31
36.0,82.0,19.0,118.0,96.0,-28
37.11,66.5,14.0,104.0,100.0,-19
36.33,79.0,16.0,116.0,96.0,-42
36.83,62.0,24.0,185.0,94.0,-29
33.89,100.0,27.5,135.0,96.0,-58
36.4,80.0,14.0,117.0,100.0,-17
36.33,69.0,16.5,115.0,100.0,-43
34.83,86.5,24.0,108.0,94.5,-17
37.1,98.0,15.0,94.0,100.0,-42
35.5,88.0,13.5,106.5,96.5,-43
36.0,79.0,23.0,136.0,100.0,-44
35.89,74.0,10.0,117.0,100.0,-53
37.4,90.0,10.0,138.5,100.0,-33
36.89,95.5,21.0,135.0,100.0,-53
36.78,89.0,32.0,117.0,100.0,-27
36.78,82.0,15.5,124.0,95.5,-36
35.9,85.5,12.0,141.5,96.5,-21
34.89,90.0,14.5,100.0,100.0,-21
36.1,83.0,14.0,118.5,100.0,-17
36.89,97.0,26.0,127.0,94.0,-13
36.39,75.5,19.0,107.0,84.5,-7
36.17,78.5,13.25,170.0,99.5,-6
35.61,69.0,18.0,150.0,100.0,-36
35.9,88.0,12.0,126.5,100.0,-19
36.28,99.0,22.0,120.0,97.0,-22
35.7,101.0,12.0,107.0,100.0,-38
37.61,75.0,13.0,141.0,100.0,-14
36.0,87.0,10.75,80.0,100.0,-36
37.06,73.0,16.0,119.0,98.0,-16
35.4,60.0,15.0,120.0,100.0,-24
37.67,104.0,21.0,110.0,100.0,-42
37.56,110.0,37.0,129.0,95.0,-29
36.89,107.0,14.0,131.0,98.0,69
37.61,110.0,24.0,116.0,99.5,-22
35.5,104.0,40.0,141.0,92.0,-25
35.28,134.0,28.0,104.0,96.0,-27
36.83,125.0,17.0,145.0,100.0,-18
35.67,63.0,9.0,113.0,94.0,-41
36.56,110.0,10.0,94.0,100.0,-54
36.0,94.0,27.0,102.0,99.0,-11
37.17,84.0,14.0,87.0,100.0,-33
35.8,87.0,14.0,121.0,99.0,-32
36.65,88.0,10.0,106.5,100.0,-16
36.83,71.0,20.0,108.0,100.0,0
36.3,78.0,10.0,124.0,100.0,-49
36.78,109.0,16.0,117.0,94.0,-47
36.5,125.0,16.5,131.0,98.0,-49
35.17,45.0,14.0,162.0,100.0,-15
37.2,111.0,13.0,108.0,100.0,-52
36.11,107.0,22.0,143.0,93.0,-49
37.22,95.0,22.0,110.0,93.0,-43
34.72,114.0,10.0,120.0,100.0,-18
37.67,73.0,18.0,173.0,100.0,-19
36.67,70.5,19.5,121.0,100.0,-46
36.5,104.5,17.25,108.5,100.0,-37
37.0,78.0,21.0,121.0,96.0,-42
35.94,81.0,18.0,110.0,96.0,-15
35.67,91.0,21.0,96.0,94.0,-56
35.17,91.0,10.0,124.0,99.0,-42
36.72,99.0,14.0,102.0,100.0,-39
36.5,73.0,12.0,167.0,100.0,-12
37.0,84.0,12.0,122.0,100.0,-31
37.44,75.0,20.0,166.0,96.0,-16
36.83,82.0,21.0,120.0,87.0,-40
37.06,65.0,19.0,134.0,100.0,-43
37.78,79.5,17.5,152.0,94.5,-49
37.44,114.0,14.25,135.0,100.0,-28
36.72,90.0,29.0,141.0,100.0,-46
36.86,88.5,19.5,148.5,98.5,-25
37.56,83.0,16.0,155.0,96.0,-16
37.39,94.0,23.0,132.0,95.0,0
37.39,79.0,15.0,85.5,98.5,-7
37.17,75.0,24.0,149.5,99.0,-10
35.06,61.0,16.0,132.5,99.0,-35
36.06,57.0,9.0,150.5,99.0,-23
37.22,78.0,21.0,110.0,100.0,-54
35.5,92.0,17.0,120.0,97.0,-11
37.33,75.0,18.5,120.0,100.0,-26
35.94,60.0,12.0,156.0,100.0,-32
35.7,80.0,13.5,135.0,100.0,-20
36.17,51.0,12.0,113.0,96.0,-12
36.2,80.0,11.0,152.0,99.5,-43
34.56,72.0,14.0,112.0,100.0,-14
37.33,57.0,16.0,95.0,98.0,-10
36.28,90.0,11.0,163.0,99.0,-37
36.56,96.0,25.0,116.0,99.0,0
36.25,73.5,14.0,116.0,100.0,-24
38.11,105.0,20.5,88.0,99.0,-21
36.17,69.5,14.0,109.0,100.0,93
37.44,64.0,16.0,138.0,99.0,0
36.0,94.5,15.0,110.5,100.0,-37
35.6,88.5,12.0,108.0,100.0,-39
37.33,110.0,17.0,111.0,100.0,-32
36.56,79.0,12.0,130.0,100.0,-51
37.1,113.0,10.0,140.0,100.0,-40
36.0,75.0,12.0,97.0,100.0,-39
37.33,84.0,19.0,125.0,100.0,-37
37.78,109.0,20.0,174.0,93.0,-26
37.56,79.0,24.0,92.0,99.0,-12
37.67,113.0,22.0,92.0,97.0,-41
38.17,109.0,30.0,110.0,97.0,-41
37.22,103.0,22.0,88.0,98.0,-30
36.5,77.0,15.0,125.0,100.0,-38
36.33,92.0,14.0,142.0,100.0,-55
37.28,106.0,15.0,138.0,93.0,-26
37.11,83.5,14.5,138.5,99.5,-19
36.83,96.5,15.5,127.0,100.0,-28
36.2,87.0,12.25,117.0,100.0,-10
35.5,88.0,10.0,119.0,100.0,-31
38.0,72.0,11.0,143.0,100.0,-23
36.06,81.0,12.0,114.0,100.0,-32
38.33,67.0,10.0,107.0,100.0,-49
37.89,122.0,15.0,135.0,99.0,-39
36.11,65.0,20.0,119.0,99.0,-17
37.0,72.0,15.0,148.0,97.0,-35
34.44,77.0,12.0,114.5,100.0,-44
36.61,88.0,17.0,100.0,98.0,-52
38.11,104.0,15.0,149.0,98.0,-45
37.0,115.0,28.0,104.0,98.0,-13
35.72,61.0,11.0,95.0,100.0,-49
35.94,80.0,16.0,129.0,97.0,-44
37.0,98.0,19.0,127.0,100.0,244
36.33,57.0,12.0,158.0,100.0,-42
36.0,82.0,16.0,134.0,97.0,-36
38.3,92.0,14.0,91.0,97.0,-35
37.33,98.0,14.5,126.0,100.0,-13
35.94,85.0,16.0,116.0,97.0,-25
37.11,43.0,19.0,114.0,100.0,-14
35.83,64.0,17.0,127.5,99.0,-27
35.0,90.0,15.5,136.0,100.0,-44
36.33,71.0,17.0,143.0,99.0,-35
36.7,80.0,12.0,127.5,100.0,-20
36.78,80.5,11.5,121.0,100.0,-3
36.83,83.0,17.0,102.0,95.0,-47
34.6,63.0,24.0,125.0,97.5,-45
37.44,58.0,15.0,113.0,100.0,-11
36.17,77.0,14.0,92.0,97.0,-18
37.17,67.0,18.0,86.0,92.0,-24
38.11,126.0,26.0,115.0,100.0,-14
36.78,107.0,35.0,155.5,90.0,-45
37.0,93.0,14.0,98.0,100.0,-43
35.72,56.0,14.0,139.0,100.0,-13
35.5,86.0,21.0,92.0,100.0,-41
38.0,80.0,12.5,144.0,100.0,-36
35.72,114.0,34.0,124.0,100.0,-31
36.89,89.0,18.0,133.0,94.0,-43
37.11,76.0,14.5,108.0,98.0,-25
37.17,93.0,23.0,103.0,96.0,-38
36.4,87.0,15.5,132.0,100.0,0
36.44,90.0,16.0,138.0,99.0,-23
37.22,78.0,16.0,119.0,100.0,-37
36.22,101.0,21.0,172.5,98.0,-23
35.22,103.0,22.0,193.5,99.0,-16
37.3,78.0,14.0,106.0,100.0,-17
36.5,74.0,16.0,143.25,100.0,-16
37.44,57.0,21.0,127.0,96.0,-19
36.35,81.5,12.0,132.0,100.0,-40
35.85,70.5,12.0,124.5,100.0,-42
36.06,91.0,18.0,102.0,100.0,-44
36.11,94.0,19.0,133.0,99.0,-40
36.11,84.0,13.0,105.5,100.0,-48
37.28,86.0,23.0,117.0,99.0,-45
36.72,102.0,19.0,107.0,99.0,-10
36.17,124.0,20.0,112.0,95.0,-49
37.5,92.0,19.0,89.0,95.0,-41
37.28,62.0,10.0,106.5,100.0,-13
36.89,60.0,30.0,118.5,100.0,-48
36.0,88.0,23.0,112.5,99.5,-38
36.78,129.5,29.5,136.0,97.0,-43
37.0,115.0,28.0,124.5,97.0,170
36.72,84.0,20.0,159.0,95.0,23
36.61,63.0,13.0,132.5,97.5,-35
36.65,77.5,14.5,119.0,95.0,-12
35.22,94.5,15.25,118.0,100.0,57
35.4,80.0,15.0,104.0,100.0,-43
36.44,68.0,9.0,138.0,99.0,-27
37.67,88.0,19.0,114.0,91.0,-14
34.7,91.0,10.0,115.0,100.0,-38
36.22,109.0,15.0,128.0,97.0,-24
36.17,87.0,18.0,121.5,100.0,-20
36.6,94.0,17.0,129.0,100.0,-46
36.61,75.5,18.0,123.0,99.5,-15
35.56,75.0,8.5,96.5,100.0,-9
37.11,73.0,22.0,149.0,96.0,-53
39.0,103.0,18.0,135.0,99.0,-44
36.5,53.0,18.0,140.0,97.0,-2
35.22,77.0,12.0,102.0,100.0,-44
37.67,97.5,20.5,134.5,99.0,-56
37.56,102.0,20.0,125.75,98.5,-35
37.06,93.0,15.0,118.5,100.0,-54
37.45,93.5,15.5,100.0,100.0,-46
38.89,111.0,29.0,147.0,96.0,-24
37.17,81.0,24.0,140.0,99.0,-17
36.89,70.0,20.5,196.0,99.5,-18
36.11,96.0,20.0,97.0,99.0,-43
35.8,90.0,14.0,93.0,100.0,-22
37.33,96.0,15.0,152.0,99.0,-44
37.11,64.0,17.0,93.0,96.0,-43
36.0,95.0,12.0,113.5,100.0,-44
38.22,71.0,17.0,81.0,96.0,-42
36.61,67.5,17.0,133.0,99.0,-48
36.11,92.0,16.0,127.0,99.0,-18
37.11,96.0,17.0,161.0,99.0,-40
36.56,86.0,10.0,121.0,93.0,-14
35.28,59.0,34.0,105.5,96.0,-51
36.9,92.0,10.0,96.0,100.0,-48
36.78,95.0,16.0,95.0,96.0,-28
35.61,123.0,16.0,100.0,100.0,4
36.33,71.0,21.5,108.5,98.0,-44
35.0,102.0,14.5,111.5,100.0,-49
38.11,125.0,34.0,128.0,100.0,-56
37.0,115.0,12.5,126.0,97.0,-40
36.11,79.5,10.0,100.5,100.0,-33
35.78,73.5,14.0,112.5,100.0,-19
37.22,114.0,37.0,120.0,97.0,-33
37.0,55.0,22.5,132.5,86.0,-55
38.39,94.0,18.0,113.5,97.0,-35
36.89,70.0,14.0,119.0,95.0,12
35.6,88.5,12.0,107.0,100.0,-43
37.72,102.0,23.5,139.5,95.0,-44
36.28,128.0,24.0,82.0,89.5,0
37.0,75.0,21.5,134.0,97.0,243
37.39,87.0,14.0,160.0,99.0,-38
37.89,70.5,17.0,154.0,96.5,-37
35.89,57.0,19.0,151.0,99.0,-49
36.2,84.0,14.0,113.0,100.0,-20
36.78,98.0,17.0,123.0,100.0,-33
37.83,89.0,17.0,116.0,100.0,-12
35.25,80.0,12.0,96.0,100.0,-43
35.8,80.0,14.5,129.5,100.0,131
35.56,91.0,35.0,101.0,99.0,-25
37.39,73.0,14.0,118.0,100.0,-29
37.5,74.0,24.0,155.0,97.0,-28
37.06,75.0,13.0,109.0,100.0,-48
35.85,73.0,14.0,95.0,100.0,-14
35.5,80.0,12.0,142.0,100.0,-19
37.0,62.0,19.5,145.0,98.0,-55
37.17,94.0,15.0,141.0,96.0,-49
37.11,104.0,16.0,152.0,95.0,-50
36.22,78.0,19.0,98.0,95.0,-20
36.33,80.0,16.0,72.0,95.0,-36
37.61,94.0,25.0,135.0,94.0,-42
36.5,83.0,18.0,119.75,100.0,-45
34.9,88.0,10.0,115.5,100.0,-43
37.22,90.0,15.0,128.0,97.0,-21
37.11,95.0,21.0,138.0,96.0,-44
37.94,70.0,23.0,131.0,96.0,-12
36.67,70.0,12.0,137.0,97.0,-20
35.7,89.5,10.0,125.0,100.0,-32
36.56,67.0,18.5,144.0,100.0,-56
37.56,96.0,18.0,142.0,100.0,1
36.94,111.0,21.0,94.0,95.0,-34
36.8,91.0,14.0,114.0,100.0,-17
37.0,110.0,15.5,135.0,100.0,-42
36.67,85.0,12.0,136.5,99.0,-21
36.78,104.0,21.0,91.0,96.0,59
36.78,48.0,14.5,142.0,100.0,-7
36.1,93.0,14.0,103.0,100.0,-35
38.7,114.0,13.0,108.5,100.0,-49
36.72,56.0,23.0,134.0,94.5,-13
36.22,103.0,24.0,104.0,98.0,-23
37.2,87.0,12.0,113.5,100.0,-17
36.06,83.0,19.0,130.0,96.0,-36
36.44,100.0,16.0,112.0,98.0,-23
37.17,101.0,20.0,131.0,100.0,-42
38.11,108.0,17.0,140.0,96.0,-20
35.83,73.0,12.0,115.0,99.0,-54
36.4,88.0,10.0,108.0,100.0,-38
36.94,105.0,27.0,107.0,100.0,75
35.89,64.0,14.0,142.0,94.0,-4
35.72,74.0,16.0,116.0,97.0,-44
35.8,100.0,19.0,125.0,98.0,-54
36.67,91.5,20.0,121.5,97.0,-42
35.72,78.0,14.5,114.0,97.0,-39
35.89,68.0,26.0,113.0,100.0,-41
36.1,79.0,16.0,110.5,100.0,-48
34.94,71.0,12.0,110.0,100.0,-36
36.72,79.0,20.0,134.0,99.0,-49
36.78,87.0,15.5,95.5,96.5,-50
35.9,99.0,14.0,122.0,100.0,-30
37.22,135.0,17.0,113.0,100.0,0
36.44,110.0,16.0,70.0,100.0,-52
36.3,87.0,14.0,106.0,100.0,-44
37.5,85.5,24.0,121.0,99.0,-38
37.39,101.0,19.0,118.0,97.0,-15
36.28,115.5,10.0,137.5,100.0,-42
38.28,89.0,14.0,100.0,97.0,-41
37.89,94.5,18.5,148.0,99.0,-54
37.5,114.0,15.0,150.0,99.0,-24
36.56,104.0,24.0,113.0,90.0,-52
36.22,88.0,12.0,123.0,100.0,-40
37.0,87.0,15.0,132.0,92.0,-23
37.72,95.0,22.0,124.0,98.0,-32
36.56,74.0,22.0,70.0,88.0,-18
36.45,83.5,10.0,127.0,100.0,-51
33.89,74.0,13.0,117.5,100.0,-14
38.17,128.0,13.5,122.0,99.0,-54
37.83,62.0,12.0,142.0,100.0,22
36.89,83.0,15.0,145.0,100.0,-46
36.44,85.5,14.0,130.0,100.0,-14
37.56,102.0,11.0,104.0,99.0,-5
36.89,67.0,20.0,116.0,100.0,-21
36.61,50.0,28.0,168.0,100.0,-15
35.61,102.0,32.0,122.0,98.0,-28
36.28,57.5,12.0,132.75,100.0,98
35.61,88.0,12.0,116.0,100.0,-15
38.78,89.0,19.0,127.0,99.0,-47
34.75,80.0,12.5,94.5,100.0,-35
35.78,61.0,16.0,142.0,99.0,-46
36.61,55.0,31.5,120.5,98.0,-22
36.56,98.0,28.0,93.0,97.0,-33
37.56,106.0,16.0,109.0,100.0,-42
37.39,76.0,20.0,110.0,98.0,-45
36.78,54.0,16.0,103.0,99.0,-8
37.33,66.0,14.0,114.5,99.0,-42
36.11,69.0,16.0,110.0,97.0,-14
37.0,67.0,19.0,115.0,100.0,-32
36.7,70.0,14.0,109.5,100.0,-18
36.72,115.0,21.75,151.0,99.5,-23
38.22,82.0,25.0,110.0,95.0,-55
36.2,63.0,10.0,173.0,97.0,-41
35.78,78.5,17.0,117.5,99.0,-38
36.67,90.0,16.0,107.0,94.0,-11
37.94,99.0,19.0,107.0,100.0,-24
36.39,91.0,20.0,175.0,99.0,-47
36.56,79.0,21.0,130.0,100.0,20
35.8,90.0,16.0,102.5,99.5,-51
36.39,99.0,16.0,161.5,95.5,-37
35.35,98.0,12.0,95.5,100.0,-36
36.39,42.0,15.0,106.0,98.0,-43
37.1,85.0,12.0,98.5,100.0,0
36.39,107.5,19.5,126.5,99.0,-50
38.44,107.5,24.0,88.5,95.0,3
35.89,106.0,39.0,156.0,100.0,-33
35.2,97.0,12.0,115.0,100.0,-10
36.72,99.0,22.5,129.0,100.0,-37
36.22,67.5,16.0,110.5,98.0,-26
36.39,82.0,19.0,136.0,97.0,-9
35.78,82.0,14.5,105.0,100.0,-6
36.78,70.0,14.0,109.5,100.0,-19
37.33,78.0,18.0,166.5,100.0,-42
36.5,81.0,10.0,119.0,100.0,57
37.17,79.0,19.0,88.0,100.0,-33
35.39,65.0,26.0,142.0,94.0,-46
36.44,79.0,19.0,79.0,95.0,-6
37.56,87.0,18.0,108.0,99.0,-28
36.22,69.5,14.0,104.0,100.0,-27
37.0,71.0,17.0,105.0,99.0,-58
33.6,67.0,16.0,100.0,100.0,-17
36.83,80.0,16.0,141.0,97.0,-19
37.39,76.5,17.0,143.5,95.0,0
36.0,91.0,11.0,94.0,93.0,0
37.06,75.0,17.0,108.0,90.0,-28
37.33,116.0,17.0,147.0,99.0,-53
37.06,55.5,14.0,129.0,98.5,-54
37.22,103.5,12.5,137.0,99.5,-41
36.11,78.0,19.0,138.0,98.0,-13
36.06,91.0,34.0,103.5,99.5,-332
36.06,99.0,32.0,141.0,100.0,-34
36.7,79.0,17.0,101.0,99.5,-44
37.5,70.5,18.0,109.0,98.0,-54
37.06,67.0,9.0,138.0,100.0,-46
36.0,60.0,5.0,156.0,100.0,-39
37.39,80.0,14.0,114.5,100.0,-37
37.44,70.0,18.0,119.0,99.0,-53
36.11,81.0,16.0,146.5,100.0,-49
36.44,55.0,18.0,113.0,100.0,-25
37.22,53.0,23.0,161.0,97.0,-13
36.5,79.0,22.0,108.0,97.0,-23
36.44,59.0,18.0,128.0,97.0,-45
36.06,87.0,19.0,101.0,91.0,-29
35.94,74.0,22.0,104.0,95.0,-24
36.22,83.0,8.0,142.0,100.0,-54
36.17,98.5,10.0,123.5,100.0,-42
36.11,77.0,19.0,102.5,98.0,-42
37.06,94.0,16.5,109.0,99.5,-38
35.22,82.0,12.0,102.0,100.0,-32
36.56,103.0,24.0,113.0,96.0,-39
37.0,111.0,32.0,78.0,87.0,-6
37.44,92.0,17.75,108.0,100.0,-16
36.78,88.0,18.0,108.0,100.0,-43
37.0,94.5,14.0,108.0,97.5,-54
37.95,72.5,18.0,111.0,99.0,0
36.6,84.0,16.0,121.0,99.5,-21
36.78,82.0,16.0,133.0,99.0,14
36.33,63.0,18.0,118.0,100.0,-41
36.85,80.0,10.0,117.0,100.0,-9
37.56,95.0,15.0,111.0,100.0,-56
37.39,95.0,19.0,125.0,100.0,-14
36.89,104.0,13.0,107.0,98.0,-54
36.33,97.5,22.5,115.0,99.0,-45
36.5,70.5,17.5,121.0,93.5,-30
36.5,88.0,22.0,112.5,100.0,-32
34.11,76.5,15.0,101.5,100.0,-18
36.61,60.5,17.5,125.5,95.5,-35
36.67,65.5,12.0,112.0,100.0,-17
36.42,82.0,11.0,98.0,100.0,-39
36.89,65.5,14.0,147.0,98.5,-51
37.56,59.0,15.0,136.0,97.0,-27
35.67,93.5,22.5,93.5,100.0,8
35.06,58.0,27.5,122.0,100.0,0
36.67,88.0,15.0,106.0,100.0,-26
37.56,86.0,17.0,108.0,99.0,-42
36.0,85.0,14.0,116.0,100.0,-41
36.2,84.0,11.0,115.5,100.0,-20
36.5,80.0,12.0,97.0,99.0,-47
37.56,78.0,14.0,108.0,98.0,52
35.94,91.0,20.0,107.0,99.0,-30
39.06,110.0,17.0,78.0,93.0,-49
35.72,93.0,12.0,106.0,100.0,-39
37.61,89.0,28.0,181.0,94.0,-54
38.0,87.0,30.0,96.0,95.0,0
36.67,110.0,21.0,109.0,100.0,-34
36.78,121.0,32.0,96.0,93.0,-36
36.78,84.5,15.0,103.5,99.0,-41
36.61,80.0,16.0,115.0,95.0,-36
36.56,70.5,23.0,128.5,94.0,-43
37.17,71.0,20.0,128.0,98.0,-48
36.11,108.0,15.0,169.0,99.0,-20
35.17,108.0,27.0,106.0,91.0,-44
37.61,93.0,30.5,119.0,82.0,-24
36.89,91.0,20.0,106.0,97.0,-38
37.78,65.0,14.0,104.0,100.0,-35
36.56,53.5,11.5,133.0,96.0,-55
37.0,88.0,13.5,129.0,100.0,-19
38.44,139.0,18.5,104.0,72.0,-45
37.0,90.0,23.0,97.0,96.0,-18
37.22,114.0,14.5,129.0,100.0,-38
34.2,80.0,13.5,108.0,100.0,-23
36.78,100.0,18.0,118.0,97.0,-3
37.17,89.0,18.0,137.0,94.0,-57
35.9,102.0,12.0,130.0,100.0,-21
36.89,120.0,14.0,108.0,100.0,-47
36.5,93.5,10.5,110.5,100.0,-31
37.0,98.5,20.5,108.5,100.0,43
36.33,70.0,14.0,98.0,99.0,-13
36.0,95.0,14.0,156.0,100.0,-57
37.11,78.0,21.0,131.0,95.0,-23
37.11,99.0,16.0,124.0,100.0,-21
36.45,100.0,12.0,119.5,100.0,-45
37.22,105.0,17.0,133.0,100.0,-19
37.33,60.0,15.0,150.5,99.0,34
36.78,74.5,14.0,165.5,99.5,-25
36.5,96.0,10.0,130.0,100.0,-47
37.22,94.0,15.0,81.0,100.0,-12
36.89,96.0,22.0,151.0,93.0,-49
35.8,84.0,14.0,105.0,100.0,-26
36.83,110.0,22.0,130.0,100.0,-20
36.6,68.5,12.0,123.5,99.0,-20
37.06,102.0,22.0,135.0,94.0,-49
36.11,77.0,23.0,96.0,94.0,-35
34.83,80.0,12.5,133.0,99.0,-17
32.22,133.0,25.0,84.5,100.0,6
36.2,90.0,10.0,117.0,98.5,-57
37.0,75.0,18.0,114.0,99.0,-4
37.44,90.0,22.0,136.0,90.0,-36
37.0,75.0,22.0,140.5,99.0,-29
36.5,70.0,16.0,118.0,96.0,-15
38.61,129.0,47.0,133.0,93.5,-55
36.72,71.0,16.5,129.5,95.5,-16
37.56,81.0,20.0,106.0,93.0,-36
37.22,90.0,22.0,70.0,46.0,-4
37.61,80.0,15.0,113.0,95.0,-50
37.39,90.0,17.0,121.0,96.0,-7
36.0,69.5,16.0,110.5,100.0,-42
37.2,102.0,18.0,151.0,92.0,-38
35.0,87.0,12.0,105.5,100.0,-56
36.0,83.5,14.0,144.0,98.5,64
36.44,92.0,15.0,136.0,100.0,-15
38.1,103.0,22.0,139.0,100.0,-54
36.5,81.5,23.0,123.5,100.0,-42
38.44,98.0,28.0,141.0,98.0,-47
35.56,87.0,23.0,144.0,98.0,-15
36.78,92.0,29.0,90.0,97.0,-11
37.22,98.0,25.0,129.0,100.0,-22
38.22,69.0,22.0,131.0,98.0,-18
36.56,79.0,12.0,104.0,96.0,39
36.72,99.0,29.0,119.0,100.0,9
36.67,69.0,17.0,140.0,99.0,-37
36.28,75.0,14.0,130.0,98.0,-25
36.11,86.0,15.5,103.0,100.0,-38
36.28,92.0,22.0,136.5,95.0,-34
35.6,76.0,14.0,118.0,95.0,-42
36.2,88.5,11.0,112.5,100.0,-35
38.78,118.0,23.5,110.5,86.0,-38
37.72,109.0,24.0,94.5,98.0,-46
36.06,114.0,13.5,168.0,96.0,-19
36.72,64.0,18.0,114.0,100.0,-24
36.67,72.0,25.0,114.0,97.0,-57
35.22,83.0,18.5,135.5,100.0,-41
35.89,82.0,10.0,130.0,100.0,-31
36.22,70.0,18.0,132.0,98.0,-14
37.67,90.0,15.0,124.0,95.0,-49
37.61,72.0,20.0,129.0,93.0,-16
36.39,61.0,13.0,143.0,100.0,-53
36.56,61.0,14.0,111.0,98.0,-42
36.56,94.0,20.0,102.0,95.0,-37
36.22,86.0,13.5,138.0,99.0,-26
38.1,97.0,22.0,89.0,96.0,0
37.28,109.0,15.5,105.5,97.0,-23
35.4,66.0,14.0,129.0,99.0,-39
36.44,105.0,14.0,121.0,96.0,-4
38.0,95.0,19.0,149.5,97.0,-40
36.8,93.0,10.0,111.0,99.5,-17
36.56,102.0,28.0,123.0,97.0,-49
37.22,91.0,19.0,112.0,97.0,-34
35.28,60.0,16.0,115.0,99.0,-34
36.94,61.0,19.0,129.0,98.0,-15
36.33,82.0,22.0,143.0,97.0,-18
36.33,69.0,14.0,88.5,96.0,-20
35.65,80.0,16.0,148.0,100.0,-45
37.33,90.0,12.0,98.0,100.0,-36
35.78,71.0,12.0,86.0,100.0,-38
35.89,76.0,16.5,213.0,97.0,-46
35.6,82.0,12.0,97.0,100.0,-31
36.65,80.0,12.0,98.0,100.0,-24
36.3,89.0,18.5,118.0,100.0,-20
37.5,84.0,24.0,121.0,98.0,-25
35.61,76.0,32.5,148.0,98.0,-27
35.06,75.0,17.0,125.5,100.0,-10
36.89,97.0,20.0,100.0,93.0,0
35.72,73.0,18.0,127.0,93.0,-35
36.44,84.5,14.0,122.5,100.0,-17
37.28,82.0,23.0,87.0,93.0,-18
37.17,115.0,16.0,142.0,97.0,-24
36.78,63.0,20.0,129.0,99.0,-16
37.5,112.0,20.0,90.5,97.0,-42
37.89,110.5,18.5,117.0,97.0,-36
36.89,60.0,18.0,117.0,93.0,-54
36.83,76.0,12.0,117.5,99.0,-25
36.72,70.0,12.0,98.0,100.0,-14
35.4,84.0,12.0,85.0,100.0,-39
35.7,80.0,14.0,118.0,100.0,-53
35.89,91.0,22.0,124.0,98.0,-19
36.11,81.0,18.0,101.0,98.0,-40
36.89,83.0,14.0,128.0,97.0,-25
37.11,71.0,16.5,117.0,100.0,40
37.0,121.0,26.0,110.0,93.0,-51
36.39,54.5,9.5,152.0,100.0,-43
36.22,76.0,8.0,125.0,100.0,-17
35.61,71.0,16.0,159.0,100.0,-57
35.95,80.0,8.0,131.5,96.5,-26
35.78,111.0,24.0,103.0,99.0,-24
36.5,55.0,14.0,165.0,100.0,100
35.83,101.0,15.0,134.0,99.0,-16
36.11,100.0,30.0,120.0,98.0,56
36.89,90.0,21.0,161.0,94.0,-39
36.1,80.0,14.0,143.0,100.0,-30
37.33,126.0,15.0,145.0,90.0,0
37.17,96.0,16.0,110.0,100.0,-35
35.25,83.0,10.0,129.0,100.0,-22
37.06,79.0,20.0,166.0,97.0,-13
37.06,71.0,18.5,143.0,99.0,-39
36.4,69.0,13.5,100.0,98.0,-21
37.0,118.5,29.0,136.0,96.0,0
35.6,73.0,12.0,97.0,100.0,-29
37.06,81.5,15.0,105.5,93.5,-19
38.61,89.0,12.5,109.0,98.5,-48
36.78,87.0,21.0,160.0,98.0,-26
35.9,88.0,10.0,122.0,100.0,-20
37.0,83.0,28.0,147.0,98.0,-39
35.5,90.5,12.75,103.0,100.0,-55
36.78,91.0,20.0,106.0,100.0,-51
38.28,97.0,16.0,125.0,97.0,0
37.5,89.5,10.0,130.5,99.0,-49
37.5,67.0,18.0,125.0,95.0,-51
35.61,59.0,16.0,120.0,100.0,-26
37.72,97.0,22.0,118.0,95.0,-10
35.06,124.0,13.5,133.0,96.0,-29
35.94,65.0,18.0,122.0,100.0,-23
38.17,88.0,12.0,102.5,100.0,-56
36.17,83.0,16.5,128.0,100.0,-29
36.11,65.0,10.0,134.0,100.0,-31
38.06,128.0,12.0,100.0,100.0,-52
37.78,112.0,26.0,115.0,99.0,-5
37.5,88.0,17.5,138.0,98.0,-47
35.7,75.0,12.0,101.0,100.0,-30
36.89,102.0,25.0,130.0,97.0,-50
37.0,95.0,24.0,149.0,99.0,-16
36.72,70.5,11.0,82.0,98.0,-49
35.5,84.0,12.5,106.0,100.0,-24
36.89,78.0,20.0,165.0,100.0,-42
36.7,80.0,20.0,99.0,100.0,-17
37.0,86.0,12.5,98.0,100.0,-39
36.22,59.0,13.0,90.0,97.0,-3
37.06,97.0,27.0,111.0,94.0,-45
38.89,112.5,18.5,130.0,99.0,89
35.55,81.0,12.5,100.5,100.0,-41
36.33,79.0,8.0,107.0,99.0,-31
36.39,57.5,25.5,111.5,96.5,-40
36.28,64.0,19.0,143.0,98.0,30
36.22,94.5,33.5,130.0,98.0,-50
36.44,60.0,15.0,99.0,100.0,-9
36.56,85.0,16.0,121.0,99.0,-46
36.05,77.5,14.0,110.5,99.5,-27
35.05,94.0,14.0,108.0,100.0,-35
36.0,116.0,14.0,141.5,99.0,-43
36.33,72.0,13.0,87.0,99.0,-21
35.83,61.0,14.0,128.0,97.0,-21
36.28,106.0,19.0,81.5,94.0,-31
36.28,111.0,19.0,108.0,93.0,-12
35.9,73.5,14.0,107.0,100.0,-21
37.06,63.0,16.0,114.0,98.0,-20
36.56,58.0,19.0,139.0,100.0,4
37.61,110.0,22.0,101.0,98.0,-19
36.94,69.5,15.5,138.5,97.5,-38
36.22,71.5,31.5,123.0,100.0,-15
37.67,81.5,16.0,144.0,100.0,-57
36.33,77.0,14.0,93.0,95.0,-29
35.61,87.5,17.5,165.0,100.0,-44
37.58,75.0,25.0,173.0,97.0,-53
35.33,80.0,14.0,97.0,100.0,-18
36.33,82.0,17.0,129.0,97.0,-38
37.11,54.0,10.0,115.0,100.0,-15
35.89,77.0,18.0,134.0,100.0,-35
35.15,97.0,14.0,136.0,100.0,-40
37.11,98.0,28.0,114.0,100.0,-37
37.0,87.0,32.0,90.0,100.0,13
36.56,94.0,28.0,110.0,100.0,-28
36.22,79.0,21.5,92.0,99.5,-49
36.14,106.0,14.0,112.0,100.0,-33
36.67,90.0,14.0,108.0,97.0,-15
37.22,99.0,22.0,106.0,99.0,-13
35.56,69.0,14.0,106.0,100.0,-14
34.36,65.0,17.5,81.0,100.0,-17
36.89,70.0,17.0,149.0,95.0,-36
38.11,116.0,24.0,125.5,95.0,-21
36.2,65.0,16.0,123.0,100.0,-24
36.22,57.0,12.0,101.0,93.0,-53
37.06,86.0,30.0,117.0,99.0,-42
36.5,77.0,14.0,131.0,100.0,-21
36.0,70.0,19.0,122.0,100.0,-44
37.83,65.0,15.5,154.0,100.0,4
38.11,110.0,21.0,143.0,100.0,0
35.61,102.0,19.0,122.0,99.0,-21
35.83,85.0,22.0,106.0,92.5,-9
36.33,90.5,21.0,110.5,96.0,-24
36.89,69.0,16.0,103.0,96.0,-15
38.17,135.0,38.0,63.5,100.0,11
36.61,96.0,24.0,87.0,94.0,-52
36.9,86.0,12.0,100.0,100.0,-53
35.89,65.0,13.0,154.0,99.0,-25
37.06,59.0,12.0,91.0,100.0,-35
37.0,89.0,14.0,106.0,97.0,-25
37.6,93.0,25.0,134.0,100.0,-57
37.06,69.0,17.0,83.0,100.0,61
35.6,82.0,12.0,111.0,100.0,-46
35.44,86.0,18.0,92.0,100.0,-30
36.11,81.0,24.0,128.0,100.0,-35
37.56,99.0,32.0,115.0,97.0,-20
34.56,89.0,14.0,130.0,100.0,-42
36.25,94.0,14.0,101.0,100.0,-28
36.2,80.0,15.5,124.0,100.0,-30
36.94,84.0,22.5,92.0,100.0,-39
37.78,107.0,16.0,109.0,95.0,-44
36.17,74.0,18.0,146.0,99.0,-30
35.56,70.0,17.0,123.0,96.0,-5
36.17,88.0,10.0,144.0,100.0,-36
35.4,92.0,13.0,91.0,95.0,-48
37.0,85.0,11.0,121.0,85.0,-43
36.5,105.5,14.5,117.0,96.0,-51
36.1,87.0,16.0,145.5,100.0,-14
36.22,73.0,18.0,116.0,100.0,-24
37.22,88.0,18.0,104.0,100.0,-13
37.67,100.0,18.0,125.0,100.0,-27
36.11,144.5,35.0,126.0,99.5,-24
35.94,56.0,15.0,108.0,100.0,-32
36.6,90.0,21.0,126.0,100.0,-47
37.0,100.0,20.0,120.0,99.0,-49
37.11,64.0,16.0,92.0,98.0,-19
36.61,87.0,17.0,115.0,100.0,-7
37.3,100.0,18.0,98.0,100.0,-23
36.72,74.0,11.0,78.0,100.0,-34
34.6,82.5,14.0,116.0,100.0,-48
35.17,71.5,22.0,114.0,100.0,-17
37.9,71.0,20.0,110.0,95.0,140
37.05,90.0,12.5,110.5,100.0,-38
36.11,73.0,16.0,109.0,98.0,-14
39.78,137.0,29.0,98.0,100.0,52
37.5,80.0,36.0,115.0,99.0,-39
36.67,128.0,32.0,97.0,80.0,0
38.0,144.0,34.0,134.5,98.0,37
37.0,91.0,12.0,139.0,99.0,-53
37.67,101.0,18.0,142.0,96.0,-13
35.94,80.0,15.0,137.0,90.0,-22
35.78,138.0,16.0,105.5,100.0,-35
36.83,47.0,14.0,164.0,99.5,-26
35.35,102.5,10.0,119.0,99.0,-19
36.56,77.0,16.0,133.0,94.0,284
36.72,60.0,24.0,94.0,99.0,-44
37.44,101.0,14.0,129.5,95.0,-49
38.39,134.5,24.5,105.0,97.0,-38
38.0,109.0,16.0,128.0,97.0,-28
36.78,77.0,12.0,146.0,100.0,-40
35.5,63.5,11.0,110.0,100.0,-36
36.44,89.0,24.0,86.0,91.0,-44
37.0,69.0,14.0,147.0,98.0,-53
35.33,55.5,12.0,142.0,100.0,41
35.7,95.0,3.0,98.0,100.0,-36
36.11,70.0,20.0,154.0,72.0,-14
36.0,71.5,27.0,96.0,97.0,-45
35.83,104.0,23.0,149.0,100.0,-44
37.0,79.0,15.0,120.0,100.0,-34
38.0,102.0,28.0,135.0,97.0,0
38.33,91.5,23.0,89.5,77.5,-1
37.17,93.0,16.5,112.5,100.0,109
36.78,61.0,14.0,142.0,97.0,-19
36.28,77.0,26.0,93.0,91.0,-33
35.83,60.0,15.0,137.0,100.0,-25
36.72,98.0,18.5,91.0,98.0,-37
37.72,72.0,14.0,102.0,95.0,-56
35.56,115.0,22.0,112.0,98.0,0
37.17,87.0,24.0,143.0,96.0,-21
37.11,79.0,15.0,77.0,100.0,-26
36.89,90.0,20.0,154.0,100.0,-31
36.44,59.0,14.0,171.0,98.0,-38
36.39,63.0,16.0,156.0,97.0,-14
36.56,102.0,20.0,145.0,97.0,-29
36.22,76.0,18.0,112.0,100.0,-13
35.4,89.0,8.0,117.0,100.0,-35
36.67,62.0,16.0,131.0,98.0,-16
36.56,83.0,20.0,132.0,98.0,-40
37.0,110.0,12.0,133.0,100.0,-14
36.28,66.0,15.0,114.0,97.0,-11
36.89,79.5,14.5,147.5,100.0,-40
37.39,104.0,19.0,121.0,99.0,-18
37.06,117.0,14.5,128.0,100.0,-61
36.17,87.0,30.0,118.0,96.0,-48
37.06,85.0,10.0,121.0,100.0,-42
36.6,84.0,13.0,112.0,99.0,-51
36.67,55.5,19.0,119.5,100.0,-34
35.33,109.0,20.0,95.0,95.0,37
36.56,109.0,12.0,130.0,100.0,-28
36.78,101.0,31.0,109.0,92.0,-51
37.39,85.0,30.0,164.0,96.0,-4
35.8,90.0,15.5,110.5,100.0,-24
36.94,96.0,9.0,104.0,97.0,-27
36.5,110.5,12.0,107.5,100.0,-25
37.11,88.0,28.0,123.0,99.0,-39
36.67,71.5,16.0,112.0,94.0,-31
37.5,118.0,17.0,126.0,100.0,-45
36.39,78.0,17.0,121.0,96.0,-40
32.94,62.0,18.0,117.5,100.0,-25
38.33,83.0,16.0,92.0,97.0,-40
36.4,88.0,13.0,122.0,98.0,-20
36.78,92.5,14.0,146.0,100.0,-57
36.33,69.0,18.0,116.0,97.0,-17
36.17,51.0,15.0,113.0,100.0,-37
36.2,82.0,12.0,115.0,100.0,-39
35.5,122.5,24.0,103.5,98.0,-27
37.17,127.0,20.0,116.0,98.0,-51
36.78,77.0,21.0,111.0,94.0,-37
37.06,84.0,18.0,103.0,98.0,-31
36.0,78.0,17.0,112.0,99.0,-19
37.5,63.0,20.0,147.0,97.5,-49
35.83,68.0,16.0,100.0,98.0,-46
37.5,68.0,16.0,161.0,100.0,-53
36.78,81.0,17.0,113.5,97.5,-39
35.5,91.0,14.0,132.0,100.0,-37
36.0,77.0,28.0,154.0,100.0,-23
36.11,76.0,19.0,162.0,100.0,-41
36.22,112.0,29.0,110.0,95.0,0
36.17,85.0,17.0,140.0,100.0,-50
36.28,75.0,24.0,107.0,94.0,-3
35.56,74.0,21.0,129.5,97.0,-44
36.89,87.0,21.0,239.5,99.5,-29
38.11,101.0,24.0,194.0,99.0,18
36.39,68.0,17.0,90.0,96.0,-19
37.0,106.0,30.0,95.0,93.0,-44
35.44,72.0,14.0,93.0,100.0,-37
36.06,95.0,22.0,166.0,96.0,-52
36.56,152.0,21.0,95.5,97.0,-44
35.89,56.0,6.0,122.0,100.0,-13
35.72,78.0,20.0,113.0,93.0,-34
37.0,82.0,18.0,162.0,80.5,-37
35.78,123.0,16.0,98.0,100.0,-44
32.9,64.0,30.0,112.0,93.0,0
36.33,73.0,17.5,125.0,100.0,-9
36.15,90.0,6.5,121.0,100.0,-13
34.61,69.0,14.0,129.0,100.0,-48
37.67,79.0,18.0,157.0,99.0,-52
36.56,94.0,25.0,82.0,100.0,-31
37.39,90.0,20.0,91.0,100.0,33
33.4,88.0,12.0,117.0,99.0,-44
37.11,62.0,8.5,123.5,100.0,-38
37.39,102.0,20.0,163.0,99.0,-18
35.5,90.5,12.0,114.5,100.0,-39
37.28,78.0,20.0,90.0,95.0,44
37.22,111.0,24.0,134.5,92.0,-47
36.53,66.0,13.0,122.0,100.0,-54
34.89,91.5,21.5,105.0,98.5,-21
35.65,89.5,14.0,99.0,100.0,-27
37.17,77.0,23.0,101.0,97.0,-34
37.0,70.0,24.0,168.0,96.0,-27
35.7,82.5,12.0,103.5,100.0,-15
34.39,60.0,18.0,120.0,100.0,-31
34.83,70.5,16.0,106.0,96.5,32
36.67,74.0,23.0,112.0,93.0,-15
36.61,102.5,17.0,103.0,97.5,-39
37.22,107.0,30.0,138.0,98.0,-56
36.94,60.0,25.0,113.0,98.0,-8
35.06,50.5,18.0,130.0,100.0,-47
36.22,79.0,15.0,132.0,99.0,-17
36.72,75.0,17.0,119.0,100.0,-54
36.44,100.0,21.0,90.0,100.0,-35
36.44,101.0,14.5,105.0,99.0,-26
35.78,80.0,10.0,123.0,100.0,-16
36.39,86.0,27.0,82.0,98.0,-58
37.44,83.0,14.0,165.0,93.0,-14
37.0,119.0,21.0,111.0,99.0,-16
37.56,95.0,21.0,85.0,100.0,-19
35.1,84.5,14.0,116.0,100.0,-19
35.5,90.0,15.0,129.0,100.0,-18
37.33,71.0,21.0,92.0,98.0,-28
36.44,45.0,18.0,119.0,100.0,-13
37.22,84.0,16.0,123.0,95.0,-36
36.56,99.0,19.0,151.0,100.0,39
35.5,83.0,18.0,97.0,99.0,-47
35.15,57.0,12.0,169.0,100.0,-39
37.56,96.0,19.0,155.0,98.0,-14
36.33,82.0,13.0,126.0,98.0,-25
36.72,86.5,21.25,155.0,99.0,175
38.06,94.0,20.0,110.0,97.0,-21
37.33,97.0,24.0,123.0,94.0,13
36.83,105.0,18.0,132.0,98.0,-25
36.61,76.0,15.5,119.0,99.5,-23
37.94,89.5,27.0,108.0,99.0,-45
38.39,99.0,18.0,147.0,94.0,-52
36.61,92.0,23.0,102.0,96.0,-21
37.78,89.0,13.0,109.0,100.0,-33
36.11,67.0,17.0,102.0,94.0,-21
36.11,67.0,15.0,112.0,94.0,-17
36.67,79.5,20.5,146.75,99.0,-39
37.17,74.0,22.0,93.0,98.0,-30
37.06,79.0,14.0,145.0,100.0,-17
35.89,57.0,16.0,152.0,96.0,-17
36.44,72.0,14.0,143.0,98.0,-51
37.83,105.0,21.0,164.0,98.0,-37
35.56,88.0,19.0,177.0,99.0,-18
37.11,82.0,18.0,165.0,98.0,-53
36.33,77.0,15.0,112.0,100.0,-2
34.9,80.0,12.0,117.0,98.0,-48
37.39,57.0,16.0,125.0,100.0,149
36.1,88.0,14.0,117.0,100.0,-39
36.61,133.0,29.0,92.0,99.0,-16
37.0,88.0,18.0,167.0,100.0,10
36.78,87.0,20.0,97.0,100.0,-30
37.56,92.0,17.0,130.0,96.0,-43
37.83,98.0,7.0,100.0,99.0,-57
36.56,72.0,19.0,135.0,98.0,-48
36.72,60.0,13.0,107.0,98.0,-15
36.33,99.0,28.0,132.0,100.0,33
36.89,99.0,16.0,153.0,100.0,-36
36.25,80.0,12.0,115.0,100.0,-18
34.78,83.5,13.0,141.5,100.0,-31
35.5,87.0,14.0,124.5,100.0,-34
36.0,70.0,15.0,134.5,95.0,-13
37.89,75.0,21.0,102.0,97.0,-58
36.5,70.5,18.5,102.0,97.0,-45
36.5,62.5,15.5,92.0,100.0,-56
35.7,78.0,14.0,103.0,100.0,-11
36.28,73.5,14.0,114.0,96.0,-41
38.44,75.0,14.0,95.0,99.0,-13
36.11,88.0,21.0,90.0,98.0,-38
36.61,116.0,25.0,134.0,97.0,-36
36.94,59.0,18.0,116.0,95.0,-36
39.17,91.0,12.0,115.0,100.0,-43
38.56,88.5,24.5,164.5,98.5,42
35.67,51.5,12.0,155.5,100.0,-50
37.45,100.5,28.5,137.25,99.0,-39
36.44,96.0,24.0,101.0,100.0,-16
36.44,80.0,10.0,139.0,100.0,-47
37.67,94.0,14.0,97.0,98.0,-44
36.89,70.0,20.5,132.0,96.0,-13
37.83,88.5,24.0,145.0,99.0,-46
37.17,90.0,29.0,196.0,97.0,-40
38.56,70.0,24.0,139.0,99.0,-16
37.44,62.0,15.5,82.0,98.0,-35
37.83,107.0,25.0,134.0,99.0,18
36.44,93.0,20.0,106.0,100.0,-19
38.11,76.0,15.0,111.0,100.0,66
36.4,70.0,16.0,108.0,100.0,-40
37.28,89.5,17.5,85.0,94.0,-49
37.56,102.0,24.0,152.0,99.0,-53
36.11,76.0,21.0,201.0,97.0,-20
35.55,80.0,12.0,128.5,100.0,-28
35.5,94.0,13.0,101.0,100.0,-20
37.0,72.0,14.0,93.0,100.0,52
36.15,68.5,16.0,114.0,100.0,-23
37.06,90.0,13.0,106.5,98.5,-24
37.67,96.0,22.5,136.0,100.0,-45
36.11,73.0,10.0,150.0,98.0,-9
37.67,93.0,20.0,144.0,100.0,0
35.11,63.0,16.0,112.0,99.0,-24
36.85,89.0,12.0,124.0,100.0,-22
36.94,91.0,16.0,121.0,98.0,-33
38.28,47.0,13.0,119.0,98.0,30
37.33,118.0,15.0,86.0,96.0,-47
37.28,110.0,19.5,83.0,100.0,-53
36.56,81.5,21.5,115.0,99.5,-19
37.67,84.0,41.0,122.0,97.0,69
33.55,80.0,18.0,125.0,100.0,-42
37.0,99.0,15.0,151.0,98.0,-19
35.06,84.0,18.0,110.0,91.0,-9
37.56,127.0,17.0,125.0,100.0,-31
37.22,105.5,19.0,140.5,95.0,-40
35.83,81.0,15.0,139.0,98.0,-54
36.67,89.0,18.0,103.0,95.0,21
35.83,76.0,20.0,83.0,96.0,-41
34.8,82.0,10.0,96.0,100.0,-31
37.22,58.0,16.0,119.0,99.0,-38
35.94,122.0,20.0,66.0,100.0,-19
37.94,99.5,18.25,129.5,96.5,-32
35.56,96.0,23.0,108.0,100.0,-47
37.39,58.0,14.0,76.0,96.0,-45
36.33,59.5,12.0,114.5,100.0,-44
37.0,80.0,18.0,120.0,98.0,-43
35.6,88.0,7.75,102.5,100.0,-47
36.11,63.0,14.0,122.0,100.0,-3
36.72,82.0,23.0,108.0,99.0,-38
35.22,53.0,16.0,121.0,95.0,-27
35.89,96.0,24.0,93.0,92.0,9
36.05,88.0,10.0,115.0,100.0,-51
37.11,96.0,30.0,94.0,99.0,-17
36.22,67.5,21.5,133.0,98.5,-46
36.67,102.0,18.0,112.0,91.0,-50
36.56,81.0,16.0,99.0,99.0,-48
36.7,97.0,10.0,98.0,100.0,-38
34.39,74.0,12.0,95.0,91.0,-47
35.94,72.0,13.0,79.5,98.0,-46
36.0,128.0,22.0,103.0,100.0,6
37.56,103.0,18.0,129.0,95.5,-20
35.4,80.0,14.0,109.0,98.0,-24
37.0,91.0,17.5,116.0,97.0,-18
37.83,86.0,13.0,106.0,96.0,-49
38.44,100.0,17.75,105.0,100.0,-41
36.11,87.0,16.0,146.0,100.0,-24
37.61,93.0,15.0,114.0,99.0,-44
39.78,70.0,14.0,119.0,100.0,-39
34.8,80.0,15.0,140.0,100.0,-43
36.72,76.0,14.0,125.0,100.0,-32
36.0,89.5,16.0,146.0,100.0,-32
35.56,100.5,13.0,145.0,100.0,-38
37.56,87.0,18.0,104.0,100.0,-8
36.0,65.0,22.0,125.0,98.0,-11
36.89,78.5,22.5,160.25,94.5,-18
36.94,88.0,21.5,108.0,94.5,-36
37.11,88.5,13.0,136.5,99.0,-26
36.11,48.0,15.0,129.0,100.0,-20
34.94,95.5,7.5,120.5,100.0,-18
36.0,93.0,13.0,114.0,100.0,-42
36.33,68.5,15.5,136.5,98.5,-51
35.83,102.5,23.0,81.0,100.0,-27
36.6,80.0,16.0,114.5,100.0,-23
37.0,95.0,17.0,128.0,97.0,-50
36.44,69.0,16.0,110.0,100.0,-28
35.67,62.0,13.0,103.0,100.0,-18
36.25,78.0,12.0,128.0,99.0,-17
37.61,97.0,23.0,90.0,97.0,-20
36.5,89.0,14.0,120.5,100.0,-36
36.56,59.0,18.0,119.5,96.0,-36
37.0,97.0,12.0,117.5,100.0,-37
37.22,98.0,20.0,139.0,98.0,-37
36.61,99.0,23.0,118.0,92.0,-20
35.67,52.0,13.0,123.0,98.0,-17
35.95,80.0,7.0,113.5,100.0,-9
36.28,62.0,14.0,128.0,94.0,-28
37.0,104.5,11.5,108.0,100.0,-19
36.0,85.0,14.0,123.0,100.0,-23
37.17,63.0,9.0,134.0,98.0,-52
36.72,60.5,20.0,141.0,100.0,-39
36.89,114.0,19.0,177.0,97.0,-39
37.11,99.0,24.5,105.25,95.0,-33
35.94,68.0,15.0,179.0,95.0,-33
36.72,76.5,16.0,143.5,97.5,-34
37.61,96.0,28.0,114.0,100.0,-37
36.0,75.0,17.0,108.0,100.0,-40
36.11,77.0,15.0,124.0,100.0,-12
36.72,61.0,11.0,122.0,100.0,-45
37.0,81.0,17.0,134.0,100.0,-43
36.67,70.0,20.0,183.0,97.0,-34
37.0,88.0,10.0,127.0,100.0,-49
37.39,101.0,20.0,116.0,94.0,-7
36.83,76.0,24.0,138.0,95.0,-20
35.5,88.0,9.0,139.0,94.0,8
36.22,81.5,20.5,152.5,96.0,-40
37.28,93.0,16.0,128.0,97.0,-41
36.22,71.0,22.0,154.0,99.0,-35
36.5,78.0,15.0,144.0,97.0,-33
36.56,84.0,14.0,141.0,100.0,-45
35.81,107.0,14.5,135.0,99.5,-53
39.17,140.0,29.0,121.0,98.0,-17
36.56,88.0,14.0,103.0,90.0,-20
37.78,93.0,21.0,153.0,100.0,-27
36.67,103.5,15.5,125.5,99.0,-15
37.33,112.0,27.0,134.0,100.0,-35
35.61,83.0,14.5,109.5,100.0,-20
36.35,59.0,20.0,117.5,98.0,-35
36.9,77.0,10.5,113.0,100.0,-40
36.06,80.0,18.0,153.5,95.0,-21
36.7,71.0,12.0,106.0,100.0,-48
37.17,111.0,18.0,110.0,99.0,-32
37.44,82.0,14.0,130.0,96.0,-25
36.05,92.0,14.5,95.0,99.5,-17
36.0,78.5,18.5,81.0,100.0,-40
37.22,62.0,17.5,111.5,100.0,-13
38.28,124.0,31.0,120.0,95.0,-45
36.39,92.0,18.0,109.0,100.0,-42
36.61,76.0,23.0,107.0,97.0,-31
36.28,78.0,15.5,143.5,100.0,-38
35.95,86.0,10.0,108.0,100.0,-44
37.11,94.0,17.0,94.0,99.0,3
36.56,70.5,16.0,154.5,95.0,-37
38.5,116.0,27.0,140.0,96.0,-50
36.22,73.0,12.0,144.5,100.0,-57
37.11,89.0,20.0,138.0,96.0,-18
36.5,58.0,17.0,140.0,98.0,-17
37.78,131.0,14.0,98.0,97.0,-24
36.56,74.0,12.0,133.0,100.0,-32
37.44,86.0,15.0,137.0,98.0,-39
35.3,81.0,13.0,122.0,100.0,-23
36.17,83.5,18.0,107.5,99.0,-31
36.44,90.0,14.5,113.0,100.0,-19
37.3,83.0,14.0,134.0,95.0,-37
36.5,85.5,12.0,135.0,100.0,-37
35.72,90.0,12.0,133.0,100.0,62
35.2,85.5,11.5,95.5,100.0,-36
36.17,70.0,14.0,127.0,100.0,-47
36.61,62.0,21.0,106.0,98.0,-38
36.33,89.0,21.5,104.0,94.0,-20
34.56,59.5,18.5,151.5,100.0,-43
36.56,76.0,28.0,120.0,92.0,-45
35.25,73.0,10.0,142.0,100.0,-23
35.89,110.0,13.0,96.0,98.0,-25
37.78,98.0,15.0,131.0,98.0,-47
35.85,90.5,12.0,116.0,100.0,-35
35.72,66.0,11.0,98.5,99.5,0
36.4,80.5,11.75,114.5,100.0,-17
36.22,69.0,14.0,100.0,100.0,-42
36.72,71.0,14.0,116.0,98.0,-15
35.7,82.0,10.0,99.0,100.0,-46
36.33,77.0,13.0,111.0,97.0,-56
36.17,77.0,15.0,111.0,100.0,-9
37.0,71.0,18.0,88.0,98.0,-11
38.28,81.0,14.0,107.0,99.0,54
36.22,104.0,22.0,92.0,98.0,62
37.0,72.0,15.0,113.0,99.0,-30
36.33,94.0,14.0,133.0,98.0,-35
36.33,80.0,18.0,116.0,100.0,-29
36.33,61.0,14.0,137.0,100.0,-47
35.56,102.0,22.0,156.0,100.0,64
37.17,91.0,14.0,115.0,100.0,-25
36.55,99.0,9.0,136.0,100.0,-45
36.56,72.0,16.0,118.0,99.0,-42
38.94,112.0,19.0,99.0,96.0,-27
36.72,64.0,13.0,158.0,100.0,-13
35.56,98.0,22.0,124.0,100.0,110
38.44,98.0,14.0,104.0,94.5,-36
36.33,71.0,29.0,122.0,96.0,-19
35.6,88.0,10.0,95.0,100.0,-21
36.22,69.0,26.0,104.0,95.0,-37
37.44,82.0,24.0,140.0,100.0,-47
37.42,92.5,10.0,115.0,99.5,-22
35.33,88.5,14.5,93.0,98.5,-23
36.3,91.0,12.0,121.5,96.0,-56
36.8,75.5,12.5,116.0,99.0,-16
37.39,99.0,31.0,106.0,95.0,-36
36.78,78.0,17.5,124.0,100.0,-8
36.2,87.0,12.0,120.0,100.0,-33
35.72,85.0,27.0,172.0,98.0,-38
38.0,88.0,20.0,153.0,99.5,11
36.17,91.0,6.0,109.0,95.0,-36
35.81,70.0,17.0,112.0,100.0,-14
35.7,80.0,12.0,91.0,100.0,-18
37.33,115.0,22.0,102.0,99.0,-32
36.67,84.0,30.5,81.0,98.5,0
36.72,114.0,26.0,112.0,98.0,-40
36.83,98.0,20.0,90.0,99.0,-50
36.5,84.0,10.0,121.0,100.0,-16
35.72,58.0,10.0,94.0,98.0,-47
37.4,84.0,18.0,143.0,100.0,-52
34.39,51.0,12.5,161.0,100.0,-46
36.22,76.0,14.0,95.0,97.0,-8
36.94,64.0,21.0,92.0,98.0,32
36.56,92.0,25.0,125.0,97.0,-5
37.17,87.0,11.0,174.0,96.0,-31
38.11,111.0,26.0,154.0,96.0,-38
37.33,109.0,30.0,95.0,92.0,-27
37.44,69.0,16.0,133.0,99.0,-36
36.78,79.0,16.0,130.0,100.0,-34
37.31,81.0,14.0,109.0,100.0,-42
35.61,42.0,14.0,95.0,100.0,-6
37.2,58.0,15.0,98.0,100.0,-35
35.56,62.0,17.0,105.0,98.0,-54
37.33,85.0,19.0,132.0,95.0,-36
36.15,85.0,14.0,97.0,100.0,-26
36.94,89.0,31.0,119.0,97.0,-30
37.22,77.0,16.0,124.0,97.0,-15
36.7,55.0,13.0,117.0,100.0,-19
36.67,65.0,14.0,99.0,93.0,-38
33.33,51.5,16.0,145.5,99.5,-25
37.39,100.0,15.0,113.0,98.0,-22
39.15,119.5,20.0,149.5,98.0,-21
36.06,87.0,21.0,102.0,98.0,-20
36.56,80.0,13.5,75.5,100.0,-36
35.72,90.0,23.0,121.0,94.0,-43
36.0,62.0,12.0,129.0,98.0,-37
36.0,61.0,10.0,126.5,100.0,-38
35.25,47.0,16.0,171.0,100.0,-46
36.33,70.0,15.0,96.0,99.0,-3
38.56,65.5,14.0,149.0,100.0,-41
35.94,58.0,20.0,148.5,98.0,-32
36.44,69.0,16.0,147.0,95.5,-48
35.89,54.0,16.0,99.0,99.0,-9
36.67,102.0,20.0,94.0,100.0,0
37.11,104.0,21.5,130.75,100.0,-44
35.89,49.0,34.0,157.5,98.0,-51
36.11,62.5,13.0,126.5,99.5,-7
36.61,76.0,18.0,96.0,100.0,-16
36.56,80.5,17.0,116.0,95.0,-28
36.35,77.5,12.5,109.5,96.5,-46
35.83,91.0,17.0,102.0,94.0,-12
36.72,86.0,20.0,137.0,95.0,-11
36.28,70.0,19.0,166.0,97.0,-34
37.22,77.0,22.0,90.0,95.0,-33
36.44,85.0,18.0,88.0,100.0,-48
35.0,82.0,24.0,170.0,100.0,-36
37.22,79.0,28.0,157.0,96.0,-40
36.39,71.0,16.0,122.0,98.0,-30
37.61,83.0,15.0,155.0,96.0,-15
37.5,98.0,34.0,127.0,97.0,-41
35.8,70.0,14.0,107.0,100.0,-18
36.44,61.0,20.0,135.0,98.0,-48
36.0,65.0,24.0,118.0,97.0,-23
36.44,95.0,19.0,104.0,96.0,-17
37.17,135.0,15.0,85.5,100.0,-27
36.8,73.0,10.0,94.0,100.0,-16
37.56,81.0,17.0,123.0,100.0,-34
36.78,91.0,18.0,143.0,98.0,-27
35.95,76.5,13.5,119.5,100.0,-15
36.7,80.0,20.0,91.5,98.0,-43
35.11,143.0,22.0,102.0,98.0,-30
36.2,84.0,11.5,113.0,100.0,-40
37.75,93.0,11.0,104.0,100.0,-50
36.22,97.0,23.0,138.0,98.0,-32
36.72,78.0,12.0,116.5,100.0,11
36.67,73.0,13.0,118.0,100.0,-21
38.39,114.0,24.0,117.0,100.0,-40
37.89,77.0,18.5,122.5,100.0,-42
36.11,64.0,20.0,105.0,100.0,-45
35.33,75.0,19.0,104.0,96.0,-36
37.11,90.0,21.0,167.0,100.0,24
35.8,87.0,15.0,101.0,98.0,-38
36.0,80.0,10.5,107.5,100.0,-46
35.5,106.0,25.0,133.0,100.0,-47
37.06,87.0,19.5,115.0,100.0,-38
36.94,93.0,15.0,156.0,94.0,-16
36.56,92.0,22.0,94.0,96.0,-25
36.44,106.0,21.0,99.0,98.0,-27
37.39,94.0,18.0,127.0,97.0,-32
36.28,88.5,18.0,106.0,100.0,-9
37.17,106.0,16.0,151.0,94.0,-8
36.89,63.0,11.0,120.0,100.0,-16
36.89,58.0,16.5,71.75,96.0,-46
36.0,80.0,13.0,115.0,98.0,-43
37.0,88.0,18.0,154.0,96.0,-48
35.56,80.0,9.0,136.0,100.0,-8
34.94,70.5,10.0,119.0,100.0,-36
36.0,69.0,14.5,114.0,100.0,-17
36.33,80.0,15.0,111.0,100.0,-15
37.56,75.0,26.0,127.0,94.0,-37
37.28,78.0,23.0,112.0,98.0,-39
35.85,92.0,19.5,96.5,100.0,-56
37.56,74.0,28.5,106.0,100.0,20
36.11,96.0,10.0,104.0,100.0,-43
37.25,69.0,14.0,107.0,100.0,-32
37.33,82.0,15.5,126.0,100.0,-40
36.11,61.0,13.0,103.5,99.5,-41
37.5,143.0,23.0,112.0,95.0,-47
36.3,91.0,16.0,116.0,100.0,-18
35.78,81.0,21.0,93.0,91.0,-47
35.33,98.0,16.0,47.0,97.0,-19
36.39,80.5,13.5,138.5,100.0,-50
36.22,81.0,18.0,109.0,93.0,-17
37.39,83.0,11.0,95.0,100.0,-17
37.45,83.5,12.25,121.5,99.0,-14
36.97,55.0,14.0,103.0,100.0,-31
36.33,89.0,25.0,109.0,98.0,-37
37.44,86.0,29.0,183.5,92.0,-33
36.39,70.0,17.0,153.0,100.0,-45
36.33,94.5,13.0,130.0,99.5,-27
37.28,76.0,17.0,107.0,99.0,-25
35.11,65.5,10.0,117.5,100.0,40
37.89,112.0,18.0,111.0,97.0,-21
37.33,80.0,19.0,85.0,99.0,-26
37.28,62.0,18.0,111.0,99.0,-16
36.0,80.0,19.0,89.0,100.0,-32
36.11,88.0,18.0,121.0,100.0,-52
38.78,101.0,26.0,168.0,98.0,-32
34.4,100.0,20.0,112.5,100.0,-14
36.5,72.0,18.0,115.0,100.0,-35
36.67,67.0,17.0,116.5,97.0,-28
37.61,64.0,27.0,135.0,96.0,-21
36.83,77.0,16.0,91.0,100.0,-41
36.0,66.0,14.0,100.0,95.0,-35
35.94,79.0,15.0,162.0,100.0,-43
36.6,83.0,10.0,121.0,100.0,-38
38.17,71.0,20.0,109.0,98.0,-21
36.17,62.0,26.0,129.0,95.0,-22
36.44,99.0,19.5,129.0,100.0,-35
35.83,75.0,20.0,127.0,97.0,-52
32.78,73.5,20.0,134.0,100.0,-22
36.44,99.0,20.0,145.0,98.0,-36
37.33,101.0,21.0,116.5,99.0,-35
35.83,91.0,23.0,89.0,96.0,-20
36.78,91.0,13.25,140.5,95.5,0
37.06,94.0,18.0,137.0,97.0,-35
36.28,94.0,15.0,119.0,99.0,-48
36.5,84.0,16.0,140.0,98.0,-32
35.5,80.0,16.0,118.0,100.0,-32
36.17,60.0,16.0,129.0,99.0,-51
35.61,80.0,18.0,89.5,100.0,-44
34.75,77.0,16.0,88.5,100.0,-17
36.2,87.0,12.0,172.0,100.0,-54
38.0,75.0,21.0,123.0,93.0,-18
36.22,81.0,20.0,98.0,100.0,-42
36.3,88.0,10.0,123.0,100.0,-18
35.78,72.0,17.0,147.0,99.0,-1
34.39,85.0,17.5,139.0,100.0,-37
37.56,75.0,28.0,91.5,100.0,-36
35.61,52.0,18.0,148.0,97.0,-27
36.39,68.0,17.0,107.0,100.0,-46
37.22,96.0,21.0,125.0,100.0,-56
37.39,126.0,33.0,150.0,97.0,-40
36.5,110.0,18.0,147.0,63.0,-31
35.61,75.0,15.5,104.0,97.0,-34
35.72,97.0,21.0,92.0,97.0,-43
35.11,93.0,18.0,148.0,98.0,-22
36.75,88.0,14.0,109.5,100.0,-24
37.61,99.0,17.0,118.0,100.0,-42
36.22,101.0,14.0,105.0,100.0,101
36.78,78.0,19.0,94.0,97.0,-12
35.28,89.0,15.0,90.0,100.0,-39
39.11,108.0,43.0,110.0,95.0,-40
36.5,93.0,14.0,92.0,99.0,2
35.61,70.0,16.0,93.0,98.0,-30
36.56,97.0,21.5,118.0,100.0,-9
36.94,88.0,18.0,103.0,100.0,-41
37.67,119.0,36.5,94.5,93.0,-36
35.33,55.0,12.0,161.0,99.0,0
37.17,72.0,17.0,101.0,98.0,-28
37.5,78.0,31.0,149.0,100.0,-36
35.33,95.0,14.0,122.0,92.0,-32
36.78,86.0,19.0,94.0,100.0,-31
40.44,101.0,22.0,104.0,100.0,-39
37.33,76.5,18.0,139.0,100.0,-29
36.72,78.0,18.0,111.0,96.0,-12
36.67,79.0,14.0,94.0,99.0,-41
35.3,87.0,13.0,107.0,100.0,-48
37.33,66.0,22.0,166.0,98.0,-19
36.55,91.5,18.5,117.5,99.5,-12
36.0,83.0,19.0,129.0,98.0,-51
36.28,109.0,12.0,121.5,100.0,-41
36.44,87.0,22.0,110.0,97.0,-38
36.17,91.0,14.0,102.0,99.0,-7
36.28,57.0,17.0,126.0,98.0,-36
36.22,52.0,13.5,112.5,98.0,-19
36.78,61.0,16.0,93.0,97.0,-27
38.22,91.0,22.0,108.0,93.0,89
33.83,73.0,16.0,144.0,96.5,118
36.6,65.0,12.0,112.0,100.0,-45
36.44,78.0,20.0,114.0,99.0,-22
36.44,77.0,16.5,173.5,100.0,-10
36.39,60.0,17.0,98.0,97.0,-7
36.22,63.0,12.0,89.5,100.0,182
36.67,109.0,16.0,112.0,97.0,-14
35.39,90.0,12.0,128.0,100.0,-13
33.89,92.5,21.0,112.0,63.5,-52
37.5,72.0,21.0,139.0,100.0,-31
36.06,81.0,27.0,87.0,100.0,-34
37.39,110.0,22.5,137.0,99.0,8
36.35,95.0,11.5,109.0,100.0,-14
35.56,90.0,22.0,103.0,100.0,19
36.0,88.0,14.0,121.0,100.0,-10
37.44,65.0,12.0,158.0,100.0,-28
35.83,61.0,15.0,95.0,98.0,-43
36.61,140.0,22.0,127.0,100.0,-37
36.67,61.0,11.5,103.5,99.0,-17
37.22,87.0,23.0,95.0,98.0,-28
36.33,76.0,22.0,151.0,100.0,-34
38.17,129.0,18.0,102.0,97.0,-20
35.56,53.0,14.5,166.0,100.0,-39
35.67,69.0,18.0,147.0,97.0,-13
36.89,91.5,18.0,123.5,98.5,-41
36.67,57.0,21.0,92.0,93.0,-29
36.94,80.0,18.0,113.0,99.0,-24
36.44,82.0,17.0,106.0,96.0,-33
37.11,76.0,17.0,135.0,99.0,-52
37.0,95.0,17.0,139.0,97.0,-21
37.94,77.0,16.0,103.0,97.0,-23
37.33,95.0,18.0,102.0,100.0,14
37.39,108.0,14.0,89.0,100.0,-31
36.89,113.0,16.0,198.0,100.0,-44
32.0,84.0,22.0,126.0,100.0,-1
37.17,82.5,18.5,112.0,98.5,-45
36.61,108.0,14.0,96.0,96.0,-56
37.11,107.0,19.0,128.5,92.0,-36
37.42,91.0,12.0,102.0,100.0,-18
37.61,102.0,19.0,158.0,99.0,-12
36.72,115.0,14.0,89.0,93.0,0
36.89,60.0,13.0,135.0,99.0,-38
36.44,81.0,15.0,92.5,100.0,-27
36.06,66.0,16.0,132.0,96.0,-32
36.61,103.0,13.0,130.0,99.0,-33
36.72,118.0,26.0,94.0,96.0,-40
36.33,48.0,21.0,129.0,100.0,-29
36.11,68.0,20.0,99.0,97.0,-18
36.0,88.0,13.0,95.0,100.0,-8
37.8,74.0,18.0,166.0,96.0,-56
37.44,70.0,19.0,150.0,98.0,-10
38.0,109.0,22.0,124.5,95.0,-32
37.78,72.0,19.0,150.0,95.0,-11
37.03,51.0,18.0,125.5,100.0,-46
37.39,66.0,12.0,117.0,100.0,-35
35.75,95.0,12.0,107.0,100.0,-20
35.8,79.0,13.0,129.0,100.0,-17
35.89,62.5,15.5,141.0,97.5,-34
35.3,91.0,14.0,113.5,100.0,-18
37.67,116.0,21.0,158.0,97.0,-40
34.6,80.0,12.0,120.5,100.0,-37
35.85,88.0,14.0,131.0,100.0,-47
35.6,87.5,10.0,119.5,100.0,-30
36.75,87.0,9.5,111.5,100.0,-20
35.83,91.0,25.0,139.0,100.0,-51
36.39,67.0,19.0,124.0,97.0,-32
36.22,63.0,15.0,98.0,98.0,-42
37.72,74.0,18.0,150.0,98.0,-22
37.94,86.0,38.0,104.0,98.0,12
37.0,130.5,9.0,116.5,99.0,-33
36.5,93.0,13.5,103.5,98.0,-40
37.22,99.0,18.0,123.0,100.0,-28
37.11,108.0,36.0,124.0,97.0,-56
36.44,79.0,17.0,137.0,98.0,-17
36.83,97.0,24.5,128.0,90.0,-54
36.89,82.0,16.0,114.0,94.0,-39
37.44,91.0,16.0,92.0,97.0,-51
36.11,109.0,31.0,118.5,100.0,-51
37.0,76.0,23.0,140.0,99.0,-36
37.6,97.0,12.0,119.0,100.0,-46
37.0,89.0,16.0,114.0,100.0,-20
36.78,72.0,19.0,117.0,99.0,-34
36.2,80.0,13.0,129.0,100.0,-36
36.94,75.0,19.0,112.0,98.0,-19
36.61,82.0,12.0,124.5,100.0,-27
35.83,117.0,18.5,108.0,100.0,-20
35.33,80.0,10.5,128.0,100.0,-48
37.78,84.5,31.0,115.0,89.5,-11
36.5,102.0,38.0,118.5,99.5,-45
36.11,61.0,12.0,118.0,100.0,-34
37.56,97.0,18.0,104.5,100.0,-13
35.7,84.0,8.0,116.0,100.0,-19
35.83,76.0,26.0,93.0,100.0,-49
36.67,89.0,14.0,107.0,97.0,-37
35.56,57.0,13.0,159.5,97.5,0
37.94,60.0,18.0,141.0,99.0,-39
35.28,72.0,28.0,109.0,99.0,-35
36.33,117.0,18.0,136.0,100.0,-40
37.2,94.0,14.0,123.0,100.0,-11
35.56,94.0,24.0,120.0,97.0,-37
35.28,114.5,18.5,97.5,100.0,-28
37.61,107.0,15.0,150.0,99.0,-53
36.67,100.0,16.0,154.0,100.0,104
36.44,68.0,11.0,144.0,100.0,-45
37.33,65.0,20.0,137.0,95.0,-36
36.06,89.0,22.0,133.0,100.0,-35
36.67,62.5,14.25,105.5,100.0,-33
36.94,95.5,17.5,86.5,96.5,0
35.0,69.0,13.0,146.0,98.0,-47
37.0,84.0,12.0,154.0,100.0,-38
35.67,84.0,14.0,112.5,100.0,-47
37.56,103.0,22.5,130.0,100.0,8
36.67,65.0,9.0,102.0,97.0,-23
37.0,119.0,16.0,93.0,95.0,-43
36.11,84.0,27.0,113.0,100.0,-42
36.44,89.0,14.0,136.0,95.0,-49
36.56,93.0,19.5,116.5,100.0,40
35.83,84.0,19.0,128.0,100.0,-16
38.17,95.0,12.0,125.0,95.0,-37
35.4,90.0,12.5,107.0,100.0,-21
36.22,66.0,16.0,105.0,100.0,-20
37.67,78.0,24.0,118.0,100.0,-47
37.67,77.0,21.0,134.0,93.0,-35
35.5,74.0,16.0,119.0,100.0,-36
36.94,99.0,14.5,109.0,96.0,-27
38.17,123.0,19.0,123.0,100.0,-46
35.4,102.5,14.0,93.0,95.5,-40
36.61,104.0,18.0,93.0,100.0,8
37.0,88.0,27.0,138.0,100.0,-18
36.17,83.0,19.0,171.0,98.0,-44
36.89,90.0,15.0,140.0,100.0,146
37.33,59.0,17.0,92.0,100.0,-46
35.89,72.0,15.0,151.0,96.0,-19
36.78,75.0,22.0,116.0,93.0,-53
37.56,93.0,14.0,142.0,100.0,20
38.44,114.5,17.0,102.0,98.5,-30
37.28,95.0,19.0,135.0,99.0,-38
38.0,99.0,21.0,145.5,96.5,-19
36.44,97.0,13.0,157.0,99.0,-36
36.33,73.0,16.0,74.5,96.0,-50
34.5,80.0,17.0,101.0,99.0,-46
36.3,88.0,10.0,115.0,98.0,-45
36.22,74.0,15.0,160.0,97.0,-17
37.72,95.5,12.0,112.0,93.0,-35
37.11,78.5,16.25,141.0,100.0,-51
38.17,98.0,19.0,121.0,97.0,-21
36.3,84.0,8.0,116.5,100.0,-20
35.35,86.0,10.5,92.0,99.0,-32
36.11,55.0,11.0,120.0,100.0,-43
36.33,73.0,21.0,121.0,100.0,-36
36.11,76.0,20.0,119.0,98.0,-16
36.72,69.0,15.0,164.0,99.0,-34
35.56,79.0,19.0,123.0,93.0,-52
36.11,107.0,20.0,98.0,99.0,-22
38.78,74.5,16.0,135.0,98.5,-42
38.89,80.0,27.0,136.0,92.5,-16
35.44,90.5,21.0,109.0,98.0,-43
36.78,74.0,12.0,152.0,97.0,-39
36.17,59.0,31.0,105.0,96.0,-36
36.61,97.0,16.0,107.0,99.0,-19
37.11,64.0,26.0,135.5,93.0,-43
36.44,64.0,23.0,105.0,94.0,-20
38.11,116.0,13.0,124.5,99.0,-36
36.4,82.0,12.0,125.0,100.0,-37
37.17,84.5,16.0,158.0,100.0,-32
34.2,74.0,14.0,95.0,99.0,-20
37.17,106.5,18.0,142.5,98.5,-38
36.89,92.0,16.0,94.0,100.0,-40
36.72,99.0,20.0,122.0,94.0,-36
38.22,115.0,29.0,123.0,94.0,-29
34.61,53.0,12.0,120.0,100.0,-20
36.1,88.0,10.0,112.0,99.0,-34
36.94,102.0,20.0,135.0,95.0,-49
36.61,75.0,14.0,117.0,96.0,-14
35.39,100.0,18.0,120.0,96.0,-44
35.44,67.0,19.0,96.0,99.0,-15
37.0,71.0,17.0,132.0,94.0,-35
36.33,103.0,18.0,94.0,100.0,22
37.33,84.0,16.0,145.0,100.0,-8
34.7,85.0,16.0,128.0,100.0,-16
36.8,98.0,16.0,113.5,100.0,-43
38.3,97.0,12.0,106.0,100.0,-53
36.78,65.0,13.0,107.0,100.0,-46
37.11,121.0,30.0,129.0,98.0,-55
35.5,85.5,10.0,117.5,100.0,-21
35.95,68.0,15.0,120.0,97.5,-40
36.61,100.0,19.0,108.0,94.0,0
36.89,77.0,31.0,91.0,94.0,-46
37.28,70.0,12.0,93.0,96.0,-16
36.25,90.5,12.0,126.0,67.0,-40
38.56,87.0,14.5,110.0,100.0,-46
35.06,76.0,14.0,116.0,100.0,-9
35.95,81.5,12.0,107.5,100.0,-31
36.17,113.0,15.0,118.0,99.0,-49
36.35,80.0,14.0,104.5,99.5,-21
35.7,74.5,14.0,106.5,99.5,-18
35.44,72.0,12.75,155.5,100.0,-42
36.28,65.0,11.0,97.0,94.0,-18
36.72,96.0,11.0,110.0,96.0,-41
36.75,77.0,14.0,118.0,97.0,-23
34.5,60.0,13.5,74.0,98.5,-26
37.1,78.0,12.0,109.0,100.0,-44
36.44,96.0,17.0,122.0,99.0,-46
35.3,77.0,13.5,131.5,100.0,-20
35.67,74.0,23.0,123.0,100.0,-21
37.28,144.5,16.0,110.0,98.0,-57
37.33,80.0,22.0,106.0,93.0,-21
36.5,88.0,14.0,126.0,95.0,-13
36.0,79.5,10.0,108.0,100.0,-42
36.33,76.0,19.0,90.0,94.0,-34
36.05,76.5,6.0,126.5,100.0,-40
36.17,62.0,18.0,147.0,99.0,-51
35.55,80.0,12.0,110.0,95.5,-50
35.78,110.0,15.0,139.0,98.0,-46
37.44,103.0,35.0,119.0,100.0,-38
36.89,103.5,31.0,114.0,98.0,-41
35.72,130.0,18.0,103.0,97.0,-46
35.55,81.5,12.0,131.5,100.0,-46
36.5,102.0,26.0,117.0,98.5,-40
36.17,113.0,14.0,98.0,98.0,0
37.2,71.0,17.0,107.0,95.0,-44
37.39,81.0,26.5,150.5,98.0,-34
38.06,76.5,16.0,126.0,97.0,-23
35.6,85.0,15.0,107.0,100.0,-50
37.89,80.0,20.0,109.0,100.0,-45
36.83,84.0,20.0,135.0,96.0,119
36.72,73.0,15.0,140.0,100.0,-22
36.61,66.5,15.0,92.5,95.0,-27
35.65,90.0,12.0,87.0,100.0,-29
36.72,97.0,23.0,140.0,100.0,-35
36.89,77.0,12.0,114.0,99.0,-48
37.17,83.0,21.0,116.0,97.0,-49
36.83,77.0,17.0,131.0,94.0,-29
37.22,69.0,19.0,128.0,94.0,-51
36.11,79.0,16.0,99.0,100.0,-5
38.28,81.5,14.0,112.0,100.0,-15
36.53,77.0,18.0,118.0,100.0,-17
35.78,76.0,22.0,112.0,97.0,-31
36.0,76.0,21.0,99.0,94.0,-11
35.17,64.0,10.0,110.0,100.0,-45
36.67,78.0,15.0,110.0,100.0,-39
37.06,120.0,15.0,150.5,94.0,-33
35.72,92.0,11.0,119.0,96.0,-25
36.2,79.0,15.0,94.0,100.0,-19
36.44,102.0,18.0,151.0,98.0,-12
38.2,87.0,12.0,121.5,100.0,-34
37.2,112.0,20.0,122.0,100.0,72
35.33,76.0,12.0,109.0,100.0,-44
37.11,68.0,20.0,112.0,100.0,-55
37.83,76.0,13.0,115.5,97.0,-11
36.22,73.0,12.0,157.0,100.0,94
37.06,75.0,17.0,144.0,100.0,-44
35.5,82.5,13.0,152.0,100.0,-21
35.89,70.0,22.0,145.0,94.0,-36
36.56,50.5,17.0,128.5,100.0,-43
35.9,86.5,24.0,138.0,100.0,-40
37.35,60.0,15.0,106.5,100.0,-40
36.5,53.5,13.5,158.5,97.5,-22
36.17,66.0,15.5,178.5,94.5,0
37.67,77.0,14.0,132.0,100.0,-24
35.56,98.0,16.0,85.0,97.0,-36
36.0,92.0,16.0,98.5,100.0,-21
36.33,91.0,14.0,101.0,100.0,-35
36.89,82.0,18.0,101.0,97.0,-12
35.22,69.5,14.5,103.5,100.0,-14
36.61,77.0,20.0,148.0,100.0,-41
36.44,58.0,15.0,97.0,100.0,-31
38.22,96.0,17.0,165.0,100.0,-49
38.39,95.0,18.0,147.0,96.0,-35
37.5,93.0,20.0,166.0,100.0,-36
36.0,81.0,16.0,98.0,100.0,-39
36.56,90.0,14.0,113.0,99.0,-42
36.56,63.0,15.0,117.0,97.0,5
36.42,82.0,22.0,152.0,100.0,-39
37.06,103.0,15.0,112.0,97.0,-53
34.72,79.0,10.0,130.0,100.0,-43
36.67,58.0,17.0,171.0,100.0,-3
36.28,74.0,21.0,103.0,96.5,-50
37.11,72.0,17.0,121.0,97.0,-20
37.5,87.0,17.0,147.0,100.0,-38
36.72,81.0,23.0,83.0,97.0,-24
36.15,82.5,16.5,106.5,97.0,-30
37.28,89.5,23.25,131.0,100.0,-38
36.72,91.0,24.5,96.0,100.0,-41
36.11,106.0,10.0,121.0,100.0,-19
36.3,83.5,14.0,130.0,100.0,-17
36.39,63.0,10.0,141.0,100.0,-43
36.56,86.5,22.5,111.0,93.5,-49
36.1,96.0,12.0,121.0,100.0,-47
36.67,60.0,20.0,149.0,98.0,-49
37.94,68.0,19.0,114.0,99.0,-56
36.17,81.0,16.0,131.0,100.0,-15
36.33,60.0,13.0,123.0,100.0,-39
35.35,81.0,11.0,104.5,100.0,-42
36.17,95.0,17.0,117.0,100.0,-29
36.67,73.0,15.0,152.0,93.0,-5
35.83,96.5,18.0,122.5,99.5,-8
36.83,65.0,18.0,135.0,92.0,-34
36.44,66.0,12.0,107.5,100.0,-31
36.67,76.0,20.0,100.0,94.0,-20
36.06,76.0,17.0,119.0,89.0,-42
36.28,79.0,25.0,147.0,98.0,-47
35.83,75.0,19.0,121.0,97.0,-3
35.44,66.0,15.0,114.0,98.0,-34
36.56,60.0,17.0,135.0,96.0,-47
35.4,89.0,14.0,102.0,100.0,-43
36.61,68.0,16.0,160.0,97.0,-42
35.94,82.0,13.5,123.0,100.0,-51
36.83,80.0,13.0,110.0,100.0,-8
36.72,80.0,20.0,176.0,98.0,-21
38.17,104.0,22.0,102.0,95.0,-40
37.2,93.0,12.0,93.0,100.0,-39
36.83,75.5,17.5,109.5,97.5,-17
36.89,90.0,21.0,145.0,98.0,-31
37.0,104.0,20.0,140.0,98.0,7
37.06,54.0,12.0,132.0,98.0,25
35.78,46.0,14.5,100.0,100.0,-48
34.7,100.0,19.0,105.0,100.0,-31
36.0,71.0,15.0,100.0,95.0,48
36.7,63.0,14.0,128.0,100.0,-34
36.78,83.0,22.5,136.0,99.0,-53
36.44,100.0,20.0,57.0,99.0,-4
35.94,84.0,21.25,157.5,100.0,-19
35.2,86.5,14.0,110.5,100.0,-50
36.11,67.0,17.0,118.0,99.0,-21
36.22,72.0,15.0,153.0,100.0,-30
36.78,112.0,18.0,174.0,99.0,-44
36.17,100.0,17.0,146.0,100.0,-41
35.78,93.0,18.0,132.0,97.0,-44
37.67,79.0,16.0,72.0,90.5,65
36.67,80.0,19.0,104.0,100.0,-18
36.17,84.0,15.5,125.0,100.0,32
36.0,62.0,19.5,154.0,99.0,-54
36.11,61.0,15.0,132.0,99.0,-13
35.8,93.0,10.0,150.0,100.0,0
36.0,51.0,12.0,107.0,100.0,-36
36.56,85.0,43.0,100.0,100.0,-14
37.0,75.0,15.0,136.0,100.0,-35
26.67,67.0,18.0,112.0,100.0,-24
37.89,119.0,31.0,138.0,99.5,-23
39.33,126.0,12.0,136.0,100.0,-49
36.78,80.0,12.0,107.0,96.0,-38
36.11,86.5,16.5,89.0,93.5,-39
35.89,95.0,17.5,136.0,90.0,-54
36.17,82.0,30.0,138.0,98.0,-11
33.2,114.0,25.0,89.5,94.0,-38
35.89,70.0,12.0,125.0,93.0,-43
37.5,60.0,19.0,166.0,100.0,-13
37.44,91.0,22.0,124.0,100.0,-33
37.22,75.0,16.5,141.5,97.5,-36
36.06,70.0,18.0,123.0,100.0,-31
37.5,78.5,12.0,101.0,98.5,-25
36.72,83.0,20.0,108.0,100.0,-55
36.2,90.5,20.0,106.5,100.0,-34
36.5,88.0,22.0,116.0,97.0,-31
36.44,91.0,16.0,131.0,95.0,-26
36.89,92.0,15.0,130.0,97.0,-25
36.11,70.0,15.0,149.0,98.0,-55
36.65,88.0,22.5,114.0,100.0,-39
36.39,75.5,12.0,147.0,100.0,-18
37.11,75.0,14.0,94.5,100.0,-49
37.28,90.0,14.0,113.0,94.0,-14
36.83,72.0,12.5,105.0,100.0,-9
36.94,91.5,14.5,92.75,100.0,24
35.56,56.0,13.0,137.0,98.0,-49
36.61,73.0,17.0,80.0,98.0,-45
36.5,73.0,14.0,90.0,100.0,-50
37.67,71.0,26.0,130.0,99.0,-54
35.65,80.0,10.0,171.5,99.0,-45
36.72,75.0,23.0,111.0,98.0,-40
36.56,108.0,37.0,136.0,96.0,-21
36.89,84.0,20.0,155.0,100.0,-35
36.33,81.0,16.0,164.0,98.0,-40
37.72,71.0,17.5,149.0,100.0,-49
35.65,90.0,16.0,115.5,100.0,-22
37.44,93.0,21.0,128.0,97.0,-43
36.61,93.0,26.0,112.0,100.0,-53
36.56,71.0,13.0,100.0,99.0,-58
36.94,109.0,17.5,143.5,97.5,-36
36.5,117.5,12.5,121.0,100.0,-34
36.11,71.0,29.0,136.0,95.0,-39
36.67,62.0,19.0,116.0,97.0,-40
36.28,84.5,12.0,124.5,100.0,-20
37.06,90.0,16.0,140.0,98.0,-10
36.3,84.0,14.0,127.0,100.0,-2
33.39,61.5,11.0,110.0,100.0,-23
36.39,58.0,16.0,106.0,93.0,-33
37.0,69.0,19.0,104.0,96.0,-36
35.89,92.5,15.5,89.5,98.0,-38
35.75,80.0,13.5,115.0,100.0,-21
36.17,56.0,11.5,111.5,100.0,-31
36.39,78.0,24.0,117.0,98.0,-11
35.28,96.0,30.5,115.5,100.0,-23
36.17,92.5,24.25,111.0,97.0,-54
37.72,89.0,16.0,124.5,100.0,-48
36.61,85.0,24.0,101.0,100.0,-41
35.89,51.0,12.5,120.5,99.5,-43
36.28,81.0,25.0,186.0,99.0,-42
36.3,77.0,10.0,99.5,99.5,-42
36.5,76.0,14.0,117.0,100.0,-42
35.5,91.0,17.0,82.0,98.0,-15
35.94,71.0,23.0,99.0,96.0,-16
35.61,59.0,14.0,111.0,100.0,-17
37.3,89.5,14.0,102.5,100.0,-25
37.06,111.0,27.0,90.0,97.0,-48
37.06,81.0,14.5,134.0,100.0,-19
36.94,109.5,29.5,94.5,92.0,-53
36.72,85.5,14.5,83.0,93.0,-29
35.4,96.0,12.0,120.0,100.0,-25
34.9,77.0,14.0,126.0,100.0,-14
37.06,97.0,14.0,114.0,93.0,-45
36.28,83.0,14.0,139.0,99.0,-30
36.83,156.0,27.0,91.5,96.5,-42
35.67,81.0,14.0,118.0,100.0,-16
36.55,103.0,8.0,120.5,99.0,-44
36.67,127.0,21.5,104.0,97.0,-56
37.17,85.5,12.5,114.5,97.0,-33
36.44,115.0,30.0,137.0,97.0,-28
36.44,69.0,16.0,118.0,100.0,-5
37.78,126.0,28.5,115.0,92.0,-18
36.5,56.0,16.0,125.0,100.0,-23
37.33,80.0,18.0,125.0,92.0,-14
37.0,105.5,13.5,149.5,100.0,-47
37.11,88.0,28.0,116.0,98.0,-53
36.44,119.0,18.0,100.0,95.0,-11
34.5,60.0,11.0,117.0,100.0,-36
36.0,91.0,18.0,114.0,100.0,-14
36.61,68.0,19.0,96.0,90.0,-43
36.7,65.5,12.0,115.0,99.0,-27
37.11,105.0,16.0,133.5,100.0,-12
36.28,70.5,16.0,128.5,99.0,-15
36.17,86.0,15.0,144.0,97.0,-22
35.7,87.0,10.5,90.0,100.0,-48
36.61,138.0,31.0,124.0,93.0,-50
37.33,85.5,15.5,178.5,97.0,-33
35.56,49.5,21.5,99.0,99.0,-14
37.0,82.0,26.0,89.0,99.0,-26
36.44,64.0,15.0,127.0,98.0,-33
37.28,72.0,18.0,133.0,98.0,-6
36.22,78.0,16.0,113.0,99.0,-18
36.17,87.0,10.25,120.0,100.0,-17
35.61,67.0,18.0,120.0,99.0,-36
36.78,74.5,18.0,130.5,96.0,-55
36.6,70.0,12.0,130.0,100.0,-20
35.0,63.0,21.0,153.0,100.0,-34
35.78,101.0,15.0,122.0,100.0,-18
35.44,66.5,21.5,131.0,100.0,-48
36.56,121.0,26.0,127.0,94.0,-34
37.89,81.5,13.5,152.5,100.0,-32
37.61,86.0,16.5,120.0,100.0,-52
36.89,71.0,15.0,137.0,100.0,-17
37.11,68.0,15.0,113.0,99.0,0
37.17,67.0,17.0,155.0,98.0,-34
37.2,96.0,18.0,111.0,100.0,-38
37.23,124.5,15.0,107.5,85.5,-39
36.28,86.0,13.0,124.0,100.0,-29
36.56,69.0,12.0,125.0,96.0,-19
36.7,65.0,19.0,104.0,99.0,-11
36.0,56.5,12.0,145.0,100.0,-37
37.94,96.0,27.0,112.0,95.0,-21
37.28,89.5,26.0,155.5,95.0,-16
36.3,101.0,14.0,117.0,100.0,-49
35.53,84.0,15.0,125.0,100.0,-37
36.78,84.0,19.0,146.0,96.0,-52
36.56,76.5,17.0,101.0,99.0,-32
37.0,94.0,14.0,86.0,99.0,16
36.44,73.0,24.0,116.0,100.0,-56
35.6,83.0,14.75,93.5,100.0,-17
35.25,75.5,9.0,97.0,100.0,-49
36.2,95.0,10.0,126.0,98.0,-54
36.0,65.0,16.0,108.0,97.0,-21
36.72,89.0,21.0,101.0,95.0,-9
37.28,75.0,20.0,109.0,100.0,-35
35.89,67.0,19.0,102.0,92.0,-47
38.11,82.0,16.5,148.0,100.0,3
36.22,64.0,17.0,94.0,100.0,-10
37.0,99.5,27.5,93.5,98.5,-30
35.56,56.0,23.0,141.0,100.0,-15
37.28,58.0,12.0,105.5,100.0,-21
36.33,78.5,21.0,124.5,95.0,16
37.22,116.0,22.0,118.0,100.0,-57
35.56,108.0,19.0,100.0,100.0,-36
37.22,102.0,24.0,116.0,69.0,-47
36.11,111.0,22.0,123.0,90.0,-48
37.22,106.0,18.0,116.0,97.0,-36
37.5,74.0,20.0,109.5,100.0,-36
37.11,89.0,14.0,148.0,96.0,-36
36.4,111.0,15.5,117.0,100.0,-35
37.0,113.0,16.0,148.0,94.0,-43
36.83,104.0,21.0,94.0,98.0,-43
35.83,79.0,16.0,101.0,99.0,-37
34.3,90.0,14.0,96.0,100.0,-50
36.5,83.0,14.0,90.0,100.0,51
35.67,79.5,16.5,102.0,99.5,-15
38.33,156.0,26.0,105.0,94.0,-48
36.44,85.0,26.0,106.0,97.0,-45
36.06,114.0,21.0,131.0,98.5,-17
36.67,60.0,17.0,120.0,97.0,-29
36.25,74.0,10.75,137.0,100.0,-16
36.28,70.0,18.0,127.0,98.0,-14
37.1,126.0,16.0,97.5,100.0,-36
36.4,92.0,9.0,112.0,100.0,-40
36.0,83.0,19.0,93.0,100.0,-31
36.17,78.0,26.0,94.0,99.0,-57
36.45,100.0,11.0,104.0,100.0,-54
36.0,81.0,20.0,76.5,59.0,-7
36.94,114.0,14.0,141.0,98.0,-38
36.61,50.0,16.0,131.5,96.0,-55
37.39,77.0,22.0,159.0,97.0,-31
37.06,86.0,18.0,129.0,96.0,-39
35.11,84.0,24.0,107.0,100.0,-11
37.78,93.0,16.5,127.5,91.0,4
36.89,135.0,21.0,120.0,97.0,-22
36.2,68.0,10.0,104.0,100.0,-9
36.28,67.0,17.0,101.0,99.0,-40
35.9,84.5,14.0,108.0,100.0,-17
37.67,86.5,25.5,127.5,90.5,-40
36.5,84.0,12.75,126.0,99.5,-56
36.0,77.0,24.0,109.0,97.0,-41
36.17,80.0,21.0,109.0,100.0,-22
38.22,88.0,32.0,125.0,97.0,-10
37.28,88.0,19.0,162.0,97.0,-17
35.8,74.0,11.0,108.0,98.0,-7
36.61,76.0,14.0,161.0,99.0,-46
37.2,83.0,16.0,124.0,96.0,-34
35.56,65.0,13.5,128.0,100.0,-11
36.1,87.0,12.0,90.0,99.5,-40
35.65,76.5,10.0,129.5,100.0,-40
36.94,98.0,19.0,96.5,98.0,-37
38.17,103.0,15.0,105.0,98.0,72
38.39,103.0,14.0,201.0,100.0,-55
36.8,88.5,10.0,115.0,100.0,-39
38.17,95.0,19.0,165.0,99.0,-52
36.89,82.0,18.0,100.0,100.0,-22
36.78,61.0,20.0,109.0,98.0,-21
37.33,94.0,16.0,157.0,100.0,-37
37.28,90.0,12.0,136.0,100.0,-12
30.72,56.0,18.0,122.0,100.0,-36
36.44,99.0,13.0,162.0,99.0,-46
37.56,78.0,15.5,93.0,97.0,-53
37.67,79.0,13.0,118.0,98.0,-11
34.28,74.0,16.0,115.0,99.0,-15
37.0,63.0,16.0,118.0,98.0,-33
35.44,71.0,17.0,136.0,98.0,-31
35.61,89.0,20.0,107.0,96.0,-28
36.44,76.0,19.0,73.0,98.0,-46
34.0,107.0,17.0,136.0,95.0,-11
36.72,68.0,25.0,154.5,100.0,82
37.22,89.0,20.0,105.0,100.0,-27
36.67,60.0,9.0,141.0,98.0,-36
35.78,60.0,17.0,100.0,100.0,-39
35.7,96.0,16.0,115.0,100.0,-36
36.97,59.0,23.0,101.0,98.0,-53
35.8,77.0,10.0,125.5,100.0,-24
36.22,82.5,25.0,101.5,89.5,-44
35.78,69.0,16.0,101.0,100.0,-22
36.56,101.0,19.0,140.0,100.0,-42
36.61,60.0,14.0,115.0,100.0,-36
36.83,90.0,20.0,105.0,97.0,-20
38.33,89.0,24.0,97.0,100.0,-39
36.22,142.5,26.0,112.0,95.0,-29
35.22,106.0,28.0,109.5,100.0,-35
37.56,91.0,25.0,102.0,100.0,-34
36.78,92.0,24.0,120.0,100.0,-15
36.7,106.0,38.0,104.5,96.0,-55
35.0,83.0,21.0,164.0,100.0,-37
37.39,88.0,21.0,105.0,98.0,-17
35.22,123.5,14.5,122.0,100.0,-48
36.22,65.0,12.5,152.0,100.0,-41
38.72,105.0,26.5,150.0,100.0,12
37.39,92.0,28.0,165.0,98.0,-49
36.25,75.5,10.0,101.5,100.0,-18
36.22,71.0,8.0,102.0,100.0,-19
37.67,144.5,17.0,145.0,100.0,115
38.0,77.0,19.0,99.0,95.0,-7
36.56,58.5,16.25,147.0,97.0,-54
38.22,86.0,10.0,104.0,100.0,-30
36.83,69.0,18.0,86.0,97.0,-34
38.56,120.0,19.0,100.0,96.0,-51
36.11,60.0,16.0,145.0,95.0,-36
36.44,66.0,15.0,121.0,98.0,-18
36.0,73.0,15.5,106.0,94.0,-18
37.0,120.0,23.0,104.0,97.0,-49
35.72,115.5,27.5,92.5,98.5,-38
36.72,78.0,16.0,98.0,97.0,-32
35.85,74.0,12.0,102.0,100.0,-29
37.11,112.0,25.0,97.0,100.0,-24
37.56,92.0,10.0,112.0,100.0,-11
36.0,88.0,13.0,98.0,100.0,-13
36.72,79.0,15.0,104.5,100.0,-20
36.89,115.0,14.0,134.0,100.0,-30
36.28,98.0,16.0,90.0,96.0,-48
36.0,104.5,14.0,122.0,100.0,-16
36.67,99.5,19.0,131.0,97.5,-15
36.56,91.0,14.5,120.0,98.0,-45
36.94,87.0,14.0,96.0,89.0,-41
36.17,74.0,17.0,154.0,99.0,-50
35.55,72.5,9.0,101.5,100.0,-18
38.39,100.0,20.0,165.0,100.0,-44
37.06,87.0,14.0,111.0,97.0,-31
37.56,80.0,11.0,123.0,99.0,-30
36.56,46.0,16.0,129.0,100.0,-49
36.28,89.0,15.0,119.5,96.0,3
35.8,91.0,10.0,103.5,100.0,3
37.78,86.0,13.0,124.0,98.0,-15
35.7,80.0,12.0,123.0,100.0,-16
36.89,90.5,21.0,102.0,100.0,-36
38.44,99.0,28.5,104.0,94.5,-64
36.61,84.0,20.0,113.0,93.0,-17
36.5,80.0,14.0,113.0,100.0,-21
36.83,92.0,15.0,121.0,96.0,-41
35.11,75.0,12.0,113.0,100.0,0
37.39,92.0,17.0,97.0,97.0,-36
36.11,89.0,20.0,104.0,100.0,-20
37.5,88.0,14.0,102.0,100.0,-5
37.28,95.0,13.0,144.0,100.0,-14
37.61,110.0,23.0,116.0,97.0,-12
37.11,72.0,22.0,133.0,98.0,-38
36.44,72.0,16.0,104.0,96.0,-15
36.72,125.0,23.0,126.0,100.0,-44
35.8,80.0,15.0,111.0,100.0,-44
37.61,88.0,17.0,150.0,99.5,-34
37.33,90.0,26.0,112.0,95.0,-56
36.17,56.0,24.0,100.0,99.0,-33
36.72,101.5,23.5,152.0,98.0,-41
36.44,101.0,29.0,111.0,97.0,-48
36.56,93.0,13.0,103.0,97.0,-16
36.56,98.0,12.0,124.0,100.0,-50
36.7,80.0,14.0,121.0,100.0,-47
35.83,93.0,22.0,124.0,98.0,-30
36.67,97.0,13.0,156.0,99.0,-21
37.06,92.5,24.5,118.5,99.0,-15
36.89,76.0,17.0,111.0,100.0,-11
36.33,89.0,15.0,140.5,94.0,-18
37.25,78.5,12.0,143.5,100.0,-36
35.89,67.0,17.0,110.0,96.0,-14
36.35,61.0,21.0,136.0,100.0,-54
35.7,79.0,10.0,115.0,100.0,-17
36.72,114.0,25.0,102.0,96.0,-26
38.22,87.0,10.5,108.0,99.0,-39
36.5,49.0,15.0,144.0,97.0,-8
38.3,95.0,38.0,114.5,100.0,-20
36.3,69.0,18.0,113.0,100.0,-19
35.67,88.5,17.25,90.5,100.0,-38
36.83,82.0,13.0,132.0,98.0,-43
36.9,84.0,10.0,127.0,100.0,-17
35.89,109.0,22.0,132.0,92.0,0
36.0,80.0,12.0,116.5,95.5,-13
36.89,69.0,15.5,90.0,97.0,-18
36.83,82.5,19.0,82.5,100.0,-48
35.9,107.0,15.5,95.0,100.0,-41
37.06,99.0,21.0,101.0,97.0,-24
36.7,86.0,10.0,106.0,100.0,-52
37.6,82.0,10.0,130.0,100.0,-37
35.5,90.0,12.0,135.0,100.0,-18
37.22,99.0,12.0,144.0,96.0,-10
37.67,76.0,16.0,123.0,98.0,-20
37.56,104.0,24.5,106.0,100.0,-48
36.89,61.0,18.0,151.5,97.0,-46
37.33,85.0,13.0,91.0,100.0,-9
38.17,126.0,33.0,83.0,89.0,-17
37.28,54.0,25.0,139.0,98.0,-46
37.06,76.0,14.0,136.0,100.0,-15
38.22,70.0,16.0,126.0,99.0,-34
37.0,85.0,16.0,101.0,100.0,-36
37.33,89.0,13.25,158.5,99.0,0
37.39,77.0,19.0,89.0,100.0,-9
36.56,78.0,12.0,144.0,100.0,-12
37.0,62.0,14.0,88.0,96.0,40
37.6,76.0,20.0,96.0,100.0,-39
35.65,88.0,10.0,122.5,99.5,-55
36.39,51.0,12.0,113.0,100.0,-9
35.8,108.0,14.0,123.0,100.0,-52
35.25,86.0,10.0,103.5,100.0,-36
36.67,72.0,19.0,138.0,100.0,-28
36.56,72.0,20.0,130.5,100.0,-12
35.11,84.0,16.0,108.25,100.0,-37
37.0,91.0,12.0,126.0,100.0,-21
36.15,82.0,14.0,109.0,100.0,-14
36.56,72.0,14.0,113.0,98.0,-34
36.94,76.0,20.0,119.0,92.0,-51
35.4,61.0,20.0,84.0,100.0,-22
37.6,80.0,12.5,130.0,100.0,-36
36.67,86.0,16.0,83.0,94.0,-34
36.2,93.0,14.0,146.0,100.0,-32
36.35,80.0,14.0,125.0,100.0,-23
36.17,76.0,24.0,138.0,99.0,-40
37.11,69.0,15.0,127.0,100.0,-34
37.17,73.0,22.0,108.0,100.0,-35
35.89,97.0,17.0,189.0,95.0,-48
36.2,101.0,15.5,100.5,99.5,-38
35.89,85.0,15.0,124.0,99.5,-44
37.11,103.5,42.5,225.0,77.5,-30
35.61,78.0,15.0,147.0,100.0,-36
35.5,94.0,10.0,110.0,100.0,-44
37.56,101.0,18.0,123.0,97.0,-39
34.8,66.0,10.0,121.0,100.0,-9
35.94,66.0,15.0,105.0,100.0,-34
34.65,85.0,12.0,105.0,100.0,-19
35.89,70.0,14.0,155.0,96.0,-22
36.5,72.5,20.5,120.0,98.5,-3
36.35,80.0,12.0,111.5,100.0,-18
33.61,121.0,22.0,74.5,100.0,-5
35.72,90.0,12.0,128.5,96.5,-53
36.83,51.0,12.0,94.0,99.0,-46
36.67,77.5,11.0,84.0,100.0,-14
36.33,100.0,24.0,85.0,99.0,-53
36.33,77.0,15.0,113.0,97.0,-50
37.08,79.0,12.0,98.0,98.0,-52
37.06,99.0,25.0,118.0,100.0,-14
36.8,75.0,16.0,84.0,100.0,-29
36.17,114.0,23.0,121.0,98.0,-25
36.89,83.0,14.0,115.0,100.0,-48
36.06,76.0,14.0,118.0,98.0,-16
37.39,99.0,13.0,96.0,99.0,-34
35.5,50.0,9.0,128.0,98.0,-48
37.72,83.0,28.5,156.0,90.0,-54
36.83,76.0,38.0,101.0,98.0,-17
36.0,100.0,19.5,101.75,99.0,-46
35.94,62.0,5.0,107.0,96.0,-15
36.89,90.5,19.0,164.5,95.0,-13
36.0,104.0,14.0,131.0,98.0,-16
36.17,77.0,14.5,136.0,100.0,-35
36.78,77.0,16.0,113.0,96.0,-35
37.8,57.0,16.0,102.0,100.0,-21
36.78,77.0,25.0,125.0,97.0,-31
36.78,89.0,18.0,109.0,100.0,-40
35.56,80.0,10.0,124.0,100.0,-47
35.7,88.0,13.0,126.0,100.0,-15
36.22,73.0,16.0,114.0,99.0,-56
36.5,75.0,14.0,145.0,97.0,-32
37.28,103.0,18.0,105.0,98.0,-38
37.5,103.0,21.0,96.0,100.0,-21
36.89,69.0,12.0,87.0,94.0,-18
36.56,115.0,17.0,105.0,100.0,-18
36.25,104.0,17.5,97.0,100.0,-35
37.61,87.0,12.5,139.5,98.5,-55
35.44,100.0,27.0,113.0,100.0,-41
37.83,103.5,22.0,81.0,91.0,-1
36.67,82.0,16.0,105.0,100.0,26
34.6,87.0,10.5,127.0,100.0,-32
37.0,84.0,15.0,133.0,98.0,-12
36.5,121.5,15.5,107.0,98.0,-22
37.44,71.0,19.5,139.0,100.0,-47
37.11,103.0,19.0,146.0,99.0,-50
35.67,91.0,19.0,80.0,93.0,-39
36.67,84.0,16.0,93.0,98.0,-23
36.89,84.0,16.0,79.5,100.0,-18
35.9,85.0,21.0,115.0,100.0,-42
36.83,84.0,20.0,93.0,97.0,-13
36.8,96.0,22.0,107.0,100.0,49
36.28,151.0,23.0,101.0,95.0,-22
36.5,90.0,12.0,121.0,100.0,-36
35.55,77.0,10.5,107.0,100.0,-18
37.05,82.0,12.0,158.0,100.0,-42
35.56,95.0,16.0,101.0,100.0,-35
36.11,96.0,17.0,111.0,91.0,-38
36.55,84.0,15.25,101.0,96.5,-34
36.11,72.0,16.0,106.0,100.0,-26
37.22,80.0,12.0,103.0,99.0,-58
37.2,88.0,21.0,145.0,100.0,-35
37.11,72.5,14.0,136.5,99.0,-37
35.0,90.0,14.25,146.5,100.0,-52
38.0,68.0,26.0,109.0,98.0,37
35.56,78.0,18.0,104.0,99.0,145
36.81,97.5,20.0,111.5,99.0,-20
36.89,111.0,33.0,167.0,99.0,-36
36.83,91.0,14.0,89.0,100.0,-40
36.72,77.0,13.0,123.0,95.0,-49
35.22,76.0,15.0,150.0,99.0,203
38.0,128.0,14.5,122.0,100.0,-57
35.78,84.5,13.0,79.5,100.0,-32
36.56,73.0,13.0,118.0,100.0,-22
36.25,80.0,18.0,100.0,100.0,-19
36.28,64.0,14.0,97.5,100.0,-20
37.56,92.0,20.0,116.0,98.0,-46
36.65,87.0,14.0,101.0,100.0,-19
36.39,82.0,28.0,108.0,100.0,-20
37.28,91.0,14.0,117.0,92.5,-31
37.78,100.0,17.0,86.0,100.0,-38
36.2,82.0,11.0,98.0,100.0,-40
36.72,97.0,20.0,114.0,96.0,-32
36.83,80.0,12.0,116.5,100.0,-31
37.3,83.0,14.0,175.0,100.0,-45
36.33,90.0,20.0,161.0,99.0,-28
37.28,84.0,24.0,171.0,96.0,-39
37.78,52.0,19.0,119.0,99.0,-29
37.28,87.0,17.0,129.0,97.0,-19
37.06,107.0,18.0,162.0,97.0,-37
36.61,100.0,20.0,144.0,96.0,111
36.67,52.0,14.0,92.0,100.0,-47
37.67,70.0,16.0,164.0,98.0,-29
37.44,92.0,30.0,149.0,95.0,104
35.97,80.0,26.0,111.5,100.0,-17
35.56,86.0,18.0,93.0,89.0,-54
36.72,63.0,15.0,121.0,100.0,-17
37.56,126.0,16.0,138.0,96.0,-11
33.0,44.0,14.0,127.0,100.0,-33
37.11,110.0,27.0,136.0,78.0,88
38.89,105.0,24.0,165.0,99.5,-56
37.11,74.0,14.0,131.0,100.0,-15
35.72,87.0,19.0,153.0,97.0,-32
38.67,81.0,19.0,145.0,99.0,-22
36.2,87.0,12.5,89.0,100.0,-31
35.33,122.0,15.0,102.0,99.0,-20
36.1,72.0,13.0,128.0,100.0,-47
37.17,128.0,24.0,96.5,98.5,-48
37.06,65.0,12.0,101.0,98.0,-51
36.3,95.0,12.0,119.5,100.0,-48
35.56,120.0,32.0,84.0,99.0,60
35.56,79.0,19.0,104.0,99.0,-12
36.2,80.0,17.0,118.0,97.0,-16
36.61,93.0,14.5,137.0,100.0,-37
37.17,88.0,16.0,139.0,100.0,-40
38.0,115.0,16.5,125.0,100.0,39
35.65,86.0,10.0,113.0,100.0,-43
36.78,106.0,16.0,130.0,100.0,-45
36.78,63.0,17.0,135.0,98.0,-20
36.67,48.0,19.0,98.0,96.0,-20
33.5,65.0,20.0,93.0,93.0,99
36.17,76.0,16.0,162.0,100.0,-34
36.58,65.5,16.0,111.5,95.5,-36
36.67,68.0,17.0,118.0,100.0,-38
35.61,94.0,36.0,83.0,98.0,-41
37.3,76.0,16.0,118.5,100.0,-14
36.78,71.0,15.0,133.0,100.0,-44
36.89,82.0,23.0,116.0,98.0,-9
36.89,72.0,17.0,111.0,93.0,-21
38.0,104.0,18.0,127.0,99.0,-38
36.94,78.5,17.5,141.5,100.0,-28
37.22,111.5,24.0,114.0,93.0,-21
35.72,87.0,11.0,166.5,100.0,-39
36.06,78.0,16.0,112.0,97.0,-55
36.39,92.0,15.0,151.0,100.0,-45
36.67,58.0,16.0,119.0,97.0,-38
38.39,131.0,23.0,108.0,97.0,-26
35.94,68.0,13.5,100.0,97.0,-16
36.5,94.0,20.0,149.0,91.5,-10
36.4,86.0,10.0,115.0,100.0,-38
36.44,74.5,16.5,123.0,97.5,-40
36.89,105.0,18.0,138.0,99.0,-39
36.89,65.0,18.0,105.0,97.0,-12
36.5,88.0,14.0,102.0,95.0,-16
36.5,102.0,17.0,108.0,96.0,-47
36.0,65.0,19.0,148.0,100.0,-45
36.89,76.0,21.0,110.0,95.0,-29
36.78,56.0,19.0,143.0,98.0,-29
35.22,81.5,12.0,122.5,100.0,-32
36.61,82.5,19.0,156.0,100.0,-34
37.0,85.0,18.0,136.0,94.0,207
35.67,78.0,10.0,122.0,99.5,-44
36.33,88.0,20.0,129.0,100.0,-44
36.44,89.0,20.0,116.0,99.0,-36
35.9,79.5,22.0,120.0,100.0,-25
35.83,56.0,11.0,143.0,100.0,-35
36.0,80.0,12.25,125.0,100.0,-36
36.78,101.0,25.0,102.0,93.0,-40
36.72,61.0,16.0,118.5,98.0,-17
37.5,120.0,15.5,139.0,98.5,-12
37.17,91.0,12.0,152.0,96.0,-20
36.3,92.0,12.0,107.0,100.0,-40
35.33,70.0,16.0,112.0,99.0,-18
36.56,61.0,22.25,142.0,100.0,-7
36.0,80.0,12.0,119.0,100.0,-46
37.0,99.0,16.0,128.0,97.0,-32
36.11,86.0,10.0,155.0,99.0,-57
36.5,59.0,14.0,116.0,91.0,-52
36.17,69.0,16.0,149.0,100.0,-43
36.06,73.0,14.0,164.5,100.0,-15
36.11,70.0,9.0,107.0,97.0,-37
35.1,100.0,11.0,107.0,100.0,-30
38.39,104.0,22.0,103.0,99.0,-44
37.0,85.0,8.0,105.0,98.0,-20
36.1,64.0,18.0,114.0,99.0,-39
37.44,71.0,21.0,105.0,99.0,-54
35.06,82.0,15.5,136.5,100.0,-35
39.11,109.0,25.0,81.0,98.5,-18
36.39,107.0,15.0,131.0,100.0,-56
37.89,70.0,14.0,104.0,99.0,-46
36.1,95.0,11.0,126.5,100.0,-44
36.61,66.5,10.0,112.5,100.0,-34
35.22,72.5,15.0,102.5,100.0,-49
36.67,75.0,21.0,176.0,100.0,-45
35.3,85.0,16.0,125.0,100.0,-17
37.67,118.0,29.0,99.0,99.0,-36
37.11,78.0,15.0,89.0,98.0,-39
36.83,81.0,19.0,135.0,97.0,-34
37.67,84.0,19.0,149.0,97.0,-28
37.0,64.0,14.0,141.0,99.0,-52
36.3,76.5,15.5,115.0,94.5,-22
37.11,87.0,14.0,168.0,100.0,-7
37.11,58.0,18.0,104.0,99.0,-35
37.11,86.0,22.0,154.0,100.0,-16
37.0,104.0,23.0,92.0,97.0,-26
37.0,82.0,14.0,103.5,100.0,-33
35.56,121.0,42.0,120.0,95.0,-55
36.56,81.0,16.0,102.0,100.0,-38
37.0,72.0,16.0,111.5,97.0,-38
38.72,62.0,16.5,144.0,100.0,-24
36.33,68.0,17.0,114.0,99.0,-18
38.1,94.0,15.5,136.0,98.5,-47
36.94,81.0,13.0,111.0,99.0,-30
37.39,94.0,29.0,112.0,89.0,-47
36.83,95.5,20.5,148.0,99.0,-28
36.78,78.0,18.0,118.0,96.0,-35
36.89,129.5,17.0,111.0,98.0,-9
37.28,69.0,28.0,127.0,95.0,16
36.83,83.0,25.0,158.0,96.0,-37
35.5,82.0,14.0,102.5,99.5,-47
36.85,80.0,16.0,98.0,100.0,-20
36.7,91.0,12.0,111.0,100.0,-35
35.56,71.0,17.0,89.0,96.0,-53
36.28,88.0,19.0,98.0,97.0,-43
35.33,74.0,23.0,105.0,99.0,71
37.0,80.0,12.0,107.5,100.0,-36
36.08,76.5,12.5,99.5,100.0,-34
37.94,101.0,20.0,108.0,100.0,-33
36.83,71.0,16.0,152.0,97.0,-39
35.33,63.5,14.5,158.75,97.5,-51
36.89,76.5,19.5,95.5,96.0,-55
37.44,57.0,22.0,95.5,95.0,-54
36.28,101.0,18.0,115.0,99.0,-36
36.78,89.0,16.0,124.0,97.0,-20
37.56,121.0,28.5,123.5,96.0,-43
36.2,84.0,14.0,121.0,100.0,-18
37.33,59.0,21.0,97.0,97.0,-18
36.11,70.0,13.0,126.0,97.0,-38
35.85,73.0,17.0,111.5,100.0,-15
36.44,81.0,18.5,130.0,98.5,-33
36.89,71.0,24.0,130.0,87.0,-48
36.45,87.0,11.0,106.0,100.0,-43
36.0,89.0,19.0,98.0,95.0,-47
35.2,91.0,12.5,96.0,98.5,-39
36.2,80.0,16.0,120.5,100.0,-49
34.6,67.0,14.0,112.5,100.0,-39
37.11,64.0,14.0,119.0,97.0,-44
35.1,60.0,14.0,115.0,100.0,-46
38.28,108.0,17.0,104.5,100.0,-32
35.9,91.0,12.0,123.0,100.0,-17
36.33,58.0,17.5,143.0,97.0,-18
36.78,94.0,14.0,158.0,96.0,-41
36.78,103.0,22.0,112.0,99.0,-33
36.4,93.0,12.0,115.5,100.0,-40
34.72,41.0,17.0,101.0,100.0,-53
38.56,93.0,27.0,115.0,92.0,0
36.78,95.0,21.5,154.0,100.0,-38
36.89,84.0,10.5,122.0,100.0,-40
35.94,50.0,13.0,137.0,98.5,-35
36.89,81.0,11.0,82.0,95.0,-43
35.56,126.0,18.0,103.5,93.5,-30
36.22,81.0,16.0,143.0,100.0,-14
37.0,108.0,26.0,153.0,95.0,-34
38.83,71.5,16.0,97.75,100.0,-37
36.4,68.0,14.0,124.0,100.0,-27
36.0,97.0,17.0,102.0,93.0,-47
36.28,70.0,16.5,131.0,96.5,-4
36.44,78.5,16.0,159.25,100.0,-37
36.61,70.0,13.0,101.0,99.0,0
36.06,61.0,15.0,155.0,98.0,-32
36.0,87.5,16.5,155.0,100.0,-29
36.56,60.0,16.0,106.0,95.0,-42
36.22,69.0,12.0,120.0,98.0,-45
35.67,73.5,17.0,132.0,100.0,-41
38.11,75.0,16.0,109.0,100.0,-33
36.17,81.0,12.0,97.0,98.0,-53
35.33,62.0,13.0,96.0,99.0,-23
35.0,94.0,16.0,95.0,100.0,-37
36.78,90.0,9.0,146.0,99.0,-13
36.11,92.0,16.0,102.0,99.0,-20
36.22,89.0,18.0,121.0,98.0,-34
36.3,80.0,12.0,110.0,100.0,-21
36.7,75.0,12.0,108.0,100.0,-24
36.28,93.0,13.0,113.5,100.0,-52
36.3,88.0,11.0,111.5,100.0,-32
36.06,67.0,23.0,126.0,93.0,-31
36.39,74.0,14.0,114.0,96.0,-8
36.5,82.5,14.0,113.0,100.0,-14
36.7,88.5,12.5,115.5,100.0,-15
35.17,89.0,14.0,114.0,100.0,-13
36.72,107.5,21.0,135.5,99.5,-20
35.83,65.0,14.0,153.0,99.0,-46
36.78,75.5,22.5,86.0,98.0,-29
36.56,88.0,10.0,108.0,94.0,-25
36.17,75.5,13.5,107.0,98.5,-11
35.85,87.0,10.0,86.0,100.0,-49
35.83,106.0,25.5,128.5,98.5,-36
37.06,78.0,14.0,104.0,98.0,-19
35.3,76.0,16.0,99.0,100.0,-31
38.33,116.0,10.0,104.5,100.0,-53
36.28,82.0,18.0,109.5,100.0,-28
38.89,85.0,34.0,118.0,93.0,-49
38.5,127.0,12.0,88.75,99.0,-37
37.22,136.5,20.0,126.5,100.0,-46
37.33,84.0,16.5,143.0,99.0,-42
34.6,87.0,14.0,93.0,97.0,-30
36.11,70.0,23.5,115.5,94.0,-8
37.44,98.0,20.0,118.0,100.0,14
36.89,63.0,11.0,119.0,97.0,-20
37.5,99.0,22.0,126.0,93.0,-31
36.7,100.0,16.0,91.0,72.0,-37
35.69,106.0,15.0,87.0,98.5,-45
35.7,89.5,10.0,108.0,100.0,-26
35.6,89.0,14.0,127.5,100.0,-28
37.72,57.0,14.0,126.0,100.0,-40
35.9,88.5,12.0,145.5,100.0,-17
37.39,78.0,17.0,144.0,99.0,-36
36.56,78.0,25.5,132.0,100.0,-32
36.11,76.0,17.0,102.0,96.0,-21
37.28,77.0,19.0,155.0,99.0,-51
36.83,93.5,26.0,98.0,98.0,-44
37.17,83.0,21.0,120.0,100.0,-41
37.28,113.0,19.5,135.0,100.0,-33
35.78,103.0,16.0,96.0,97.0,-16
36.28,61.0,15.0,129.0,100.0,-55
37.33,92.0,21.0,113.0,97.0,-31
36.11,69.0,14.0,149.0,100.0,-38
36.65,98.0,12.0,123.0,100.0,-21
37.22,75.0,19.0,136.0,100.0,-19
36.56,67.0,15.0,111.0,99.0,-37
37.17,77.0,22.0,141.0,100.0,-37
36.56,57.0,16.0,147.0,97.0,-25
37.61,104.0,7.5,171.5,100.0,-34
37.0,67.0,17.0,123.0,100.0,-29
36.44,87.0,20.5,149.0,100.0,-36
36.44,85.0,16.0,138.0,100.0,-19
36.83,72.0,30.5,119.5,99.0,-54
36.44,83.0,17.0,102.0,99.0,-36
36.72,68.0,8.0,97.0,95.0,-8
36.28,53.0,13.0,121.0,100.0,-32
35.56,54.0,24.0,119.0,100.0,-45
35.6,84.5,12.75,110.5,100.0,-17
36.28,88.0,18.5,105.0,97.0,-32
36.39,103.0,18.0,121.0,95.0,-14
36.94,97.5,11.5,151.5,100.0,-39
36.44,63.0,14.0,154.0,100.0,-16
36.3,88.0,14.0,115.5,95.5,-19
36.22,47.0,15.0,110.0,99.5,-44
36.89,102.0,22.0,124.0,94.0,108
38.56,66.0,14.0,150.5,100.0,-37
36.28,74.0,24.0,126.0,91.0,-32
36.5,81.0,12.5,112.0,100.0,-32
36.78,79.0,17.0,90.0,96.0,-11
34.95,72.5,12.0,112.5,100.0,-16
36.83,105.0,15.0,82.0,99.0,-26
37.44,55.0,30.0,134.0,99.0,-37
37.89,84.0,19.0,102.0,100.0,-44
36.42,66.0,22.0,89.0,96.0,-53
37.11,78.0,20.0,117.0,94.0,-10
36.1,60.0,14.0,106.0,100.0,-46
37.33,82.0,17.0,133.0,97.0,-22
36.94,105.0,14.0,102.0,100.0,-54
38.72,79.0,16.5,142.0,100.0,83
36.56,94.0,21.0,100.0,98.0,-13
37.0,61.0,14.0,115.0,98.0,-9
36.94,93.0,20.0,121.0,97.0,-17
37.0,69.5,14.5,171.0,100.0,-34
36.22,85.0,15.5,109.0,100.0,-35
37.5,84.0,13.0,162.0,98.0,-9
37.28,84.0,16.0,147.5,96.0,-21
36.5,81.5,14.0,114.0,99.0,-15
36.67,89.0,13.0,109.0,99.0,-52
35.5,84.0,12.5,103.5,100.0,-20
33.9,67.0,11.0,145.0,100.0,-51
36.67,112.0,18.0,97.0,100.0,-7
38.17,92.0,19.0,136.0,99.0,-53
36.28,114.5,24.5,105.5,100.0,-51
35.3,87.0,13.0,123.0,99.0,-47
38.22,101.0,32.0,87.0,100.0,6
36.94,83.0,15.0,117.0,98.0,-19
37.28,94.0,17.0,101.0,95.0,-33
35.33,111.0,28.0,98.0,100.0,-36
35.44,117.0,16.0,137.0,100.0,-49
36.72,65.0,20.0,128.0,95.0,-22
37.5,76.0,13.0,105.0,95.0,-48
36.3,99.0,10.0,98.5,100.0,-50
35.44,61.0,18.0,119.0,98.0,-22
35.75,94.0,10.0,92.0,100.0,-1
37.0,97.0,16.0,100.0,97.0,-14
36.56,84.0,13.0,90.0,94.0,-43
35.3,113.0,26.0,94.5,69.0,-4
35.89,62.0,20.0,154.0,99.0,-45
36.33,56.0,12.0,125.0,100.0,-18
37.6,78.0,17.0,138.0,100.0,3
37.22,115.0,18.0,112.0,93.0,-39
36.17,69.0,12.5,97.0,97.0,-53
36.28,87.0,22.0,107.0,100.0,-28
38.17,102.0,13.5,125.0,99.0,-55
37.33,83.0,18.0,103.0,94.0,0
35.94,73.5,17.0,143.0,100.0,0
36.78,100.0,19.0,137.0,96.0,-16
39.0,97.0,13.5,113.5,97.0,-38
36.11,63.0,18.5,118.0,100.0,-32
35.9,72.0,10.0,115.0,100.0,-44
36.5,86.0,14.0,123.0,100.0,-13
35.2,88.0,16.0,112.0,100.0,-12
34.5,67.0,8.0,186.0,100.0,-44
37.56,98.5,18.5,156.25,99.0,96
36.06,51.0,12.0,110.5,98.0,-34
35.94,44.0,17.0,101.5,94.0,-44
35.89,63.0,22.0,112.0,100.0,-35
36.22,66.0,12.0,150.0,70.0,-37
36.89,60.0,16.0,124.0,95.0,-8
36.89,75.0,20.5,138.5,99.5,-17
36.22,75.0,13.0,118.0,99.0,-6
36.22,65.0,14.0,115.0,97.0,-7
36.17,79.0,21.0,136.0,96.0,-54
36.61,89.0,18.5,142.0,99.5,-38
35.56,70.0,16.0,93.0,98.0,-50
37.22,116.0,24.0,128.0,100.0,-34
36.33,77.0,14.0,149.0,96.0,-38
36.56,90.0,23.5,151.5,100.0,-12
36.4,95.5,10.0,108.0,100.0,-46
35.72,74.0,15.5,163.0,97.0,-13
36.7,88.0,14.0,120.0,100.0,-23
36.67,88.0,23.0,137.0,99.0,-24
35.5,88.0,18.0,94.0,97.0,-50
37.4,60.0,26.0,97.0,96.0,-43
37.22,77.0,17.0,91.0,99.0,-38
38.33,58.0,16.0,126.0,97.0,-38
38.25,129.0,24.0,126.0,100.0,-48
36.72,93.0,16.0,131.0,97.0,-17
36.67,72.0,13.0,99.0,99.0,-45
36.39,108.0,29.0,112.5,95.0,40
36.33,131.0,21.0,93.0,100.0,-29
37.78,89.0,16.0,117.5,95.0,-9
36.89,81.5,19.0,109.5,98.0,-43
37.78,87.0,17.0,133.0,98.0,-36
36.06,68.5,17.5,120.5,94.5,-40
36.72,72.0,15.0,127.0,98.0,-56
34.78,102.5,26.0,95.0,98.5,-44
36.44,96.0,18.0,93.0,100.0,15
37.33,98.0,16.5,131.5,99.5,-38
36.39,51.0,15.0,168.0,95.0,-53
36.22,69.0,15.0,114.0,98.0,-9
36.44,96.0,16.0,174.0,95.0,-38
35.33,71.0,18.5,142.0,100.0,0
37.56,73.0,26.0,113.0,96.0,-22
37.17,101.0,22.0,174.25,95.0,-5
36.56,113.0,16.0,131.0,100.0,-38
37.11,85.5,20.0,116.0,96.5,-25
35.85,94.5,16.0,109.0,100.0,-40
35.72,60.5,11.0,128.5,99.0,-39
35.67,64.0,15.0,117.0,93.0,-53
39.05,97.0,19.0,109.75,94.0,-13
36.0,66.0,13.0,113.0,100.0,-30
36.72,62.0,17.0,113.0,94.0,-39
35.78,91.0,19.0,139.0,97.0,-32
37.44,85.0,13.0,117.0,100.0,-9
36.56,91.0,12.0,123.0,100.0,-18
37.06,71.0,9.0,101.0,100.0,-20
36.0,95.5,11.5,126.5,96.5,-26
36.14,80.0,21.0,140.0,100.0,-38
36.28,101.0,15.0,99.0,96.0,-25
35.75,84.0,14.0,116.0,100.0,-34
36.89,70.0,18.0,126.0,100.0,-35
37.0,89.0,18.0,136.0,99.0,17
36.42,64.0,23.0,153.5,99.5,-17
35.5,119.0,20.0,152.0,97.0,-36
37.39,65.0,21.0,113.0,93.0,-27
37.44,97.5,25.0,105.5,97.0,-15
35.56,83.0,20.0,148.0,91.0,-37
36.83,90.0,24.0,117.0,100.0,-15
36.67,85.0,28.0,127.0,98.0,-39
36.67,82.0,14.0,118.0,100.0,-36
36.45,85.0,10.0,100.5,100.0,-35
36.2,90.0,14.0,123.0,100.0,-43
36.72,71.5,16.5,122.0,99.0,-44
37.0,51.0,13.0,125.0,97.0,-4
39.0,116.0,24.0,149.0,97.0,-20
36.6,85.0,15.0,114.0,100.0,2
35.78,100.0,20.0,94.0,100.0,-1
36.89,80.0,16.0,105.0,99.0,-23
36.56,74.0,15.0,137.0,98.0,-17
36.4,91.0,13.5,94.5,99.0,-41
36.06,62.0,18.0,196.5,98.0,-34
36.9,71.5,16.0,140.0,99.5,-55
39.28,106.0,16.0,98.0,96.0,-45
38.78,105.5,20.0,99.0,98.5,3
36.8,59.5,15.0,113.0,100.0,-36
33.89,83.0,21.0,101.0,100.0,-33
35.72,80.0,14.0,117.0,100.0,-17
36.61,82.0,13.0,114.0,100.0,-57
35.1,104.0,12.0,83.0,100.0,-44
36.67,72.0,19.0,141.0,93.0,-13
36.5,86.0,14.0,96.0,100.0,-43
35.83,72.0,16.0,95.5,100.0,-53
34.6,88.0,14.0,123.0,99.0,-36
36.39,116.0,24.0,152.0,99.0,-37
36.0,69.0,18.5,110.5,100.0,-16
35.72,59.0,13.5,102.0,97.0,-46
37.17,65.0,19.0,113.0,100.0,-18
36.28,54.0,15.0,91.0,97.0,-41
37.17,86.0,27.0,178.0,100.0,-41
36.06,139.5,24.5,113.5,96.0,-37
37.39,88.0,16.0,107.0,100.0,20
37.06,80.0,14.0,161.0,100.0,-54
37.33,96.0,23.0,113.0,97.0,-15
34.94,70.0,22.0,144.5,90.0,-43
36.89,85.0,31.5,113.5,95.0,-35
36.72,88.5,34.5,111.5,100.0,-37
38.0,73.0,18.0,144.0,100.0,-25
35.9,67.0,15.0,125.0,100.0,-22
37.06,81.0,12.0,130.0,99.0,-36
36.89,61.0,13.0,163.0,97.0,-41
35.72,86.0,14.0,125.0,100.0,-22
37.0,122.5,14.5,117.5,100.0,-32
34.7,83.0,12.0,97.0,100.0,-45
34.5,75.0,21.0,83.0,100.0,-45
37.8,94.0,12.0,127.0,100.0,-21
37.17,102.0,15.0,92.0,94.0,-30
35.95,89.0,10.0,115.5,99.5,-32
37.72,85.0,17.0,141.0,100.0,-28
35.33,101.5,17.0,103.5,96.0,-38
36.67,75.5,18.0,103.0,99.0,0
36.11,76.0,12.5,111.0,100.0,-47
37.0,99.0,26.0,134.0,98.0,-15
37.14,81.0,12.0,108.0,100.0,-24
37.28,95.0,12.0,140.0,100.0,-35
34.92,87.5,12.0,109.5,100.0,-36
36.0,92.5,13.75,121.5,100.0,-35
35.1,77.0,15.5,111.0,100.0,-22
36.94,117.0,18.0,146.0,97.0,-41
37.78,93.0,20.0,109.0,99.0,-12
34.4,73.0,12.0,127.0,100.0,-14
35.9,78.5,8.5,116.5,98.5,-19
38.11,68.0,17.0,128.0,98.0,-16
36.61,75.0,21.0,88.0,97.0,-24
37.5,65.0,12.0,92.5,100.0,-10
38.78,100.0,16.0,104.5,96.0,-38
37.5,112.0,15.0,110.0,96.0,-15
37.83,122.0,16.0,89.0,100.0,-55
36.67,91.0,16.0,108.0,100.0,-13
35.22,63.0,22.0,104.0,100.0,-35
36.2,69.0,14.0,113.0,99.0,-40
36.33,71.0,13.0,142.0,100.0,-30
35.55,82.0,10.0,115.0,100.0,-35
37.06,79.0,12.0,107.0,98.0,-333
34.0,88.0,11.0,117.0,100.0,-50
35.33,76.0,16.0,109.5,98.0,-16
36.89,99.0,22.0,125.0,95.0,-34
36.44,93.0,25.0,125.0,97.0,-37
35.1,79.0,10.0,112.0,100.0,-35
36.56,107.0,21.0,133.0,96.0,-26
37.28,136.5,22.5,121.0,95.5,-50
37.22,91.0,21.0,129.0,95.0,-24
36.56,100.5,29.5,152.0,94.5,-40
36.94,51.0,15.0,108.0,96.0,-28
36.5,73.0,31.0,113.5,99.0,-15
35.35,88.0,14.0,121.0,100.0,-21
37.67,81.0,23.0,93.0,99.0,-26
36.89,74.0,17.0,125.0,100.0,-13
36.28,73.0,18.0,112.0,100.0,-37
37.0,115.0,17.5,117.0,99.0,78
36.0,74.0,12.0,167.0,100.0,-47
38.83,100.0,32.0,122.0,100.0,-34
38.0,99.0,24.0,102.0,98.0,-41
37.3,80.0,28.0,74.0,100.0,-1
36.17,102.0,28.0,106.0,100.0,-35
35.78,104.5,27.0,152.5,100.0,-37
36.78,73.0,19.0,148.0,98.0,-3
39.22,83.0,24.0,128.0,99.0,-43
35.72,94.5,24.5,134.5,100.0,-44
35.06,60.0,20.0,93.0,100.0,-9
36.28,100.0,18.0,142.0,97.0,-1
35.0,84.0,14.0,92.0,100.0,-38
36.44,79.0,10.0,100.0,97.0,-28
37.33,74.0,12.0,98.0,100.0,-24
37.28,73.0,12.0,89.0,100.0,-14
36.28,102.0,21.0,101.0,97.0,-37
36.72,87.5,10.0,119.5,100.0,-20
35.7,65.5,15.5,163.5,100.0,-44
35.56,80.0,15.0,104.0,99.0,-22
36.0,101.0,20.0,104.0,98.0,32
37.44,99.5,17.0,131.0,100.0,-29
37.33,78.0,20.0,125.0,99.0,-25
34.9,69.5,10.0,117.0,100.0,-32
37.0,92.0,14.0,127.0,100.0,-16
35.5,81.0,14.0,130.0,96.0,-42
35.4,71.0,14.0,141.0,100.0,-54
36.11,94.0,15.0,106.0,99.0,-35
36.89,61.0,18.0,112.0,98.0,-51
36.89,90.0,10.5,143.0,100.0,-34
35.33,77.0,13.0,116.0,98.0,-55
35.94,74.0,10.0,165.5,100.0,-33
37.56,78.0,25.0,113.0,99.0,-32
36.83,57.0,11.0,103.0,96.0,-14
35.0,74.5,13.0,98.75,97.0,-29
35.78,71.0,16.0,112.0,100.0,-24
37.44,76.0,18.5,112.0,98.0,28
34.8,87.5,12.0,129.5,97.5,-17
36.75,95.0,12.0,107.0,100.0,-23
36.56,85.0,22.0,167.0,98.0,-37
36.11,88.0,31.0,139.0,100.0,-36
35.78,88.0,14.0,126.0,99.0,-56
36.78,115.0,38.0,102.0,96.0,0
37.0,99.0,14.0,144.0,97.0,-32
36.61,91.0,11.0,113.5,100.0,-44
35.94,79.0,12.0,117.0,100.0,-53
37.67,124.0,16.0,114.0,100.0,-42
35.94,59.0,22.0,97.5,100.0,-36
38.78,58.0,22.0,140.0,99.0,-16
35.94,67.5,13.5,120.0,100.0,-19
36.89,60.0,18.0,136.0,100.0,-2
36.78,120.0,13.0,107.0,99.0,-21
35.89,83.0,22.0,133.0,98.0,-34
36.28,72.0,18.0,135.0,98.0,-43
36.44,73.5,22.0,97.0,95.0,5
35.9,81.5,9.0,123.0,100.0,-22
38.67,101.0,25.0,139.0,99.0,-52
37.56,72.0,16.0,122.5,100.0,-35
35.61,88.0,11.0,136.0,100.0,-38
36.39,83.0,18.0,132.0,100.0,-14
36.06,71.0,10.0,115.0,100.0,-15
37.11,110.0,15.0,126.0,98.0,17
35.44,135.0,27.0,131.0,92.0,-55
35.61,121.0,14.0,117.0,100.0,-52
35.14,67.0,11.0,114.0,100.0,-46
37.17,103.0,30.0,123.0,95.0,-5
37.72,99.0,26.0,104.0,97.0,-37
36.44,90.0,12.0,108.0,100.0,-15
35.78,101.0,21.0,105.0,94.0,-19
36.72,94.0,25.5,121.0,98.0,-56
36.94,74.0,16.0,95.0,96.0,-52
38.17,97.0,12.5,103.0,97.0,-49
36.33,100.0,16.0,122.0,95.0,-25
37.11,89.0,17.5,133.0,94.0,-48
36.1,87.5,11.5,116.5,100.0,-19
37.06,97.0,14.0,96.0,100.0,16
37.28,45.0,16.0,136.0,99.0,-43
35.67,130.0,23.0,110.0,100.0,-31
36.5,77.0,15.0,124.0,100.0,-36
36.67,105.0,14.0,96.5,97.5,0
35.5,106.5,17.0,91.5,100.0,-32
36.5,84.0,22.0,103.0,96.0,-21
35.5,88.5,12.0,117.0,100.0,-24
37.28,150.0,32.0,102.0,95.0,-52
35.17,78.0,18.0,124.0,100.0,-36
37.0,75.0,17.0,102.0,95.0,-6
35.94,95.0,13.0,107.0,99.0,-10
36.11,91.0,23.0,181.5,99.0,-42
38.11,87.0,22.0,97.0,93.0,-42
36.67,103.0,15.5,138.0,99.0,-33
35.0,80.5,10.0,120.0,100.0,-40
36.1,65.0,16.0,92.0,100.0,-15
37.33,80.0,16.0,125.0,100.0,-50
37.11,89.0,20.0,126.0,93.0,-56
36.83,68.0,17.0,124.0,96.0,-37
35.94,97.0,19.0,119.0,94.0,-43
37.78,87.0,11.0,108.0,96.0,-33
36.78,93.0,20.0,143.0,95.0,-13
37.56,99.0,14.5,149.0,96.5,-37
33.94,75.0,13.0,160.0,100.0,-1
37.0,87.0,16.75,89.75,97.0,-27
36.11,86.5,30.0,84.5,100.0,-50
36.39,70.0,12.5,96.0,100.0,-52
37.0,93.0,18.0,148.0,95.0,-20
36.39,83.0,18.0,115.0,97.0,-17
36.6,74.0,12.0,116.0,100.0,-33
35.4,80.0,10.0,106.0,100.0,-46
36.67,105.0,35.0,180.0,95.0,-34
36.33,124.5,18.0,92.0,99.5,-54
35.28,105.0,26.0,110.0,92.0,-11
35.72,80.0,14.0,131.0,95.0,-42
36.83,65.0,19.0,105.0,98.0,-5
36.61,96.0,24.5,134.0,100.0,-37
36.78,89.0,17.0,94.0,98.0,4
35.83,80.0,27.0,147.0,98.0,-47
36.94,74.0,21.0,92.0,97.0,-16
36.94,110.0,15.0,98.0,99.0,-12
37.89,98.0,13.5,121.0,100.0,-36
35.89,108.0,24.5,88.0,97.0,7
35.9,74.0,10.0,116.0,100.0,-13
37.22,123.0,20.0,109.0,66.0,61
36.33,72.0,20.0,107.0,98.0,-22
36.28,97.0,29.0,110.0,94.0,-56
36.67,71.0,15.0,96.0,100.0,-24
36.33,102.0,18.0,121.0,92.0,-34
36.33,98.5,14.0,86.0,100.0,158
37.78,102.0,29.5,97.0,100.0,-40
35.17,71.0,22.5,138.0,97.0,-9
36.83,67.0,23.0,118.0,96.0,-23
37.06,101.0,28.0,125.0,92.0,-38
37.39,89.0,12.0,132.0,100.0,-46
35.7,75.0,14.0,107.0,100.0,-8
37.0,71.0,16.0,110.0,96.0,-13
37.33,62.0,17.0,136.0,93.0,-28
37.5,77.0,31.0,114.0,96.0,-39
37.17,76.5,19.75,88.0,99.0,-26
36.65,78.5,14.0,123.0,100.0,-13
38.0,79.5,15.0,155.5,99.0,-44
36.2,89.0,13.0,122.0,100.0,-48
36.6,88.0,12.0,117.5,100.0,-16
36.72,93.0,15.0,150.0,100.0,-15
37.94,81.0,16.0,146.0,95.0,16
36.67,60.0,15.0,130.5,95.0,-50
38.06,82.0,18.0,123.0,99.0,-50
37.5,87.5,12.0,100.0,100.0,-55
35.5,67.0,13.0,131.5,100.0,-40
36.85,82.5,10.5,103.5,99.5,-46
36.89,55.0,10.0,127.0,97.0,-33
38.5,113.0,21.5,136.5,92.0,-52
36.89,108.0,20.5,102.0,100.0,0
37.22,60.0,14.0,138.0,96.0,-51
37.44,80.0,12.0,117.0,100.0,-47
36.95,80.5,14.0,112.5,100.0,-19
36.17,90.0,13.0,104.0,100.0,-9
35.0,73.5,14.0,104.0,100.0,-37
36.85,76.0,32.5,122.25,100.0,-16
33.3,112.0,15.0,105.0,96.0,-12
35.5,98.0,12.0,111.0,100.0,-49
37.11,96.0,16.0,176.0,100.0,-29
35.5,64.5,10.0,120.0,100.0,-38
37.28,92.0,27.0,170.0,100.0,48
37.4,134.0,26.0,122.5,92.0,-35
36.28,77.0,26.0,153.0,96.0,-29
37.0,103.0,17.0,133.0,94.0,0
37.0,75.0,20.0,111.0,99.0,-17
34.78,126.5,14.0,140.0,99.0,-35
35.83,77.0,17.0,118.0,94.0,-19
35.33,97.0,14.0,120.0,100.0,-43
36.56,79.0,13.0,129.0,98.0,-19
36.06,112.0,24.5,150.0,100.0,-47
36.72,61.0,14.0,98.0,96.0,-24
37.28,40.5,12.5,106.0,100.0,6
36.72,78.0,20.0,151.0,99.0,-34
35.9,53.0,16.0,129.0,100.0,-19
36.5,61.0,19.0,106.0,98.0,-34
37.33,61.0,24.0,158.0,100.0,-21
37.6,69.0,12.0,124.0,99.0,-21
37.0,93.0,14.0,135.0,100.0,-19
36.17,91.0,15.0,92.0,100.0,-35
33.89,71.0,20.5,108.5,97.0,-16
35.0,127.0,20.0,146.0,100.0,-47
37.17,88.0,22.0,153.0,100.0,-48
38.0,132.0,20.0,139.0,95.0,-24
36.61,95.0,15.5,151.0,100.0,-38
36.72,124.0,14.0,168.0,99.0,-31
36.83,114.0,23.0,111.0,99.0,-52
37.3,101.0,12.0,115.0,95.0,-54
37.33,96.0,18.0,108.0,100.0,-51
35.61,71.0,13.5,156.25,100.0,-52
37.28,68.0,13.0,122.0,100.0,-14
37.05,80.0,14.0,127.5,100.0,-43
36.95,88.0,16.5,106.0,100.0,-20
36.28,130.0,34.0,159.0,96.0,-51
36.06,83.0,11.0,110.0,100.0,-20
36.72,59.0,10.0,132.0,99.0,-44
36.11,64.0,17.0,98.0,100.0,-51
36.1,80.0,18.0,118.0,100.0,-19
37.7,59.0,20.0,120.5,100.0,-50
38.0,108.0,16.0,127.0,99.0,-28
36.72,102.0,22.0,131.0,100.0,-50
37.06,87.0,12.0,122.0,100.0,-35
36.11,96.0,16.0,110.0,98.0,-35
37.5,92.0,14.0,106.0,100.0,-33
36.5,99.0,16.0,111.0,100.0,-41
37.22,78.0,19.0,120.0,97.0,-43
36.67,102.0,24.0,109.0,97.5,-14
35.83,64.0,18.0,160.0,98.0,-24
35.9,94.0,12.0,112.0,96.0,5
36.33,80.0,12.5,109.0,100.0,-17
37.22,64.0,20.0,148.0,100.0,-34
37.83,130.0,19.0,92.0,96.0,13
37.33,84.0,22.0,92.0,100.0,-46
36.5,72.0,19.0,156.5,97.0,-39
37.44,103.5,22.0,116.0,100.0,-21
37.0,76.0,16.0,110.0,96.0,-11
35.6,84.5,12.0,125.0,100.0,-35
37.39,63.0,11.0,141.0,95.0,-44
35.72,75.0,10.0,126.5,100.0,-39
37.0,62.0,17.0,120.0,98.0,-13
38.22,63.0,20.0,89.0,96.0,0
36.33,95.0,17.0,117.0,98.0,-14
36.78,83.0,24.5,146.0,98.5,-40
36.33,62.0,13.0,140.0,98.0,-16
36.28,99.0,19.0,152.0,95.0,-26
35.72,73.0,20.0,161.0,99.0,-25
36.1,69.0,13.0,111.0,99.0,-48
35.67,107.0,21.0,118.0,95.0,-40
35.61,56.0,11.0,127.0,96.0,-54
36.67,56.0,16.0,137.0,99.0,-31
36.17,89.5,14.5,128.5,100.0,-17
36.89,93.0,39.0,134.0,100.0,-41
36.78,91.0,17.0,135.0,100.0,-28
37.17,98.0,14.0,117.0,99.0,-44
37.5,55.0,25.0,106.0,94.0,-20
37.28,91.0,22.0,126.0,98.0,-42
36.6,97.0,14.0,120.5,100.0,-42
37.44,60.5,15.5,97.0,100.0,-41
35.94,51.0,20.0,101.0,99.0,-52
36.5,64.0,16.0,135.0,100.0,-22
35.94,71.0,21.0,102.0,97.0,-37
36.0,75.0,12.0,126.0,100.0,-18
37.06,74.0,18.0,146.0,96.0,-40
36.8,91.0,30.0,135.5,100.0,259
36.72,76.0,12.0,151.0,98.0,-10
36.6,86.0,16.0,105.0,100.0,-48
35.33,78.0,14.0,132.0,92.0,-34
35.33,85.0,16.0,99.0,100.0,-6
37.83,96.0,24.0,150.0,96.0,-24
36.3,92.0,14.0,99.5,100.0,-21
36.28,76.0,14.0,101.0,97.0,-13
36.39,70.0,15.0,130.0,96.0,-43
37.06,89.0,17.0,138.0,97.0,-15
38.31,106.0,14.0,104.5,100.0,-56
36.2,78.0,10.0,115.0,100.0,-27
35.0,75.0,12.0,100.0,100.0,-20
35.5,65.0,17.0,108.0,93.0,-29
36.89,95.0,21.0,117.0,100.0,-40
35.17,58.5,15.0,163.5,100.0,-33
36.5,68.0,17.0,131.0,100.0,-24
36.78,74.0,15.0,129.0,96.0,-35
36.28,78.0,14.0,116.0,98.0,-55
36.61,70.0,21.0,145.0,98.0,-37
37.33,106.0,24.0,140.0,100.0,-18
36.85,102.5,12.5,98.0,99.5,-43
37.44,86.0,23.0,101.0,95.0,-31
37.72,113.0,31.0,124.0,98.0,-41
35.11,61.0,15.0,125.0,100.0,-19
37.4,108.0,14.0,165.0,100.0,-28
36.56,86.0,16.5,127.0,100.0,-24
36.72,77.0,16.0,119.0,98.0,-12
38.33,101.0,16.5,122.0,100.0,-51
36.89,57.0,18.0,107.0,99.0,-9
36.28,76.0,24.0,136.0,99.0,-13
37.44,100.0,13.0,135.0,98.0,-23
36.89,65.0,15.0,122.0,95.0,-16
37.11,91.0,17.0,121.0,96.0,-7
36.33,74.0,12.0,105.0,100.0,-15
37.17,81.0,12.0,118.0,100.0,-4
35.83,89.0,10.0,159.0,100.0,-14
36.06,67.0,15.0,131.0,100.0,-37
37.0,55.0,18.0,145.0,97.0,-45
35.94,88.0,12.0,93.0,98.0,-41
35.65,115.0,15.0,123.5,94.0,-46
37.06,112.0,19.0,157.0,93.0,-36
36.44,62.0,16.0,129.0,99.0,-24
36.83,88.0,15.0,129.0,99.0,-25
36.17,106.0,25.0,126.0,98.0,-52
36.44,102.0,23.0,137.0,99.0,-50
36.67,69.0,21.0,138.0,100.0,-4
36.44,65.0,14.0,109.0,100.0,-12
35.83,95.0,19.0,93.0,96.0,-6
36.61,101.0,14.0,126.0,100.0,-16
36.2,88.0,10.0,113.5,99.0,-37
37.06,102.0,14.0,134.0,93.0,-28
37.39,103.0,22.0,113.0,100.0,-18
38.94,110.0,18.0,125.0,100.0,69
35.75,77.0,14.0,117.0,100.0,-19
36.5,124.0,32.0,80.0,96.0,-42
36.5,70.0,16.0,134.0,99.0,-36
36.61,112.0,30.0,150.0,97.0,-47
36.3,87.0,13.0,129.0,100.0,-19
36.44,58.5,13.0,155.5,100.0,51
36.4,75.0,14.0,134.0,100.0,-22
37.17,90.0,15.0,105.0,100.0,-41
35.89,76.0,14.0,103.0,97.0,117
37.33,84.0,15.0,165.0,100.0,-32
36.11,70.0,16.0,121.0,92.0,-47
37.83,107.0,21.0,113.0,97.0,-43
36.56,84.0,23.0,120.5,99.0,-41
37.33,84.0,21.0,140.0,97.0,-22
36.67,55.0,17.0,159.0,100.0,-42
36.67,89.5,18.0,125.0,100.0,-54
37.28,98.0,16.0,112.0,96.0,-16
36.67,79.0,16.0,114.5,98.0,-15
35.78,66.0,16.0,145.0,93.0,-33
36.56,93.0,18.0,172.0,98.0,-34
36.5,78.0,13.0,127.0,100.0,-8
37.78,111.0,22.0,134.0,100.0,-53
35.89,122.0,22.0,132.0,97.0,-30
37.17,80.0,15.0,121.5,98.0,-37
37.83,138.0,26.0,152.0,100.0,40
36.89,91.0,18.0,120.0,100.0,-38
35.9,104.0,10.5,117.0,99.0,-51
37.78,80.0,20.5,157.0,100.0,-40
37.44,77.0,11.0,129.5,99.0,-49
35.67,81.0,17.0,115.5,100.0,-41
36.44,94.0,16.0,113.0,96.0,-37
37.67,102.0,16.0,91.0,99.0,-16
36.5,70.0,15.5,95.5,100.0,-13
36.78,78.0,19.0,118.0,99.0,-52
35.83,84.5,18.0,103.5,96.0,-49
37.0,94.0,20.0,128.0,100.0,-13
31.67,85.0,16.0,114.0,98.0,-56
34.44,88.0,16.0,147.0,100.0,42
36.3,81.0,19.75,114.0,100.0,-18
35.56,95.0,14.0,107.0,100.0,-38
36.89,98.0,18.0,120.0,100.0,-42
36.44,91.0,20.0,98.0,100.0,-18
35.67,84.5,10.0,107.5,100.0,-28
36.72,81.0,24.0,130.0,98.0,-34
37.11,75.0,26.0,85.75,100.0,-52
37.28,90.0,27.0,118.0,99.0,-44
36.28,95.0,21.0,133.0,93.0,-50
35.05,88.0,14.0,112.0,100.0,-53
37.0,114.0,26.0,127.0,100.0,-12
36.72,106.0,20.0,134.0,95.0,56
33.89,91.0,18.0,118.75,100.0,0
37.0,70.0,27.0,85.0,96.0,-56
37.34,71.0,12.5,135.5,93.0,-12
38.0,99.5,16.0,140.5,98.0,-29
35.72,101.0,25.0,97.0,100.0,88
35.3,111.5,17.0,106.0,37.5,-14
36.44,77.0,16.0,171.0,99.0,-15
37.11,95.0,18.0,123.0,97.0,-26
35.33,55.0,20.0,134.0,96.0,-24
36.0,72.0,14.0,136.0,100.0,0
36.61,71.0,15.0,143.0,98.0,-12
35.67,94.0,21.0,126.0,95.0,-16
36.0,91.0,12.0,116.0,100.0,-21
37.17,114.0,14.0,144.5,100.0,-38
38.28,94.0,29.0,106.0,95.0,-12
33.25,120.0,18.0,117.0,95.0,-16
36.83,86.0,15.0,84.0,97.0,0
38.44,105.0,24.0,112.0,100.0,-43
37.39,110.0,18.0,122.0,98.0,-36
37.5,92.0,20.0,148.0,96.0,145
36.44,112.0,21.0,82.0,100.0,-28
35.2,83.5,13.5,118.0,100.0,-18
35.8,76.0,22.0,129.0,100.0,-36
36.1,90.0,12.0,121.5,100.0,-27
37.33,82.0,14.0,100.0,100.0,-50
36.39,101.0,21.5,135.0,100.0,-48
37.06,94.5,9.5,143.5,100.0,-18
37.33,72.0,18.0,139.0,99.0,-26
39.0,87.0,18.0,101.0,100.0,-48
38.56,128.0,21.0,103.0,98.5,11
36.56,76.0,13.0,108.0,99.0,-13
35.94,77.5,18.0,126.0,97.5,-44
36.0,84.0,14.0,105.0,100.0,-30
36.61,105.0,17.0,78.0,98.0,-54
36.67,78.0,16.0,96.0,96.0,-6
35.2,72.0,12.0,105.5,100.0,-38
35.89,74.0,13.0,104.0,100.0,108
36.11,86.0,22.0,115.0,99.0,-52
38.44,84.0,21.0,111.0,90.0,-43
36.78,57.0,14.0,176.0,98.0,-36
35.0,85.5,18.0,95.5,99.0,-31
35.9,92.0,18.0,106.0,99.5,-17
37.93,108.0,22.0,171.0,99.0,-31
37.28,94.0,32.0,139.0,97.0,-39
36.22,68.0,16.0,143.0,98.0,-42
33.72,90.0,20.0,99.0,100.0,-7
35.65,90.0,16.0,116.0,100.0,-12
35.33,60.5,12.0,100.0,99.0,-11
36.94,84.0,24.0,92.0,97.0,-34
34.0,67.0,23.0,92.5,100.0,-42
36.89,97.0,25.0,119.0,100.0,-51
36.78,79.0,16.0,143.0,100.0,28
36.89,109.0,18.0,93.0,95.0,-23
36.89,67.0,11.0,107.0,98.0,-14
36.56,135.0,16.0,106.0,100.0,-42
37.0,70.0,16.0,110.0,96.0,-44
35.83,63.0,14.0,113.0,100.0,-18
37.17,115.0,33.0,114.0,98.0,-46
36.44,101.0,16.0,143.0,94.0,-30
36.1,85.0,10.5,110.5,99.5,-26
35.78,76.5,16.75,105.0,100.0,-25
38.0,124.0,20.5,90.0,93.0,-17
36.17,102.0,28.0,128.0,97.0,-46
36.0,70.5,14.0,120.0,100.0,-35
36.33,53.0,27.0,148.0,100.0,-26
37.0,91.0,12.5,126.0,100.0,-42
36.67,114.0,22.0,174.0,99.0,-49
35.9,84.0,14.5,113.0,100.0,-24
35.28,79.0,18.0,170.0,93.5,67
37.0,63.0,14.0,140.0,100.0,0
35.9,91.0,21.0,119.5,99.0,-13
36.0,93.0,28.0,118.0,100.0,-36
37.06,79.0,18.0,93.0,100.0,-35
37.0,100.0,16.0,126.5,100.0,-49
36.0,77.0,31.0,120.0,100.0,-43
36.56,57.0,15.5,142.5,100.0,-21
34.94,85.0,11.0,113.5,100.0,-43
35.22,88.0,18.0,100.0,100.0,-49
35.85,92.5,16.0,106.5,100.0,-38
36.22,70.0,27.0,152.0,99.0,-40
36.39,74.0,12.0,92.0,97.0,-36
35.5,105.0,18.0,90.0,100.0,-42
36.89,84.0,19.0,111.0,98.0,-37
36.44,110.5,12.0,80.75,95.0,124
38.17,96.0,20.5,95.0,95.0,149
38.15,99.0,13.0,129.5,95.0,-49
36.5,62.0,16.0,91.0,100.0,-16
36.83,94.0,15.0,82.0,95.0,-43
37.33,86.0,16.25,130.0,99.0,-42
37.11,77.0,27.0,145.0,97.0,-47
37.0,85.0,12.0,114.0,100.0,-17
37.56,71.0,16.0,110.0,100.0,14
36.94,85.0,21.0,116.0,100.0,-45
37.06,61.0,15.0,104.0,97.0,-32
35.3,92.0,26.0,111.5,97.5,-8
36.72,71.0,22.5,83.5,94.0,-21
35.5,105.5,24.0,102.0,100.0,-55
36.78,104.0,20.0,98.0,94.0,-19
36.39,90.0,19.0,111.5,95.0,-35
37.72,103.0,22.0,127.0,96.0,-44
35.2,87.5,14.0,112.0,100.0,-38
35.44,142.0,8.0,112.0,97.0,-53
39.83,143.0,20.0,158.0,90.0,-38
35.06,63.5,16.0,142.0,100.0,-17
35.28,90.0,16.0,109.0,100.0,-43
36.89,98.0,18.0,164.0,95.0,-43
36.61,105.0,21.0,136.0,98.0,-38
36.78,95.5,15.0,146.0,100.0,-19
36.67,67.0,18.0,127.0,98.0,-26
36.78,79.5,18.0,136.0,96.5,-23
36.72,76.5,14.0,115.0,96.0,-15
35.61,62.0,10.0,102.5,100.0,-12
35.94,82.0,14.0,125.0,100.0,-19
36.28,96.0,18.0,138.0,98.0,-6
36.72,56.0,19.0,96.0,98.0,-12
36.67,113.0,23.0,142.0,99.0,-42
35.67,66.0,12.0,97.0,94.0,-19
35.9,78.0,12.5,100.0,100.0,-55
37.67,101.0,21.0,72.0,100.0,-18
35.9,78.5,13.0,101.0,100.0,-49
39.11,56.0,21.0,120.0,100.0,12
36.83,84.5,10.0,133.0,96.5,-19
37.78,103.0,26.0,114.0,96.0,-44
37.0,108.0,24.0,156.0,95.0,-53
35.4,91.0,12.0,134.0,100.0,-43
36.39,86.5,25.5,145.5,94.0,-52
35.0,56.0,18.0,139.0,100.0,-53
35.61,63.0,11.5,104.0,100.0,-11
35.56,76.5,9.0,114.5,99.5,-10
38.0,82.0,22.0,121.0,100.0,-293
36.8,82.0,14.0,126.5,100.0,-24
37.11,109.0,16.0,121.0,97.0,-34
34.75,50.0,12.0,86.0,99.0,-45
36.7,77.0,17.0,133.0,100.0,-23
37.17,98.0,22.0,100.0,99.0,15
34.78,98.0,30.0,96.0,97.0,-19
36.28,79.0,19.0,117.0,96.0,-52
36.22,77.0,13.0,108.0,100.0,-21
36.5,93.0,19.0,128.0,88.0,-32
36.8,106.0,20.0,128.0,91.0,-42
36.72,90.0,18.0,108.0,96.0,-1
35.7,74.0,10.0,120.0,100.0,-14
36.72,73.5,14.5,123.5,96.5,-4
36.56,103.5,10.0,85.0,100.0,-34
36.5,70.5,10.5,121.0,100.0,-19
36.56,106.0,14.0,89.0,95.0,21
36.5,89.0,18.0,152.0,98.0,-38
36.28,104.5,17.5,176.5,98.5,-33
35.85,84.0,8.0,114.5,100.0,-20
36.67,81.0,12.0,100.5,100.0,-53
36.56,79.0,12.0,107.0,100.0,-52
35.6,122.0,13.0,151.0,100.0,-41
36.11,60.0,17.0,165.0,99.0,-14
37.17,104.0,16.0,135.0,91.0,-44
35.89,86.0,18.0,102.0,100.0,-12
37.72,99.0,22.0,125.0,97.0,-32
37.78,100.0,20.0,98.0,92.0,-15
36.5,70.0,14.0,144.0,98.0,-25
36.67,61.0,15.0,123.0,96.0,-17
36.56,48.0,13.0,129.0,100.0,-41
36.56,75.0,13.0,102.0,93.0,-37
36.83,89.0,23.0,135.0,95.0,-12
37.22,117.0,15.0,152.5,96.5,-33
37.94,72.0,25.0,126.0,97.0,-18
35.56,63.5,19.0,139.5,97.5,-43
35.17,117.0,17.0,79.0,89.0,-58
35.75,69.0,26.5,109.5,100.0,-22
36.44,96.0,22.0,105.0,86.5,-35
37.39,100.0,18.0,122.0,97.0,-11
37.83,111.0,11.0,105.0,97.0,39
36.44,90.0,27.0,121.0,100.0,-37
36.61,59.5,10.0,118.5,97.5,-15
37.06,92.5,16.0,156.0,100.0,-24
35.89,70.0,21.0,145.0,98.0,-34
36.61,54.0,14.5,109.0,100.0,-11
36.5,68.0,21.0,95.0,97.0,-28
36.2,88.0,12.0,100.0,100.0,-43
37.28,95.0,12.0,136.0,98.0,-39
37.33,66.5,17.0,97.5,100.0,-18
37.72,65.0,14.0,118.0,100.0,-36
38.72,105.0,19.0,148.0,94.0,-42
37.61,115.0,26.0,129.0,92.0,-38
36.83,92.0,28.0,123.0,98.0,-41
36.45,97.0,17.5,103.0,100.0,-47
37.5,93.0,28.5,162.0,97.0,-11
36.11,111.0,24.0,101.0,95.5,-17
36.67,81.0,22.0,112.0,95.0,-39
35.44,86.0,10.0,124.0,100.0,-17
36.0,106.0,17.0,155.0,98.0,-38
35.0,90.0,9.5,106.0,100.0,-22
37.22,106.0,14.0,123.0,100.0,-24
36.11,72.0,15.0,142.0,100.0,-15
36.94,89.0,18.5,149.5,97.0,-15
35.83,80.0,14.0,154.0,97.0,-41
35.0,104.0,14.0,113.0,100.0,-20
36.06,69.5,12.0,138.0,98.5,-49
36.4,88.0,12.0,110.0,99.0,-45
35.35,79.5,13.0,112.5,100.0,-45
37.17,96.0,13.0,106.0,99.0,-19
36.61,81.0,21.0,145.0,96.0,-22
37.44,92.0,19.0,124.0,97.0,-23
36.78,92.0,19.0,109.0,100.0,-58
37.11,119.0,28.0,156.0,96.0,-17
36.94,57.0,12.5,117.5,99.0,-14
36.06,109.5,18.0,82.0,100.0,-33
35.94,82.0,10.0,145.0,100.0,-58
37.22,96.5,22.5,120.0,97.0,7
35.44,95.0,23.0,112.0,100.0,-53
36.2,82.0,14.0,103.0,100.0,-21
36.67,97.0,33.0,123.0,96.0,-41
37.78,68.0,20.0,120.0,99.0,-14
37.67,83.5,14.0,104.0,100.0,-50
35.78,65.0,15.0,117.0,97.0,-44
36.67,74.0,16.0,140.0,100.0,-37
35.0,106.0,19.0,149.0,99.0,-50
36.56,91.0,22.5,97.0,97.5,-42
36.4,75.0,19.25,120.5,100.0,-36
36.5,67.0,8.0,127.0,98.0,-20
35.72,121.0,14.0,149.0,98.0,-45
36.83,103.0,20.0,135.0,98.0,-39
38.89,121.0,15.0,138.0,98.0,11
34.94,80.0,17.0,88.0,97.0,-48
37.28,82.0,15.75,112.5,100.0,-21
38.0,74.5,17.5,122.75,96.0,-43
36.83,74.0,12.0,159.0,100.0,-32
37.0,73.0,21.0,130.0,96.0,-21
35.75,71.0,15.0,112.5,100.0,-46
36.9,76.0,15.0,152.5,100.0,-48
36.94,80.0,18.0,115.0,100.0,-52
37.11,99.0,19.0,129.0,85.0,-41
36.67,56.0,15.0,133.0,100.0,0
37.11,66.0,16.0,153.0,99.0,-20
37.0,115.0,22.75,128.0,95.0,-46
35.61,80.5,15.0,114.5,100.0,-19
36.61,73.0,16.0,103.0,99.0,-33
34.55,132.5,12.0,111.0,100.0,-27
36.61,89.0,16.0,116.0,98.0,14
36.44,87.5,20.0,84.0,95.5,-50
37.83,81.0,20.0,124.0,98.0,0
38.89,106.0,17.5,130.0,99.0,76
36.0,73.5,24.0,111.0,98.5,-21
35.4,80.0,10.5,114.0,99.0,-37
36.83,62.5,17.0,115.25,91.5,-45
35.15,81.5,10.0,132.0,100.0,-12
35.83,65.0,16.0,103.5,100.0,-40
37.17,97.0,28.0,131.0,97.0,-46
35.39,72.0,13.0,130.0,100.0,-19
35.72,86.0,19.0,130.0,95.0,-31
36.67,71.0,17.0,130.0,99.0,-56
38.0,120.0,21.5,116.0,98.0,67
34.72,99.0,11.0,115.0,100.0,-46
38.39,115.0,15.0,122.0,100.0,-37
37.17,70.0,16.0,128.0,100.0,-38
38.83,102.0,28.0,143.0,98.0,-23
38.72,89.0,20.0,108.0,98.0,-19
36.67,70.0,15.0,125.0,100.0,-12
36.44,78.0,21.0,120.0,98.0,-39
35.7,86.0,14.0,102.0,100.0,-2
37.5,97.0,21.0,103.0,98.0,-51
36.55,80.0,18.0,114.0,96.0,-17
35.28,101.0,19.0,87.0,93.0,-15
35.56,77.0,19.0,120.0,99.0,-16
37.17,83.0,28.0,181.0,95.0,-46
36.67,70.0,24.0,100.0,98.0,-38
36.17,87.0,22.0,121.0,96.0,-39
36.72,66.0,12.0,104.0,95.0,-20
37.72,110.0,24.0,114.0,99.0,-52
37.17,86.5,20.25,108.0,97.5,-45
37.22,106.0,20.0,129.0,96.0,-21
36.83,100.0,23.0,176.0,100.0,-24
36.72,55.0,16.0,105.0,97.0,-17
36.11,90.0,27.0,157.0,100.0,-47
35.6,78.5,12.0,96.0,100.0,-22
37.11,51.0,19.0,134.0,99.0,-38
36.5,101.0,14.0,103.0,100.0,-26
36.89,102.5,16.5,152.0,96.0,-32
37.9,103.0,12.0,147.0,99.0,109
35.8,80.5,17.0,162.5,100.0,-31
36.61,64.0,16.0,119.0,95.0,-31
37.06,62.0,12.0,113.0,100.0,-37
37.06,70.0,14.0,107.0,96.0,-31
35.44,87.0,11.5,92.0,100.0,-51
38.94,105.0,20.0,95.0,97.0,-21
37.44,102.0,16.0,126.0,99.0,-17
36.8,88.0,14.0,105.0,100.0,-18
37.61,103.0,23.0,122.0,97.0,-28
36.5,74.0,25.0,132.0,99.0,-37
37.17,70.0,15.0,138.0,99.0,-40
36.72,87.0,17.0,98.0,100.0,-35
37.33,84.0,18.0,85.0,99.0,0
36.78,75.0,20.0,111.0,100.0,-8
37.22,103.0,29.5,95.0,97.5,-34
36.28,88.0,20.0,148.0,100.0,-16
37.56,72.0,14.0,97.0,99.0,-55
36.28,81.0,18.0,146.0,100.0,13
37.11,78.5,24.0,136.5,97.5,-42
36.0,77.0,20.0,94.0,100.0,-36
37.65,94.0,12.0,114.0,100.0,-43
38.33,89.0,18.0,107.0,95.0,-45
36.61,82.0,12.0,95.0,100.0,-18
36.0,91.5,24.0,180.0,99.0,-32
36.22,78.0,15.0,108.0,96.0,-36
38.11,94.0,12.0,134.0,99.0,160
37.67,112.0,18.0,120.0,98.0,-55
36.06,57.0,16.0,130.0,100.0,50
38.33,85.0,25.0,110.0,95.0,-20
35.75,87.5,14.0,110.0,100.0,-15
36.0,77.0,27.0,100.0,95.0,-88
36.89,100.0,17.0,96.0,95.0,-46
37.0,72.0,20.0,135.5,100.0,-39
36.06,105.0,26.0,95.0,99.0,-56
36.17,74.0,22.5,100.5,98.0,-37
36.83,52.0,20.0,162.0,100.0,-22
36.39,75.0,16.0,111.0,100.0,-34
37.11,80.0,16.0,139.0,97.0,-11
36.61,87.0,15.0,94.0,98.0,-42
36.2,75.0,12.0,123.0,100.0,-18
36.5,63.0,11.0,131.0,95.0,-13
37.33,126.0,27.0,111.0,98.0,-13
37.78,98.0,13.5,138.0,100.0,-52
35.08,73.5,14.0,106.0,100.0,-31
35.72,100.0,26.0,135.0,95.0,-30
35.6,80.0,10.0,117.0,99.0,-42
35.9,87.0,12.0,93.0,100.0,16
36.11,74.5,11.0,132.5,100.0,-16
37.33,122.0,28.0,116.0,94.0,-39
35.23,62.5,13.25,149.5,100.0,-38
37.22,90.0,15.0,117.0,98.0,-18
34.67,78.0,14.0,98.5,96.0,-28
38.72,104.0,21.0,141.0,94.0,-40
36.75,88.0,15.0,119.0,100.0,-42
36.89,79.0,20.5,104.5,96.0,-23
36.39,75.0,15.0,120.0,93.0,-33
37.78,69.0,17.5,118.0,96.0,-24
36.06,103.0,23.0,103.0,96.0,-30
36.72,81.0,21.0,112.0,93.0,-29
35.72,68.0,19.5,102.5,100.0,-53
37.44,67.0,21.0,164.0,98.0,-32
36.39,63.0,21.0,101.0,95.0,-11
36.4,92.0,10.0,123.5,100.0,186
36.5,59.0,21.0,147.0,98.0,-49
35.83,63.5,24.0,114.75,99.5,-33
36.11,67.0,26.0,130.0,99.0,-37
35.6,72.0,14.0,114.0,84.0,-39
37.83,98.0,21.0,143.0,100.0,-8
37.0,84.0,11.5,102.0,96.0,-41
35.67,66.0,19.0,84.0,99.5,48
35.4,95.0,13.0,92.0,100.0,-22
37.06,87.0,20.0,168.0,100.0,40
35.89,108.0,18.0,135.0,97.0,0
35.72,84.0,20.0,119.0,93.0,-15
36.56,110.0,25.0,91.0,96.0,-22
36.33,92.0,20.0,116.0,100.0,-30
36.56,76.0,14.0,120.0,100.0,-38
38.35,126.5,12.0,109.0,99.0,-53
36.5,76.5,20.5,126.0,93.0,-54
37.67,89.0,18.0,107.0,100.0,-16
36.67,69.0,17.0,124.0,99.0,-37
35.89,109.0,21.0,145.0,100.0,-41
35.75,90.0,14.0,103.5,88.0,-51
36.67,89.0,17.0,163.0,99.0,-13
37.33,84.0,16.0,132.0,95.0,-12
36.5,100.0,25.0,169.0,98.0,-40
38.11,85.0,26.0,96.0,91.0,-36
35.89,73.0,10.0,188.0,100.0,-16
35.22,59.0,13.0,117.0,100.0,-32
37.3,61.5,10.5,147.0,98.5,-30
35.4,88.0,16.0,100.5,100.0,-34
34.9,80.0,10.0,120.0,99.0,-42
37.7,75.0,18.0,168.5,98.0,-35
35.64,90.0,12.0,125.0,100.0,-33
36.78,91.0,11.0,151.0,98.0,-34
36.72,101.0,20.0,90.0,98.0,-5
37.17,91.5,26.0,128.0,91.5,77
36.5,82.5,15.0,114.5,100.0,-41
36.17,105.0,42.0,121.0,96.5,-36
35.6,100.0,12.0,110.5,100.0,-48
36.06,79.0,18.5,162.5,98.0,-17
36.83,80.0,18.0,86.0,96.0,-38
35.8,85.0,12.25,107.0,100.0,-18
36.39,79.0,14.0,141.5,97.0,184
36.06,87.0,15.5,158.5,100.0,-46
36.89,84.0,16.0,138.0,97.0,-17
36.6,90.0,16.0,102.0,100.0,-18
35.0,86.0,22.0,131.0,98.0,-54
35.67,63.5,13.0,73.5,98.0,-2
37.0,95.0,15.5,111.0,97.0,-37
35.22,82.0,26.0,163.0,66.0,-54
36.89,69.5,14.0,95.5,100.0,-53
36.05,83.0,12.0,127.0,100.0,-41
37.5,76.0,12.0,121.0,100.0,-42
35.72,84.5,14.0,110.0,100.0,-11
35.56,118.0,19.5,104.0,100.0,56
36.53,70.0,22.5,101.0,99.0,16
36.83,113.0,34.5,146.25,97.0,-41
35.6,88.0,12.0,120.0,100.0,-35
35.33,77.0,19.0,105.0,99.0,-46
36.89,108.0,17.0,105.0,98.0,-29
36.55,95.5,16.0,133.0,100.0,-18
35.89,105.0,19.0,130.0,96.0,-33
37.06,100.0,18.0,140.0,100.0,-42
37.28,102.0,12.0,141.5,98.5,-27
38.44,74.0,18.0,156.0,98.0,-34
37.22,94.0,16.0,93.0,96.0,-56
35.5,76.0,25.0,107.0,94.0,-11
35.5,67.5,21.0,124.0,100.0,-36
36.28,79.5,16.0,126.5,98.5,-8
36.61,69.0,15.0,81.0,99.0,-37
35.6,74.0,16.0,133.5,100.0,-13
35.7,70.0,16.0,96.5,99.0,-24
37.28,99.0,19.0,167.0,97.0,-46
35.4,80.0,12.5,112.0,100.0,-19
37.1,82.0,13.0,121.0,96.0,-17
36.65,78.0,12.0,122.0,100.0,-41
36.72,60.0,22.0,99.0,100.0,-20
36.61,108.0,12.0,137.0,98.0,-33
37.83,86.0,25.0,176.0,100.0,-45
36.67,52.0,16.0,125.0,99.0,-13
36.55,80.0,11.0,123.5,100.0,-36
37.06,95.0,12.0,143.0,97.0,-19
35.56,65.5,16.0,133.0,99.5,-43
36.94,78.0,11.5,100.0,95.0,-22
37.06,75.0,17.0,117.0,100.0,-47
36.5,103.0,15.0,116.0,92.0,-42
36.5,75.0,14.0,101.5,100.0,-8
35.83,107.0,24.0,105.0,100.0,0
36.28,80.0,14.0,107.0,100.0,-13
36.56,84.0,16.0,127.0,99.0,-40
36.44,124.0,25.5,143.0,98.5,-6
36.17,76.0,18.0,114.0,100.0,-23
37.2,87.0,14.0,122.0,100.0,-42
36.44,74.5,16.0,109.25,100.0,-39
35.11,88.0,10.0,105.0,100.0,-48
38.22,95.0,27.0,123.0,92.0,56
36.89,73.0,17.0,120.0,92.0,-42
36.33,69.0,13.0,148.0,100.0,-37
35.06,80.0,11.0,117.5,100.0,-19
36.17,103.0,18.0,91.0,99.0,-40
36.5,80.5,12.5,101.5,100.0,-48
37.06,75.0,16.0,128.5,100.0,-35
36.17,76.0,23.0,142.0,90.0,-35
36.67,115.0,31.0,172.0,97.0,-56
36.83,72.0,14.0,100.0,100.0,-40
34.2,138.5,32.0,119.0,100.0,-6
35.6,95.5,17.0,132.0,100.0,-43
39.11,109.0,31.0,105.0,94.0,-44
36.5,84.0,14.0,161.0,98.0,-46
35.2,66.0,14.0,128.0,100.0,-41
35.7,58.0,12.0,134.0,100.0,-19
37.0,88.0,24.0,125.0,96.0,-18
36.89,90.0,14.0,120.0,96.0,-16
36.5,107.0,17.0,119.0,99.0,9
36.94,107.0,16.0,124.0,97.0,-19
36.67,118.0,20.5,115.0,100.0,-18
35.78,74.0,16.0,93.0,99.0,-42
36.22,129.0,11.0,167.0,100.0,-46
36.56,81.0,15.5,128.0,100.0,-32
36.22,112.5,18.5,143.0,98.5,-23
37.67,88.0,12.0,140.0,99.0,-38
37.89,92.0,28.0,140.0,100.0,-20
35.22,94.0,34.0,93.0,100.0,-29
37.28,111.0,16.0,192.0,100.0,-15
35.78,80.0,15.0,93.0,97.0,-13
35.9,91.0,12.0,110.0,100.0,-38
36.11,91.0,15.0,127.0,100.0,-33
36.33,99.0,21.0,129.0,97.0,-24
36.22,99.5,14.5,100.5,99.5,83
37.28,103.0,14.0,155.0,95.0,-49
36.89,98.0,36.0,135.0,98.0,-47
36.89,92.5,27.0,124.0,94.0,-42
36.5,87.0,10.0,127.0,98.0,0
36.44,48.0,15.0,117.0,100.0,-43
37.67,113.0,22.0,104.0,97.0,-36
36.89,103.0,28.0,138.0,99.0,-28
36.5,63.0,13.0,108.0,96.0,-54
37.11,109.0,26.0,208.5,97.0,-54
36.56,72.0,16.0,126.0,95.0,-13
37.33,78.0,15.0,128.0,100.0,-38
36.39,71.0,21.0,134.0,100.0,-33
37.11,64.0,19.0,135.0,96.0,-12
35.44,60.0,21.0,175.0,95.0,-11
36.44,81.0,23.0,155.0,99.0,-37
35.83,82.0,14.0,107.0,100.0,-33
36.65,80.0,10.0,104.0,99.0,-24
35.72,91.0,22.0,83.0,99.0,-52
39.11,117.0,32.0,149.0,100.0,-57
36.17,79.0,19.0,121.0,97.0,-35
36.0,97.0,20.0,100.0,100.0,-49
37.61,110.0,30.0,127.0,94.0,-34
36.45,93.0,14.0,142.5,100.0,-44
35.72,70.0,21.0,166.5,96.0,-47
38.0,61.0,10.0,117.0,100.0,-47
35.5,80.0,12.0,123.5,100.0,-20
35.95,121.0,18.0,141.0,100.0,-37
37.17,82.0,26.0,98.0,98.0,48
36.5,84.0,12.0,121.5,100.0,-12
35.72,56.0,12.0,121.0,100.0,-37
36.33,84.0,15.0,127.0,96.0,-33
36.22,103.0,15.0,150.0,95.0,-52
37.44,107.0,26.0,160.0,98.0,-50
36.28,99.5,19.0,114.0,100.0,-26
37.5,73.0,18.0,178.0,100.0,-40
35.78,81.0,14.0,106.0,99.0,-21
37.67,86.0,28.0,91.0,100.0,-53
36.5,74.0,14.5,98.0,99.0,-49
36.94,76.0,18.0,101.5,95.0,-23
37.56,119.0,22.0,105.0,97.0,-19
36.67,108.0,17.5,137.0,97.0,-39
35.06,67.5,21.0,115.5,100.0,-38
36.6,82.0,12.0,125.0,99.5,-19
37.11,96.0,27.0,103.0,98.0,-24
36.22,83.0,17.0,146.0,99.0,-14
36.4,88.0,10.0,132.0,100.0,-19
36.83,89.5,21.5,118.0,99.0,-22
37.0,69.5,20.0,122.0,98.5,-42
37.06,90.0,26.0,117.0,97.0,-32
36.61,93.0,21.0,124.0,94.0,-36
37.67,74.0,20.0,120.0,100.0,-26
38.17,105.0,17.0,131.0,99.0,-4
35.72,109.0,12.0,126.0,97.0,-55
36.56,116.0,16.0,101.0,98.0,-17
37.22,99.0,20.0,144.0,98.0,-36
34.33,95.0,24.0,120.0,100.0,-33
36.72,64.0,13.5,147.5,100.0,-42
36.22,56.0,14.0,121.0,100.0,-56
36.28,99.0,21.0,132.0,100.0,-31
37.06,71.0,19.0,126.0,98.0,-35
36.28,95.0,15.5,139.0,99.0,88
36.67,75.0,17.0,111.0,94.0,-17
35.11,95.0,12.0,115.0,95.0,-28
36.3,84.0,12.0,110.0,100.0,-23
35.8,82.5,10.5,115.5,100.0,-14
36.56,105.0,19.5,97.0,98.0,-50
36.22,77.0,13.0,93.0,95.0,-37
36.94,92.0,12.0,119.0,100.0,-53
36.39,58.0,15.0,122.0,98.0,-27
36.89,85.0,18.0,118.0,97.0,-44
36.11,72.0,12.0,145.0,98.0,-21
35.8,84.0,16.0,91.5,100.0,-23
35.89,73.0,26.0,90.5,99.0,26
36.4,83.5,11.5,122.5,100.0,-16
37.78,80.0,20.0,114.0,96.0,-46
36.6,80.0,15.25,112.0,100.0,-17
37.67,94.0,16.0,157.0,100.0,-41
37.72,97.5,15.75,84.0,99.0,-49
37.11,95.0,20.0,93.0,94.0,-4
35.6,83.0,14.0,114.0,100.0,-39
36.61,80.0,12.0,106.5,100.0,-28
36.61,93.5,22.5,104.0,100.0,0
37.5,83.0,15.0,96.0,100.0,-51
35.9,103.0,14.0,114.0,100.0,-21
36.39,99.0,14.0,125.0,99.0,-49
36.67,73.0,17.0,101.0,97.0,-36
36.28,63.0,14.0,126.5,99.0,-10
36.7,76.0,25.0,106.0,99.0,-47
36.61,85.0,16.0,121.0,99.0,-48
36.39,77.5,17.75,127.5,100.0,-9
36.61,85.0,26.0,193.0,98.0,-42
36.94,84.0,20.0,154.5,100.0,-49
35.61,88.0,12.0,136.0,100.0,-8
37.44,97.0,22.0,84.0,96.0,-47
36.17,94.0,26.0,84.75,95.0,-46
35.33,71.0,19.25,104.0,99.5,207
37.17,90.0,24.0,88.0,99.0,-39
36.0,71.5,12.0,97.0,100.0,-16
35.72,91.0,10.0,112.5,100.0,-10
37.7,113.0,15.0,102.0,97.5,87
37.5,104.0,23.0,136.0,96.0,-21
37.28,101.0,20.0,113.0,98.0,-20
36.72,72.0,16.0,152.0,100.0,-37
37.56,99.0,19.5,155.5,97.5,-52
37.06,102.0,30.5,88.0,92.0,-56
37.28,74.0,27.0,112.0,96.0,-9
36.56,84.0,22.0,158.0,96.0,-40
36.44,81.0,21.0,100.0,100.0,-44
37.06,72.0,17.0,126.0,99.0,-29
36.33,65.0,16.0,118.0,100.0,-45
36.89,93.0,19.0,150.0,97.0,-42
35.7,75.0,10.0,109.0,99.0,-20
36.78,47.0,22.0,87.0,100.0,-6
35.89,99.0,10.5,113.5,100.0,-28
36.39,59.0,13.0,130.0,95.0,-60
36.78,95.0,23.0,123.0,96.0,-27
36.67,71.0,18.0,116.0,96.0,-40
36.67,100.0,16.0,137.0,96.0,-41
37.3,95.0,15.0,128.0,96.0,-40
37.39,94.0,17.0,117.0,99.0,-34
37.2,67.0,23.0,126.0,100.0,-3
37.33,106.0,17.0,100.0,100.0,62
35.1,88.0,12.0,118.0,100.0,-54
36.72,84.0,21.0,123.0,98.0,-19
37.94,85.0,19.0,114.0,82.0,-33
38.61,78.0,22.0,130.0,100.0,-41
37.61,115.0,20.0,105.0,92.0,-45
36.5,118.0,16.0,123.0,95.0,-55
37.44,94.0,24.0,113.0,100.0,24
36.1,76.0,10.0,95.0,100.0,-51
36.2,88.5,10.0,116.0,100.0,-44
35.56,55.0,24.0,105.0,100.0,-56
36.67,83.0,24.0,161.0,95.0,-48
36.44,56.0,21.0,105.0,91.0,-32
36.56,71.0,17.0,182.0,98.0,-37
35.0,92.5,16.0,103.5,100.0,-49
35.33,60.0,21.0,107.0,100.0,44
36.17,104.0,18.0,93.0,95.0,-13
34.83,87.0,16.0,110.5,100.0,0
35.35,95.0,12.5,115.0,100.0,-42
37.44,98.0,22.0,91.0,98.5,-22
36.85,86.5,14.0,114.0,100.0,-57
36.83,71.0,11.0,121.0,92.0,-41
37.0,75.0,14.0,119.5,100.0,-16
35.94,78.0,19.0,112.0,100.0,-48
36.67,69.0,14.0,104.0,97.0,-54
36.39,122.0,26.0,128.0,96.0,-32
34.25,84.5,12.0,168.0,100.0,-23
36.06,84.0,12.0,120.0,99.0,-45
35.28,77.0,14.5,132.0,100.0,-13
36.39,60.0,16.0,168.0,100.0,-33
36.44,106.5,15.25,117.5,100.0,-16
36.06,99.0,23.0,113.0,98.0,-44
37.61,82.0,17.0,135.0,100.0,-17
35.94,79.0,21.5,151.25,95.5,-20
36.83,71.0,26.0,186.0,100.0,-54
36.11,95.0,19.0,142.0,98.0,-13
37.17,67.5,18.0,105.5,95.5,-31
36.67,78.5,20.5,120.0,96.5,-46
37.0,97.0,11.5,101.0,98.5,-40
36.39,100.0,21.0,117.0,97.0,-35
39.22,108.5,22.25,125.0,100.0,-48
36.11,88.0,14.0,100.0,97.0,-3
36.89,74.0,16.0,109.0,97.0,-38
36.72,81.0,26.0,179.0,92.0,-18
36.6,86.0,10.0,129.0,96.0,0
36.11,111.0,26.0,138.0,100.0,-20
36.83,44.0,15.0,121.0,97.0,-43
37.28,96.0,20.0,127.0,98.5,-45
37.72,90.0,12.0,89.0,100.0,-36
36.78,51.0,15.0,132.0,100.0,-28
35.61,82.0,18.0,145.0,99.0,-13
37.5,71.0,17.5,130.0,98.0,-21
36.5,58.0,18.0,105.0,99.0,-19
36.06,109.0,22.0,93.0,97.0,-56
35.56,74.0,14.0,113.0,100.0,-19
37.0,81.0,30.0,124.0,100.0,38
38.22,80.0,17.0,95.0,100.0,-43
37.17,63.5,10.5,138.5,99.0,-33
36.56,101.0,27.0,85.0,89.0,48
37.17,71.0,19.0,150.0,100.0,-39
36.5,74.5,21.5,187.5,98.0,-35
36.06,57.0,19.0,140.0,99.0,-39
36.33,65.0,21.5,124.0,100.0,-36
33.97,91.0,12.0,128.0,99.0,-40
36.22,99.0,19.0,116.0,98.0,-25
37.5,64.0,13.0,111.0,97.0,-15
36.85,117.0,15.0,101.0,99.0,-46
38.89,97.0,25.0,99.0,98.0,4
35.3,85.0,14.0,102.0,100.0,-24
37.94,95.0,18.0,123.0,100.0,19
37.1,103.0,15.0,92.0,97.0,-39
35.28,75.5,14.0,114.0,100.0,-23
34.89,75.0,21.0,136.0,98.0,-26
35.56,98.0,16.0,119.0,100.0,-42
36.9,91.0,14.5,100.0,100.0,-14
36.8,107.0,16.0,99.0,98.0,-44
36.61,72.0,17.0,117.5,96.0,-7
36.45,63.0,14.0,128.0,100.0,-17
35.72,59.0,21.0,184.0,98.0,-31
37.78,85.0,19.0,126.0,97.0,-27
36.7,65.0,16.0,117.25,100.0,-20
36.56,80.0,7.0,102.0,96.0,-41
35.17,71.5,15.5,102.5,97.5,-21
35.89,109.0,24.0,162.0,94.0,-16
37.44,92.0,12.0,139.0,100.0,-39
36.11,76.5,19.5,116.0,98.0,107
36.44,52.5,11.0,130.0,99.5,-16
35.72,77.0,17.0,130.0,95.0,-42
36.25,96.5,10.0,120.0,100.0,-16
36.89,66.0,16.0,136.0,100.0,-24
36.44,97.0,17.5,105.0,96.0,-10
37.22,93.0,14.0,129.0,97.0,-49
37.0,87.0,16.5,123.0,100.0,-37
37.06,66.0,16.0,134.0,95.0,-35
37.78,69.0,14.0,160.0,100.0,-51
37.11,65.0,26.0,150.0,99.0,-49
37.67,93.0,27.0,124.0,99.0,-56
36.78,60.0,23.0,117.0,95.0,-19
37.67,82.0,23.5,105.5,100.0,-24
36.28,109.5,13.5,92.0,100.0,-42
36.89,52.0,17.0,150.0,95.5,-2
36.0,88.0,39.5,118.5,100.0,-33
35.9,79.5,17.0,107.5,100.0,-23
36.78,82.0,23.0,130.0,99.0,-40
37.17,61.0,16.0,136.0,100.0,-7
36.28,86.0,14.0,95.0,96.0,-35
39.44,93.0,22.0,200.0,100.0,-40
35.94,63.0,19.0,95.0,100.0,-52
36.3,80.0,14.0,91.5,100.0,-37
36.0,70.0,19.0,161.0,100.0,-53
35.89,90.0,18.0,160.0,94.0,-53
36.39,85.0,17.0,127.0,100.0,-43
36.5,96.0,12.0,106.0,100.0,-46
37.33,84.5,25.0,162.0,98.0,-33
36.61,111.0,20.0,119.0,94.0,-48
36.1,76.0,10.0,109.0,100.0,-42
36.78,75.0,16.0,136.0,98.0,-41
36.67,94.0,18.0,121.0,96.0,-37
35.61,77.0,12.0,127.0,97.0,-24
35.44,116.0,12.0,113.0,100.0,-30
36.0,86.5,16.0,136.0,97.5,-34
35.06,70.0,14.0,111.5,100.0,-15
35.42,79.0,14.0,135.0,100.0,-16
36.56,106.0,28.0,134.0,96.0,-44
36.83,106.0,17.0,145.0,100.0,-11
36.94,91.0,13.0,97.0,96.0,-7
36.11,75.0,20.0,83.0,99.5,-38
36.22,72.0,15.0,93.0,97.0,-34
37.67,76.0,14.0,136.0,100.0,-49
36.67,63.0,15.0,107.0,100.0,-19
33.61,82.0,16.0,105.0,92.0,-49
35.78,88.0,12.0,101.5,99.5,-48
35.5,76.0,15.0,120.5,100.0,-18
39.22,99.0,24.5,107.0,94.5,-45
35.0,80.0,22.0,118.0,97.0,-40
35.72,82.5,14.0,109.5,91.5,-34
37.56,90.0,12.0,100.0,100.0,-48
36.11,92.0,15.0,101.0,100.0,0
36.44,101.0,23.0,108.0,94.0,-16
36.83,69.0,15.0,96.5,97.5,-18
37.44,63.5,21.0,92.0,89.0,-44
35.33,79.0,12.0,98.0,100.0,-36
37.4,88.0,21.0,139.0,98.0,-35
38.7,95.5,14.5,128.0,99.5,-17
37.5,98.0,12.0,172.0,98.0,-49
37.83,47.0,14.0,108.0,100.0,-32
36.89,65.0,13.0,163.0,100.0,-18
36.56,70.0,8.0,104.5,97.0,-55
37.06,75.0,18.0,120.0,100.0,-41
36.94,79.0,23.0,139.0,96.0,-14
35.83,98.5,22.0,163.5,100.0,-53
36.72,77.0,14.0,128.0,97.0,-17
38.89,121.0,12.0,134.0,95.0,-31
36.05,91.5,13.5,109.0,100.0,-31
35.36,85.0,14.0,99.0,100.0,-15
36.33,71.0,24.0,141.0,99.0,-39
37.94,116.0,21.0,82.0,96.0,-45
38.11,97.0,24.0,114.0,80.0,-40
35.11,85.0,18.0,116.5,96.0,-42
36.89,82.0,10.0,97.5,100.0,-28
35.61,75.0,20.0,172.0,96.0,-42
37.72,91.0,14.0,118.0,100.0,-48
36.72,95.0,18.0,102.0,97.5,-15
35.7,88.0,14.0,109.0,96.5,-39
36.1,71.0,16.0,115.5,100.0,-41
37.0,47.0,14.0,101.0,98.0,-35
36.1,68.0,20.0,125.0,100.0,-20
36.33,69.0,13.0,110.0,96.0,-12
34.72,99.5,20.5,96.5,100.0,-6
36.33,59.0,13.0,125.0,97.0,-5
37.67,93.0,19.0,120.0,99.0,-16
36.28,94.0,20.0,95.0,98.0,7
36.66,68.0,13.75,140.0,100.0,-51
39.11,103.0,13.0,101.0,99.0,1
37.17,88.0,21.0,119.0,97.0,-38
37.7,98.0,18.0,144.0,97.5,68
35.72,100.0,18.0,99.0,99.0,0
36.56,63.0,21.5,126.0,92.5,-44
35.65,73.0,14.0,99.0,100.0,-23
36.11,59.0,16.0,107.0,92.0,-50
36.56,78.0,18.0,93.0,98.0,-39
36.15,73.5,12.0,116.5,100.0,-36
36.56,93.0,16.0,120.0,96.0,-38
35.5,71.0,17.5,161.0,97.0,-43
35.94,81.0,14.0,99.5,99.5,-24
36.22,107.0,20.0,104.0,98.0,-13
37.06,98.0,16.0,112.0,99.0,-39
36.11,63.0,20.0,125.0,97.0,-10
36.0,100.0,21.0,117.0,95.0,-51
37.0,112.0,14.0,143.0,98.0,-38
37.61,97.0,12.0,135.0,100.0,-41
36.17,55.0,19.0,104.0,100.0,-43
36.72,86.0,14.0,112.0,94.0,-12
36.11,65.0,12.0,100.0,100.0,-46
37.11,90.0,18.0,118.0,95.0,-34
36.11,64.0,13.0,141.0,95.0,-48
36.0,99.0,14.5,131.0,98.0,-52
37.22,99.1,14.0,126.0,100.0,-16
37.56,72.0,18.0,91.0,97.0,40
36.28,60.0,17.0,120.0,98.0,-14
36.5,84.0,11.0,110.0,100.0,-21
35.94,100.0,12.0,125.0,100.0,-41
36.1,111.5,11.0,113.5,97.5,-31
35.06,80.0,14.5,102.0,100.0,-19
36.56,106.0,15.0,106.0,100.0,-6
36.78,75.0,20.5,131.0,95.5,-40
36.33,89.0,16.0,124.0,100.0,-38
35.0,110.0,26.0,103.0,95.0,-56
36.33,105.5,10.0,106.0,100.0,-39
36.83,86.0,26.0,101.0,95.0,-45
36.67,85.0,15.0,144.0,96.0,-39
36.3,84.0,16.5,113.5,100.0,-35
37.06,94.0,25.0,104.0,99.0,-24
37.72,98.0,27.0,143.0,99.0,-30
36.89,119.0,19.5,139.0,100.0,-46
36.89,87.0,13.0,120.0,96.0,-16
37.06,112.5,22.0,112.0,96.0,-39
36.72,114.0,26.0,170.0,100.0,-35
36.61,66.0,20.0,109.0,100.0,76
36.33,99.0,19.0,110.0,97.5,-22
35.94,56.0,14.0,165.0,97.0,-13
37.17,77.0,23.0,133.0,94.0,-5
36.0,81.0,12.0,126.0,100.0,-32
36.44,90.0,33.0,116.0,99.0,-27
36.22,98.0,23.5,120.0,99.0,4
37.5,76.5,17.5,160.0,98.5,-31
36.8,91.5,15.5,107.5,96.5,-33
36.5,123.5,25.75,89.5,86.0,64
37.33,59.5,17.0,112.0,97.0,-51
36.06,81.0,21.0,154.0,99.0,-4
37.44,74.0,15.0,124.0,93.0,-43
36.83,106.0,13.0,104.0,100.0,22
36.72,70.0,17.0,110.0,100.0,-44
37.61,83.5,22.5,131.5,98.0,-32
35.39,80.0,14.0,118.0,100.0,3
37.72,72.0,13.0,152.0,100.0,-15
36.11,104.0,19.0,129.5,100.0,-25
36.72,77.0,17.0,122.0,96.0,-38
36.83,90.0,17.5,115.0,93.5,-51
36.5,90.0,14.0,97.0,100.0,-21
36.56,48.0,14.0,128.0,95.0,-17
36.56,84.0,19.0,145.0,100.0,-14
36.11,116.0,14.0,115.0,86.0,-37
34.3,87.0,14.0,113.5,100.0,-48
38.33,52.0,24.0,79.0,97.0,-36
36.67,69.0,15.0,116.0,99.0,-10
37.6,96.0,16.0,106.0,100.0,-28
37.0,75.0,17.0,134.0,96.0,-10
35.0,68.0,16.0,93.0,95.0,-38
36.83,109.0,22.0,146.0,98.0,-9
37.78,111.0,20.0,112.0,95.0,-58
36.44,107.5,22.0,99.0,100.0,-36
39.22,68.5,18.0,103.5,94.5,7
34.9,98.5,21.0,110.5,99.5,-43
36.3,80.0,10.0,102.0,100.0,33
37.94,62.0,20.0,148.0,94.0,-33
35.5,70.0,13.0,126.0,100.0,-22
38.22,98.0,21.0,135.0,97.0,-12
37.33,86.0,12.0,155.0,100.0,-50
36.89,123.0,31.0,148.0,97.0,-34
35.3,91.0,14.0,99.0,100.0,-41
36.11,64.0,13.0,130.0,94.0,-22
35.8,82.0,12.0,106.0,100.0,-35
37.33,71.0,12.0,108.0,100.0,-54
37.22,59.0,16.0,107.0,100.0,28
37.89,141.0,17.0,141.0,100.0,-55
37.0,121.0,22.0,99.0,97.0,-46
36.83,49.0,15.0,144.0,98.0,-28
37.44,112.0,13.5,97.5,100.0,0
36.06,115.0,14.0,108.0,100.0,105
35.1,73.0,14.0,96.0,100.0,-25
35.56,114.0,26.0,178.0,98.0,-20
36.83,81.0,20.0,149.0,100.0,-13
36.11,71.0,27.0,106.0,96.0,-48
37.5,71.0,18.0,87.0,96.0,-25
36.89,80.0,12.0,108.0,98.0,-26
36.72,82.0,19.0,157.0,98.0,-21
36.89,101.0,28.0,170.0,95.0,-52
35.5,70.5,10.0,109.5,100.0,-25
38.22,66.0,13.5,111.0,100.0,-38
36.5,83.0,28.0,117.0,95.0,-11
36.0,92.0,17.5,144.0,97.5,-38
36.67,83.0,17.5,127.0,100.0,-33
38.22,75.0,23.5,147.0,100.0,-12
32.58,88.0,22.0,98.0,95.0,-49
37.06,74.0,24.0,131.0,94.0,-46
36.72,71.0,12.0,169.0,99.0,-40
36.5,91.0,14.0,148.0,98.0,-44
35.5,87.0,13.5,109.0,100.0,-35
36.33,64.0,20.0,114.0,100.0,-40
38.44,84.0,17.0,150.5,98.5,-12
37.17,107.5,16.0,108.5,95.0,-39
36.89,65.0,18.0,100.0,98.0,-33
37.22,104.5,21.75,126.5,100.0,-54
37.28,66.0,18.0,116.0,97.0,-13
35.89,85.0,10.0,127.0,100.0,-32
36.5,83.0,16.0,117.0,100.0,-26
36.5,72.0,13.5,93.0,100.0,-12
36.89,80.0,16.0,136.0,99.0,-15
36.22,77.0,24.0,129.0,100.0,-23
36.11,110.0,18.0,117.0,98.0,-27
36.89,111.0,27.0,176.0,90.0,-39
37.33,103.0,16.0,116.0,93.0,-40
36.4,82.0,16.0,116.0,100.0,-12
36.39,63.5,16.5,120.0,96.5,-45
35.4,89.5,11.5,122.5,100.0,-43
36.61,89.0,14.0,110.0,97.0,-21
37.78,76.0,16.0,125.0,100.0,-39
36.35,77.0,12.0,136.0,100.0,-31
36.67,93.0,10.0,91.0,100.0,-15
35.2,80.0,14.0,119.5,100.0,-30
36.3,110.0,12.0,96.5,100.0,-32
35.89,72.0,17.0,111.5,99.0,-50
36.9,99.0,24.0,81.0,100.0,-36
36.61,91.0,19.0,151.0,97.0,-8
36.22,80.0,14.5,116.0,100.0,-13
36.0,70.0,17.5,138.5,100.0,-41
35.33,80.0,20.0,146.0,92.0,-50
35.39,80.0,29.0,107.5,100.0,-47
36.78,63.0,23.0,145.5,92.0,-50
36.94,49.0,9.0,181.0,96.0,-37
36.11,103.0,30.0,141.0,100.0,-12
36.11,82.0,14.0,84.0,99.0,-28
37.56,64.0,16.0,131.0,100.0,-37
34.78,72.5,17.5,107.5,98.0,-15
36.33,102.0,20.0,164.0,96.0,-7
37.0,88.0,18.0,153.0,100.0,-50
36.5,81.0,13.0,162.0,100.0,0
37.0,86.0,19.0,111.5,100.0,-46
37.06,74.0,21.0,171.0,99.0,-9
36.33,92.0,11.0,141.0,100.0,-27
37.72,96.0,19.0,148.0,100.0,-19
36.39,65.0,14.0,121.0,96.0,-34
36.33,81.0,17.0,140.0,100.0,-22
36.94,109.0,28.0,101.0,95.0,-52
35.6,88.0,22.0,99.0,100.0,49
36.5,90.5,11.0,125.5,100.0,-31
36.28,106.0,14.0,156.0,100.0,-27
36.56,91.0,13.0,115.0,99.0,-19
37.28,116.0,16.0,130.5,98.0,-32
36.17,112.0,16.0,115.0,95.0,-52
37.06,82.0,14.0,119.0,99.0,-34
36.89,83.0,16.0,139.0,99.0,-42
38.39,109.0,20.0,150.0,99.0,-4
37.72,76.0,19.0,137.0,100.0,-39
37.33,84.0,18.0,127.5,97.0,-43
36.44,70.0,10.0,132.0,100.0,-36
36.0,84.0,14.0,98.0,100.0,-44
35.83,71.0,12.0,88.0,96.0,-21
36.89,81.5,15.5,155.0,95.5,-37
37.17,82.0,14.0,122.0,100.0,-37
37.15,90.0,16.0,118.0,96.0,124
37.11,67.0,23.0,140.0,100.0,17
35.78,96.0,20.0,143.0,95.0,-27
36.8,74.0,13.5,117.0,99.5,-45
36.5,91.0,16.0,115.0,95.0,-26
36.94,90.0,16.0,175.0,100.0,-42
37.06,86.0,17.0,109.0,97.0,-28
36.5,80.0,14.0,128.0,100.0,-22
36.6,64.0,29.0,92.0,99.0,-17
35.55,80.0,12.0,117.5,98.0,-20
36.11,90.0,17.0,124.0,98.0,16
36.05,84.5,11.5,130.5,100.0,-44
37.28,81.0,11.5,126.5,96.5,-50
35.61,63.0,13.0,140.0,100.0,-38
36.72,83.0,17.0,105.0,97.0,-33
36.61,77.0,15.0,109.0,99.0,-38
33.67,50.0,10.0,108.0,99.0,-30
37.78,91.0,18.0,138.0,98.0,-52
38.06,116.0,22.5,126.0,100.0,6
37.0,102.0,17.0,108.0,95.0,-45
36.1,76.0,14.0,110.0,100.0,-28
35.83,86.0,21.0,136.0,100.0,-38
36.67,66.0,16.0,161.0,100.0,-17
37.11,69.0,15.0,121.0,100.0,-19
36.7,80.0,9.0,120.5,100.0,-32
36.22,76.0,10.0,120.0,96.0,-46
37.17,83.0,14.0,104.5,100.0,148
36.89,95.0,21.0,133.0,98.0,-24
36.67,88.0,20.0,150.0,100.0,-25
36.72,99.0,24.0,140.0,96.0,-16
37.78,77.0,20.0,119.0,98.0,-37
36.78,73.5,15.5,131.0,95.5,-36
38.0,74.5,16.0,137.0,100.0,-18
35.78,68.0,16.0,155.0,96.5,-41
37.06,80.0,17.0,105.0,98.0,-13
36.06,64.0,12.0,150.0,99.0,-15
37.44,96.0,27.0,103.0,97.0,-38
37.17,98.0,14.0,109.0,100.0,-52
38.56,115.0,29.5,92.0,96.0,0
35.8,86.0,12.0,120.0,100.0,-50
37.06,109.5,20.0,119.5,95.5,-6
35.83,80.0,18.0,89.0,100.0,-26
37.0,74.0,20.0,164.0,99.0,-48
37.22,91.0,20.0,137.0,96.0,-44
36.06,81.0,14.5,119.0,100.0,-21
37.44,102.0,19.0,175.0,100.0,-34
36.67,95.0,18.0,110.0,96.0,-32
38.17,98.0,14.0,144.0,100.0,-29
36.83,101.0,20.0,120.0,100.0,-16
34.0,121.0,23.0,101.0,97.0,-57
37.0,96.5,14.0,102.5,98.5,-40
37.61,85.0,19.0,115.0,95.0,-28
38.4,61.0,32.0,98.0,93.0,-12
36.56,56.0,20.0,115.0,98.0,-9
36.6,94.5,16.0,107.0,100.0,-35
35.83,79.0,18.0,177.0,100.0,-45
35.8,81.0,14.0,140.0,100.0,-49
35.7,82.0,13.0,114.0,100.0,-17
35.9,106.5,11.0,140.0,93.5,-41
36.0,84.0,10.5,141.5,96.5,-43
37.33,85.0,20.0,150.0,100.0,-41
36.0,90.0,35.0,131.0,98.0,-22
37.5,132.0,27.0,115.0,94.0,-48
36.56,52.0,14.5,138.0,100.0,-7
36.89,70.0,19.0,140.0,100.0,-33
36.28,106.0,12.0,106.0,100.0,-42
37.83,73.0,12.0,133.0,100.0,-39
36.39,56.5,12.5,94.5,98.5,-49
37.11,121.0,14.0,159.0,99.0,-46
36.83,75.0,18.0,104.0,98.0,-11
36.85,60.0,12.0,155.0,100.0,-37
36.56,57.0,21.0,103.0,97.0,-15
36.78,100.0,19.0,116.0,100.0,-34
36.78,50.0,27.0,162.0,98.0,-19
36.89,63.0,20.0,113.0,96.0,-10
35.83,101.0,35.0,123.5,88.0,0
36.0,74.0,20.0,135.0,100.0,-17
36.83,80.0,20.0,135.0,99.0,-4
37.22,86.0,14.0,115.25,96.5,-8
33.9,95.0,14.0,114.0,100.0,-47
36.28,78.0,15.0,153.0,99.0,-23
36.89,89.0,19.0,101.0,100.0,-11
36.83,138.0,13.0,91.0,96.0,-49
36.56,71.0,24.0,136.0,100.0,-16
36.5,103.0,20.5,119.0,100.0,-42
37.67,100.0,36.0,130.0,96.0,-33
37.11,117.0,19.0,124.0,95.0,-39
36.89,83.0,15.0,125.0,99.0,-56
36.5,74.0,20.0,123.0,99.0,-40
36.67,80.0,23.0,153.0,97.0,-36
36.78,51.0,11.0,104.0,98.0,-9
35.61,61.5,14.0,118.5,100.0,-38
37.0,71.0,19.0,123.0,97.5,-38
37.67,95.0,27.0,134.0,94.0,-46
37.78,130.0,14.0,93.0,100.0,25
35.9,81.0,14.0,119.0,100.0,-21
37.39,84.0,19.0,142.0,96.0,-38
36.39,78.0,23.0,87.0,99.0,-17
35.72,72.5,14.5,108.0,97.0,-15
35.94,60.0,12.0,101.0,97.0,-24
36.55,90.5,16.0,128.5,99.5,-54
36.06,106.0,23.0,106.0,99.0,-39
35.94,99.0,19.0,141.0,97.0,24
39.0,88.0,21.0,112.0,96.0,-57
35.33,61.0,26.0,114.0,100.0,52
36.44,82.0,15.0,97.0,99.0,-31
35.5,80.0,16.0,82.0,99.0,-51
36.89,89.0,10.0,109.0,96.0,-8
36.17,65.0,15.0,115.5,100.0,-37
36.56,68.0,19.0,130.0,98.0,-50
36.78,93.5,24.0,134.0,98.5,-55
37.22,106.0,16.0,143.0,99.0,-37
35.7,80.5,21.5,116.5,100.0,-30
34.78,80.0,18.0,91.0,97.0,-20
36.72,57.0,15.5,121.0,99.0,-44
37.39,86.0,19.0,106.0,98.0,-26
36.11,97.5,20.0,113.0,100.0,116
36.94,107.0,20.0,108.5,95.0,-34
36.72,81.0,18.0,131.0,98.0,-17
36.44,80.0,20.0,99.0,99.0,-53
34.5,77.5,16.0,98.5,94.0,-21
37.17,76.5,22.0,133.0,96.5,-24
36.33,84.0,30.0,107.0,95.0,68
36.0,77.0,20.0,184.0,100.0,-27
36.55,86.0,10.5,106.5,100.0,-35
37.28,60.0,16.0,159.0,99.0,-47
35.94,98.0,31.0,111.0,100.0,-51
35.8,72.0,9.0,90.0,92.0,-40
36.39,86.0,25.0,100.0,98.0,-24
37.56,81.0,17.0,171.0,95.0,-18
35.94,78.0,26.0,124.0,98.0,-56
35.72,110.0,20.0,105.0,95.0,-38
37.22,85.0,12.0,133.0,100.0,-51
35.72,78.0,15.0,130.5,96.5,-16
35.5,55.0,14.0,101.0,95.0,-43
36.28,101.0,17.0,132.0,98.0,106
36.56,93.0,16.0,131.0,100.0,-41
37.5,85.0,20.0,140.0,97.0,-15
36.28,72.0,22.0,120.0,99.0,-10
40.22,128.0,18.0,110.5,94.0,-12
36.89,71.0,12.0,119.0,99.0,-34
36.28,119.0,23.0,93.0,67.0,-2
36.44,97.0,26.0,95.0,96.0,-52
36.6,87.0,14.0,118.0,100.0,-18
36.89,60.0,16.0,106.0,98.0,-28
35.94,64.0,14.0,149.0,100.0,-41
36.39,81.0,15.0,109.0,98.0,-35
35.9,65.0,15.0,116.0,100.0,-35
35.33,57.0,14.0,85.0,98.0,-10
36.3,78.5,14.0,130.0,100.0,-44
36.06,70.5,13.0,92.5,100.0,-45
36.2,72.0,14.0,130.0,100.0,-24
37.0,133.0,39.0,134.0,100.0,-33
34.44,73.0,17.0,91.0,97.0,-50
36.67,121.0,17.0,108.0,97.0,-54
36.89,72.0,20.0,96.0,100.0,-44
35.0,68.0,14.0,159.0,100.0,-24
36.72,76.0,22.0,114.0,96.0,-34
36.22,85.5,16.0,157.5,100.0,-30
35.55,70.0,14.0,115.5,100.0,-18
36.0,94.0,20.0,140.0,95.0,-40
37.67,101.0,28.0,147.0,75.0,-44
36.67,83.0,10.0,105.0,96.0,-16
35.56,47.0,15.0,100.0,96.0,-45
35.2,88.0,10.0,119.0,100.0,-13
36.72,66.0,16.0,160.0,100.0,-6
37.67,72.0,20.0,120.0,98.0,-36
37.5,89.5,11.0,114.5,98.5,64
36.44,82.0,21.0,124.0,93.0,-23
37.28,85.0,19.0,127.5,99.0,-53
36.67,80.0,24.0,138.0,99.0,-39
36.61,54.0,17.0,107.0,95.0,-21
37.0,73.0,12.5,135.0,95.0,-31
35.17,76.5,16.0,115.5,100.0,-16
36.67,77.5,21.5,117.5,98.0,-19
36.94,56.0,20.0,118.0,97.0,-32
36.61,67.0,13.5,150.0,99.0,-20
38.22,87.0,9.0,115.0,97.0,-22
36.56,74.0,14.0,128.0,95.0,-53
37.33,79.0,16.0,111.0,100.0,-34
37.1,97.0,11.0,125.5,100.0,-25
36.83,62.0,9.0,107.0,99.0,-14
36.83,118.0,18.5,137.0,96.0,-50
36.44,85.0,15.0,132.0,96.0,-45
36.83,84.0,24.0,118.0,100.0,-36
36.56,94.0,26.0,150.0,95.5,-46
36.28,92.0,26.0,106.0,92.0,-13
36.22,80.0,17.0,97.0,100.0,-12
37.22,70.0,20.0,128.0,95.0,78
37.22,93.0,10.5,129.0,100.0,-39
35.1,75.0,14.0,118.0,100.0,-35
36.67,57.0,16.0,121.0,96.0,-21
37.06,83.0,18.0,119.0,96.0,-11
37.22,109.5,22.5,114.0,98.5,-52
34.94,53.0,17.0,92.0,100.0,-32
36.0,124.5,19.0,102.0,91.5,-52
36.0,55.0,12.0,134.0,96.0,-36
36.56,94.0,20.0,101.0,97.0,-34
36.67,66.0,21.0,104.0,98.0,-19
37.44,119.0,16.0,105.0,99.0,-38
36.3,83.0,14.0,110.0,100.0,-18
35.72,78.0,12.0,116.0,95.0,-19
36.89,79.0,18.0,99.0,99.0,-34
35.44,72.0,19.0,89.0,97.0,-53
37.5,95.5,16.75,92.0,99.0,-41
36.89,74.0,23.0,105.0,85.0,-45
37.72,83.0,21.0,116.0,99.0,3
35.56,61.0,13.5,105.0,100.0,-13
36.78,109.0,14.0,104.0,99.0,-40
36.2,79.5,10.0,111.5,100.0,-38
36.39,85.0,16.0,134.0,100.0,-23
36.89,81.0,21.0,141.0,99.0,-33
35.33,73.0,11.0,124.5,100.0,62
35.94,74.0,20.0,127.0,100.0,-45
36.7,99.0,18.0,108.0,100.0,-50
37.11,74.0,21.0,126.0,97.0,-8
38.33,88.0,16.0,142.0,97.0,-9
36.33,75.0,15.0,105.0,100.0,-42
36.0,66.0,19.0,113.0,100.0,-11
36.17,65.0,20.0,139.0,97.0,-14
37.06,95.0,19.5,113.0,100.0,-42
36.44,64.0,12.0,140.0,99.0,-51
36.78,116.0,25.5,105.5,94.5,-32
37.44,63.0,21.0,139.0,95.0,-32
37.67,91.0,17.0,117.0,100.0,-41
35.1,92.0,11.0,114.0,100.0,-39
35.6,87.0,12.0,92.0,100.0,-26
39.89,99.0,15.0,105.0,100.0,-40
35.83,68.0,14.0,129.0,94.0,-34
37.0,80.0,16.0,108.0,95.5,-19
36.6,80.0,10.0,103.5,100.0,-19
35.83,57.0,20.0,125.0,97.0,-14
34.9,77.0,10.0,91.5,100.0,-25
36.61,87.5,19.0,138.0,100.0,-34
36.83,63.0,16.0,121.0,98.0,-27
36.89,88.0,20.0,124.0,94.0,-22
35.56,77.0,10.0,113.0,100.0,-43
36.67,77.0,15.0,101.0,100.0,-13
37.11,70.0,16.0,146.0,100.0,-49
37.0,75.5,16.0,92.5,97.0,-19
36.67,68.0,14.0,112.0,98.0,-30
36.28,76.0,17.0,145.0,94.0,-29
37.17,90.5,14.5,92.0,100.0,-30
36.61,79.0,17.0,124.0,98.0,-35
36.83,99.5,17.0,147.0,95.5,-20
36.22,83.5,12.0,107.5,99.5,-11
36.78,90.0,12.0,98.0,97.0,-9
36.17,61.0,24.0,123.0,97.0,-27
37.06,62.0,7.0,88.0,99.0,-34
35.15,61.0,11.5,102.0,100.0,-12
37.11,85.5,17.0,134.0,99.0,-35
38.22,84.0,18.0,109.0,100.0,-39
37.28,85.0,19.0,101.0,99.0,-35
35.83,65.0,19.0,127.0,97.0,-25
34.58,122.0,25.0,87.0,98.5,-6
37.5,93.0,20.0,144.0,97.0,26
36.22,100.0,15.0,100.0,100.0,-19
36.56,75.0,13.0,86.0,100.0,-33
37.89,83.0,20.0,132.0,99.0,-32
36.56,81.0,14.0,120.0,100.0,-19
36.75,66.0,18.5,118.5,100.0,-34
36.28,74.0,13.0,129.0,100.0,121
36.17,60.0,15.0,116.0,96.0,-34
36.22,84.0,25.0,162.0,100.0,-31
38.11,105.0,21.0,145.0,100.0,-16
35.25,85.0,15.0,92.0,100.0,-45
36.72,65.0,22.0,106.0,93.0,-18
34.72,84.0,15.25,145.5,100.0,48
35.83,75.0,21.0,106.0,100.0,-24
37.06,66.0,19.0,132.0,95.0,-30
36.89,85.5,13.0,127.0,100.0,-12
36.0,51.0,18.0,94.0,100.0,-55
36.39,79.0,12.0,125.0,100.0,-22
36.28,73.0,14.0,133.0,96.0,-36
38.39,103.0,27.0,141.0,98.0,-26
36.28,75.0,22.0,105.0,95.0,-14
35.72,115.0,20.0,116.0,93.0,-18
36.11,70.0,14.0,141.0,97.0,-49
37.06,103.0,24.0,91.0,100.0,-45
35.9,80.0,12.0,121.5,100.0,-25
36.33,66.0,21.0,107.0,94.0,-5
35.67,52.0,20.0,112.0,97.0,-37
36.0,73.5,15.5,106.0,100.0,-52
35.56,93.0,18.0,92.5,100.0,-44
36.78,76.0,15.0,127.5,100.0,-35
37.72,86.5,23.0,118.5,100.0,-36
35.6,78.0,11.0,129.0,100.0,-32
35.5,72.0,11.0,132.0,100.0,-21
37.28,101.0,30.0,105.0,95.0,-20
36.56,102.0,22.0,114.0,100.0,-32
36.11,75.0,24.0,117.0,98.0,-13
35.9,90.0,10.0,106.0,100.0,-40
37.17,87.0,20.0,148.0,95.0,-26
37.11,89.0,20.5,117.5,99.0,-34
35.83,83.0,12.5,97.0,97.0,-8
36.67,63.0,14.0,135.0,98.0,-56
37.44,62.0,12.0,102.0,100.0,-37
37.11,74.0,12.0,119.5,100.0,-17
37.44,129.0,20.0,149.5,98.5,-42
36.61,98.0,16.0,127.0,98.0,87
36.33,87.0,14.0,183.0,100.0,-38
36.67,78.0,16.0,124.0,100.0,-26
35.89,61.0,14.0,109.0,97.0,-28
36.67,108.0,13.5,152.0,93.0,-50
34.0,70.0,12.0,133.0,100.0,-27
37.61,81.5,18.0,113.5,99.5,-44
35.83,61.0,14.0,159.25,100.0,98
37.8,92.0,15.0,87.0,97.0,-29
36.28,60.0,14.0,114.0,100.0,-16
31.93,92.0,16.0,111.5,100.0,-20
35.8,85.0,14.0,109.0,100.0,-35
35.67,96.0,19.0,184.0,99.0,-40
37.11,85.0,21.0,108.0,99.0,-47
34.58,48.0,10.0,140.0,100.0,-43
35.33,127.0,11.5,97.0,99.5,-44
35.28,69.0,13.5,97.0,98.0,-41
35.89,62.5,11.5,118.0,95.0,-27
37.9,109.5,22.0,134.5,98.0,-39
36.78,71.5,15.0,105.0,100.0,-17
35.9,104.5,10.0,114.0,100.0,-53
35.94,59.0,18.0,159.0,97.0,-45
37.11,72.0,14.0,125.0,99.0,-36
36.2,88.0,16.0,105.0,100.0,-15
36.39,70.0,19.0,113.0,96.0,-42
36.78,89.0,26.0,135.0,98.0,-48
36.61,92.5,21.0,133.0,100.0,-26
36.56,76.0,23.0,111.0,94.0,-10
37.61,95.0,16.0,152.0,97.0,-37
34.25,108.0,12.0,181.0,100.0,-2
38.44,81.0,14.0,122.0,100.0,-30
36.72,81.0,19.0,125.0,97.0,-15
36.39,91.0,16.0,105.0,93.0,-21
36.4,71.0,12.0,102.0,100.0,-54
37.94,85.0,13.0,107.0,99.0,-51
35.83,96.0,12.0,122.0,100.0,-19
35.28,62.0,14.5,142.0,100.0,-48
35.9,81.0,18.0,113.0,100.0,-16
36.61,85.0,13.0,126.5,100.0,-40
36.44,85.0,16.0,144.0,100.0,-49
36.11,63.0,16.0,121.0,97.0,-9
35.78,65.5,25.5,109.5,98.5,-22
37.22,58.0,27.0,124.0,94.0,-9
36.78,99.0,16.0,116.0,100.0,-15
37.11,61.0,18.5,119.0,100.0,-27
37.11,93.0,9.5,154.0,100.0,-53
36.56,80.0,14.0,106.0,100.0,-19
37.94,67.0,18.0,148.0,93.0,-30
36.61,125.5,33.0,114.0,95.0,-37
36.0,87.0,21.0,155.0,85.0,-47
37.28,110.0,21.0,146.0,100.0,-43
36.5,64.0,13.0,101.0,95.0,-45
37.28,91.0,14.0,125.0,95.0,-36
36.28,44.0,21.0,152.0,95.0,-49
36.35,81.0,14.0,128.0,99.5,-20
36.89,85.0,17.0,121.0,99.0,-31
35.94,86.0,23.0,76.0,93.0,-41
37.67,141.0,13.0,116.0,95.0,-22
38.0,108.0,20.0,199.5,100.0,-16
35.67,83.0,15.0,105.0,99.0,-45
36.45,84.0,16.0,92.0,100.0,-22
36.33,89.0,14.0,128.0,100.0,-45
37.56,73.0,20.0,145.0,100.0,-20
35.89,80.0,15.5,178.0,100.0,5
37.5,104.0,31.0,99.0,91.0,40
37.0,74.5,12.0,161.0,97.5,-39
37.28,82.0,16.0,131.0,100.0,-18
36.56,77.0,16.0,150.0,98.5,16
34.7,80.0,13.5,117.0,100.0,-40
36.56,90.5,14.0,109.5,99.0,-15
37.72,143.0,17.0,124.0,97.0,20
37.61,106.0,35.25,111.0,94.0,-37
35.1,80.0,10.0,134.0,98.0,-42
37.0,103.0,28.0,130.0,96.0,-14
36.72,82.0,16.0,95.0,100.0,-33
36.22,65.0,16.0,155.0,97.0,-46
37.17,64.5,16.5,103.0,97.5,-15
36.22,86.0,23.0,114.0,98.0,230
36.7,71.0,27.0,105.0,100.0,-42
36.83,74.0,12.0,110.0,95.0,-50
37.19,119.0,20.0,154.0,100.0,-17
37.33,84.0,14.0,76.0,97.0,-33
37.06,80.0,17.0,129.0,95.5,0
35.56,83.0,13.0,123.0,100.0,-14
36.45,105.0,18.0,95.0,100.0,-55
36.67,90.0,18.0,119.0,96.0,-57
37.28,122.0,21.0,128.5,96.5,-43
33.89,64.0,14.0,116.0,100.0,-11
37.42,112.0,16.0,103.0,98.0,-39
38.06,86.0,20.0,148.0,98.0,-38
36.44,98.0,22.0,116.0,97.0,-35
36.89,78.0,16.0,103.0,98.0,-10
35.89,72.0,12.5,112.0,100.0,-35
37.0,95.5,16.5,139.0,97.0,-32
36.7,76.0,14.0,103.0,98.0,-40
36.39,99.0,28.0,117.0,99.0,-32
35.5,58.0,14.0,127.0,100.0,-33
36.39,106.5,17.0,153.5,96.5,-51
37.67,88.0,16.0,111.0,94.0,-45
37.0,74.0,24.0,152.0,100.0,-38
37.06,73.0,22.0,141.0,97.0,-14
36.0,100.0,13.0,109.0,100.0,-19
36.0,96.5,10.0,114.5,99.0,-19
37.67,121.0,24.0,137.0,98.0,-53
40.5,119.0,35.0,133.0,95.0,-27
35.83,78.0,12.0,99.0,97.0,-18
35.7,88.0,14.0,112.0,100.0,-19
37.0,99.0,15.0,116.0,99.0,-36
36.5,87.0,23.0,156.0,96.0,-40
37.67,88.0,25.0,148.0,96.0,-15
36.39,83.0,16.5,149.0,94.0,-33
35.8,87.0,10.0,118.0,100.0,-20
34.72,63.0,12.0,107.0,95.0,24
35.75,87.0,10.0,113.0,100.0,-40
36.78,69.0,11.0,112.0,100.0,-48
36.17,82.0,16.0,107.0,100.0,122
36.2,129.0,24.0,105.5,89.5,-18
36.72,74.0,11.0,124.0,96.0,-38
35.94,103.0,19.0,144.0,100.0,-8
37.0,84.0,12.0,106.5,100.0,3
37.44,68.0,14.0,141.0,99.0,-14
36.44,93.0,22.0,135.0,93.0,-15
36.72,102.0,13.0,85.0,100.0,-36
34.67,61.0,16.0,116.0,100.0,-41
36.56,61.0,25.0,148.0,98.0,-43
36.94,78.0,18.0,127.0,97.0,-45
35.6,72.0,16.0,94.5,100.0,-27
35.89,60.5,11.0,78.5,99.0,-53
35.55,72.0,16.0,123.5,100.0,-41
35.8,67.5,11.0,132.5,100.0,-36
35.0,84.0,10.0,111.0,100.0,-41
35.8,84.0,14.0,102.0,100.0,-24
36.83,96.0,19.0,152.0,100.0,-30
34.5,70.0,14.5,146.0,96.5,-40
37.06,65.0,19.0,104.0,92.0,-23
36.56,102.0,21.0,120.0,94.0,-38
36.78,82.0,24.0,130.0,95.0,-37
36.11,69.0,18.0,108.0,98.0,-27
35.56,65.0,12.0,102.0,100.0,-13
35.0,90.0,15.0,99.0,98.0,-47
36.11,88.0,12.5,113.0,100.0,-19
36.8,63.0,13.5,117.0,100.0,-37
35.78,69.0,14.0,158.0,100.0,-53
36.39,53.5,16.0,125.5,100.0,-43
36.67,88.0,18.0,124.0,97.0,-19
38.61,91.0,19.0,165.0,99.5,-40
36.33,67.0,15.0,111.0,99.0,-16
35.0,95.5,31.0,115.5,99.5,-39
36.4,70.0,10.0,119.0,100.0,8
37.19,94.5,10.5,160.0,100.0,106
36.5,78.5,25.0,142.0,100.0,-22
36.67,84.0,24.0,189.0,95.0,-26
36.35,58.5,14.0,147.0,100.0,-35
36.89,85.0,14.0,126.0,94.0,-9
36.28,57.0,17.0,109.0,99.0,-20
36.89,78.0,13.0,107.0,97.0,-30
36.89,66.0,16.0,152.0,99.0,-40
35.4,72.0,17.0,121.0,100.0,-19
36.0,74.0,18.0,124.0,100.0,81
38.22,131.0,30.0,117.0,100.0,-38
35.89,65.0,14.0,90.5,98.5,-37
35.89,56.0,14.0,122.0,100.0,-16
38.0,66.0,21.0,177.0,96.0,-40
35.89,92.5,15.5,154.5,99.5,-24
37.44,97.0,18.0,136.0,100.0,0
36.28,88.0,10.0,149.0,100.0,-49
37.0,76.5,10.0,147.0,98.0,-44
37.17,67.0,24.0,96.0,96.0,-41
37.0,95.5,14.0,135.0,99.5,-10
35.83,85.0,13.0,106.0,92.0,-21
36.44,69.0,19.5,130.0,100.0,-45
35.83,69.0,14.0,100.0,100.0,-27
36.72,68.0,12.0,151.0,100.0,-23
36.56,68.0,12.0,102.0,97.0,-20
35.5,90.0,12.0,140.0,100.0,-44
36.22,77.0,18.25,156.5,100.0,-37
36.75,94.0,12.0,105.5,100.0,-39
40.0,121.0,23.5,122.0,99.0,15
38.72,147.5,25.5,130.0,100.0,-14
35.72,66.0,17.0,114.0,99.0,-20
36.56,80.0,14.5,133.5,96.5,-13
37.11,70.0,19.0,124.0,96.0,-18
36.83,65.0,17.5,124.0,98.0,-38
36.33,59.5,16.5,162.5,100.0,-56
37.85,84.0,12.0,127.0,97.0,-46
36.56,98.0,14.5,147.0,100.0,-52
38.83,90.0,30.0,181.0,98.0,-43
37.72,69.0,12.0,97.5,100.0,-39
36.78,89.0,20.0,156.0,94.0,-48
37.17,101.0,28.0,112.0,91.0,-35
36.83,75.0,15.0,114.5,99.5,-33
36.17,85.0,10.0,116.0,100.0,-30
36.56,85.0,12.0,111.0,100.0,-25
36.67,74.5,15.0,216.5,100.0,-13
36.78,78.0,16.0,108.0,98.0,-27
34.9,85.5,10.0,123.0,100.0,-40
35.61,82.0,23.0,107.0,99.0,-45
36.1,90.0,11.0,77.5,100.0,-42
36.7,68.0,24.0,130.0,97.0,-51
38.44,66.0,16.0,120.0,100.0,76
35.89,81.0,15.0,137.5,100.0,-17
36.56,112.0,12.0,161.0,99.0,-33
35.83,78.0,12.0,128.0,100.0,-7
36.33,57.0,19.0,141.0,96.0,-1
37.22,84.0,22.0,149.5,99.5,-46
39.0,138.0,23.0,104.0,99.0,-40
36.83,87.0,11.0,133.0,100.0,-24
37.56,53.5,19.0,134.5,94.5,-29
35.67,63.0,18.0,113.0,99.0,-23
37.78,104.0,25.0,177.0,99.0,-37
34.25,91.5,10.0,111.0,100.0,-37
37.39,104.5,19.5,108.0,94.0,-43
36.11,81.0,20.5,194.5,97.5,-36
35.7,78.5,12.0,154.5,100.0,-21
36.22,94.0,21.0,112.0,94.0,-40
37.0,99.0,22.0,143.0,95.0,-11
36.8,78.0,14.0,106.0,100.0,-39
36.89,87.0,14.0,90.0,100.0,-17
35.72,115.0,23.0,120.0,98.0,-15
36.0,86.0,12.0,102.0,99.0,-18
36.72,62.0,14.0,107.0,99.5,-6
37.7,72.0,25.0,114.0,99.0,-47
36.83,70.0,19.0,111.0,98.0,-39
37.0,78.0,29.0,130.0,99.0,-56
37.72,95.0,20.0,154.0,91.0,-47
37.11,75.0,22.0,161.0,99.0,-30
34.25,75.0,12.0,105.0,100.0,-43
36.5,105.0,24.0,115.0,96.0,-8
35.89,87.0,18.0,114.0,96.0,-41
36.67,90.0,19.0,103.0,100.0,-36
36.97,95.0,16.0,107.0,100.0,7
36.73,92.0,14.0,124.0,100.0,0
36.0,90.5,16.0,121.0,99.5,-34
35.4,61.5,14.0,112.0,100.0,-20
36.89,104.0,18.0,95.0,99.0,-39
36.67,87.0,28.0,107.0,98.0,-41
36.56,77.0,20.0,97.0,91.0,-24
37.67,87.5,27.0,88.0,97.0,54
35.69,114.5,15.5,83.5,97.0,-46
37.5,81.0,22.0,95.0,98.0,-17
35.9,84.0,12.0,110.0,100.0,-24
36.67,96.0,26.0,110.0,95.0,-35
38.06,120.0,15.0,139.0,94.0,-49
37.44,115.0,22.0,108.0,98.0,-18
35.44,86.0,20.0,141.0,100.0,-43
38.67,80.0,16.0,108.0,100.0,-30
35.89,97.5,18.0,139.5,100.0,-32
36.11,81.5,18.0,134.0,100.0,-48
36.67,118.0,20.0,148.0,98.0,-34
37.11,128.0,20.0,121.0,91.0,-35
37.22,91.0,20.5,116.0,97.0,-55
36.11,99.5,16.5,124.5,100.0,-46
35.3,94.5,12.0,100.5,100.0,-47
35.0,86.0,9.0,124.5,100.0,-35
36.0,101.0,14.0,155.0,96.0,-41
36.33,92.0,20.0,156.0,99.0,-37
36.0,91.5,17.5,157.5,100.0,-17
36.78,106.0,11.5,143.0,96.0,-40
36.1,86.0,12.0,102.0,100.0,-46
37.06,65.5,29.0,144.0,97.5,-52
36.95,86.0,12.0,117.5,100.0,-19
37.0,77.0,17.0,110.0,100.0,-34
36.06,85.0,16.0,114.0,96.0,-38
36.06,74.0,19.0,104.0,85.0,17
36.15,88.0,10.0,126.0,100.0,-39
36.56,69.0,17.0,136.0,100.0,-14
35.28,81.0,21.0,95.0,99.0,-19
35.83,77.0,14.0,114.0,93.0,-37
35.2,88.0,11.0,114.5,100.0,-26
35.83,61.0,12.0,123.0,99.0,-15
36.94,64.0,14.0,90.0,96.0,-24
36.78,74.0,17.0,120.0,100.0,-52
36.89,85.0,12.0,102.0,97.0,-18
37.17,111.0,15.0,144.0,100.0,21
37.8,95.0,9.0,144.0,98.0,-28
36.17,116.0,20.0,98.0,100.0,-36
36.39,90.0,20.0,109.0,95.0,-38
37.0,108.0,31.0,90.0,86.0,-13
36.72,70.5,18.0,142.5,99.0,-43
37.28,61.0,16.0,139.0,100.0,-11
36.72,90.0,6.0,138.0,97.0,-42
37.22,106.0,17.0,147.0,96.0,-16
36.28,83.0,14.5,140.0,97.0,-35
36.44,70.0,18.0,98.0,93.5,0
36.94,94.0,17.5,106.0,96.5,-11
38.44,110.5,28.5,86.0,96.0,0
37.78,128.0,12.0,117.0,100.0,-22
36.89,77.0,15.0,118.0,96.0,-12
35.17,73.5,16.0,175.0,100.0,-42
37.61,91.0,16.0,121.0,98.0,-41
38.0,95.0,23.0,82.0,100.0,-15
36.6,80.0,10.0,119.0,99.0,-35
36.15,99.0,20.0,117.5,100.0,-58
35.94,79.0,17.0,117.0,96.0,-32
36.67,66.0,20.25,127.0,100.0,-42
36.56,112.0,25.0,94.0,100.0,-8
38.78,87.0,26.0,137.0,100.0,-46
36.67,77.0,22.0,116.0,99.0,-45
33.61,56.0,17.0,108.0,99.0,8
36.7,82.0,12.0,127.0,100.0,-49
35.83,55.0,16.0,128.0,100.0,-13
36.2,67.5,13.0,104.0,100.0,-23
36.28,85.0,11.0,126.0,96.0,-39
36.39,94.0,18.0,105.5,98.0,-29
36.28,88.0,20.0,114.0,95.0,-53
37.94,64.0,18.0,90.0,100.0,-18
36.83,69.0,14.0,115.0,98.0,-22
37.22,83.0,12.0,122.0,99.0,-37
36.94,110.0,16.0,107.0,94.0,-44
35.94,102.5,23.5,88.5,91.0,7
35.72,47.5,15.0,135.5,100.0,-39
35.83,85.0,15.0,124.0,99.0,-23
38.83,110.0,29.0,100.0,93.0,-15
37.5,83.0,25.0,127.0,99.0,-56
37.22,100.0,31.0,147.0,98.0,-50
36.2,80.0,9.5,128.5,99.5,-53
36.28,81.0,15.0,113.0,100.0,-40
35.78,112.0,10.0,105.0,93.0,-49
36.11,53.5,15.5,88.0,98.0,-36
36.39,84.0,21.0,113.0,93.0,-30
36.89,66.0,18.0,135.0,97.0,-19
36.22,77.0,26.0,130.0,97.0,-36
36.25,80.0,9.5,106.0,100.0,-39
36.22,101.0,14.0,135.0,100.0,-18
35.89,62.0,10.0,100.0,100.0,-16
36.78,64.0,19.0,124.0,98.0,-17
36.22,70.0,14.0,112.0,99.0,-41
36.11,69.0,20.0,117.0,98.0,-44
37.89,122.0,18.0,116.0,94.0,-35
37.5,103.0,10.5,111.0,98.5,-22
38.17,113.0,12.0,124.0,98.0,-55
36.78,56.0,14.0,117.0,100.0,-21
38.44,131.0,51.5,162.25,95.5,-47
36.89,75.0,11.5,147.5,100.0,-45
36.22,67.0,12.0,98.0,99.0,-19
36.06,60.0,23.0,122.0,94.0,-22
36.94,70.0,23.0,110.0,96.0,-24
36.72,99.0,20.0,156.0,95.0,-41
34.55,83.0,10.75,105.5,99.5,-49
36.9,82.5,12.0,96.0,100.0,-42
36.39,88.0,10.0,121.0,100.0,-43
37.0,81.0,12.0,127.0,100.0,-33
36.39,70.5,14.0,128.0,100.0,-87
35.67,108.0,33.0,134.0,98.0,-39
37.9,92.0,10.0,108.0,99.5,-52
36.56,98.0,19.0,113.0,95.0,-18
36.39,101.0,21.0,174.5,100.0,-45
36.83,80.0,23.0,115.0,98.0,-47
36.72,80.0,14.0,92.0,100.0,-15
37.78,124.0,30.0,115.5,92.0,-41
34.4,88.5,13.5,117.5,99.5,-44
36.45,80.0,14.0,107.0,99.5,-16
37.0,52.0,14.5,160.0,100.0,-19
35.33,57.5,13.5,140.0,98.0,-1
36.67,93.0,21.0,123.0,61.0,-40
36.0,52.0,16.0,119.0,96.0,-32
37.06,66.5,17.0,119.0,98.0,-13
37.0,86.0,16.0,78.0,100.0,-46
36.17,81.0,21.0,118.0,100.0,-22
37.17,109.0,37.0,160.0,94.0,-26
36.11,110.0,16.0,87.0,91.0,-16
36.92,98.0,17.0,129.5,100.0,-53
35.9,73.5,16.0,145.0,100.0,-40
35.33,89.0,11.5,178.0,96.0,-14
36.39,77.0,14.0,114.0,99.0,-23
37.83,69.0,17.0,115.0,98.0,-37
36.7,96.0,12.0,102.0,100.0,-22
36.0,84.0,19.0,110.0,99.0,-55
36.5,71.0,16.0,120.0,99.0,75
37.06,71.0,11.5,113.5,100.0,49
37.44,93.0,12.0,149.0,100.0,-35
37.56,78.0,17.5,153.0,100.0,-33
36.11,111.0,28.0,140.0,99.0,-50
36.61,104.5,14.5,95.0,100.0,-50
36.61,91.0,21.0,108.0,99.0,-42
33.94,95.0,17.5,89.5,99.0,-30
37.11,96.0,14.0,97.0,100.0,-36
36.33,82.5,13.0,139.0,100.0,-33
36.8,74.0,12.0,91.5,100.0,-46
36.44,133.0,18.0,130.0,95.0,-36
37.11,100.0,13.5,108.5,99.0,-23
37.83,98.0,18.0,126.0,98.0,-45
36.06,106.0,15.0,140.0,100.0,-13
36.5,97.0,19.0,95.0,94.0,-21
35.5,88.0,14.0,97.0,100.0,-38
37.72,79.0,34.0,125.0,89.0,-12
36.6,60.5,12.0,123.0,100.0,-20
37.33,136.0,22.0,151.0,96.0,-46
35.36,70.0,25.0,98.0,95.0,-40
36.56,78.0,19.0,135.0,97.0,-33
37.78,75.0,20.0,98.0,100.0,-46
37.39,97.0,20.0,142.0,98.0,76
35.3,79.0,12.0,125.0,100.0,-33
36.0,89.0,14.0,102.5,100.0,-18
37.33,73.0,16.0,106.0,100.0,-17
36.95,82.0,14.0,104.0,99.0,-45
36.72,93.0,18.0,110.0,95.0,-13
37.39,132.5,16.0,188.0,96.0,-43
36.33,90.0,15.75,119.0,100.0,-32
36.72,99.0,20.0,151.0,97.0,-24
35.61,95.0,14.0,147.5,97.0,0
37.06,109.0,17.5,147.0,100.0,-19
35.83,81.0,24.0,132.0,95.0,-46
35.28,77.0,10.0,102.0,100.0,-23
36.94,86.0,17.0,108.0,94.0,-12
36.61,82.0,13.0,108.0,98.0,-12
36.89,91.0,15.0,151.0,100.0,-43
36.39,69.0,15.0,133.5,95.0,-41
37.81,76.0,17.0,114.0,98.5,0
36.44,119.0,22.0,113.0,93.0,0
37.06,69.0,16.0,142.0,95.0,-37
37.89,115.0,24.0,118.0,100.0,-41
36.72,89.0,10.0,140.0,100.0,-47
35.83,100.0,14.0,115.0,100.0,-48
35.3,88.0,12.0,134.0,100.0,-51
36.75,96.5,10.5,112.5,100.0,-18
36.61,103.0,24.0,145.0,95.0,-34
36.89,121.0,21.0,97.0,97.0,-48
36.67,75.0,17.5,100.5,99.5,-19
37.33,82.0,20.75,150.0,100.0,-48
37.0,81.0,18.0,148.0,97.0,-40
37.06,73.0,15.0,115.0,98.0,-20
36.28,84.0,30.0,102.0,93.0,100
37.67,86.0,13.0,103.5,100.0,-53
36.11,83.0,15.0,134.0,99.0,-28
36.78,75.0,18.0,154.0,99.0,-7
37.0,73.0,17.0,117.0,100.0,-21
36.1,87.0,10.0,116.0,100.0,-52
37.83,87.0,19.0,84.0,98.0,-29
36.22,64.0,15.0,110.0,98.0,-27
37.06,123.0,30.0,103.5,99.0,8
35.28,75.0,23.0,90.0,97.0,-23
35.92,75.5,20.5,111.5,98.5,-38
37.28,73.0,31.0,96.0,98.0,-16
37.33,78.5,30.5,77.0,94.0,-56
38.11,111.0,12.0,119.0,97.0,-58
36.28,102.0,24.0,146.0,97.0,-42
36.0,64.0,18.0,206.0,97.0,-48
35.9,87.0,11.0,107.0,100.0,-47
36.53,59.5,16.0,178.5,100.0,-41
36.45,98.0,12.0,102.0,100.0,-13
37.22,141.0,22.5,109.5,89.5,-7
36.44,85.5,18.5,142.0,100.0,-24
36.56,99.0,19.0,109.5,100.0,-25
36.5,73.5,11.5,114.5,100.0,-15
36.0,74.0,16.0,121.0,97.0,-9
37.17,107.0,16.0,102.0,99.0,-45
36.2,74.0,13.0,137.5,100.0,-28
36.33,66.5,13.0,110.25,100.0,-52
36.72,60.0,16.0,120.0,99.0,-25
36.83,96.0,18.0,136.0,99.0,-47
36.44,85.0,17.0,120.0,100.0,-16
36.89,60.0,16.0,127.0,99.0,-48
35.5,80.0,12.0,125.0,100.0,-21
37.22,73.0,16.5,106.5,99.0,-54
36.56,64.5,20.0,96.5,100.0,-50
36.39,95.0,17.0,189.0,98.0,-47
38.56,111.0,15.0,106.0,94.0,-46
35.5,78.0,14.0,117.0,95.0,-55
36.2,131.0,14.0,109.0,100.0,-44
36.78,77.0,11.0,130.0,95.0,-45
37.94,99.0,22.5,140.0,100.0,-36
35.5,65.0,11.0,112.0,99.0,-21
36.94,66.0,17.0,114.0,94.0,-51
39.17,103.5,23.0,131.0,100.0,-38
37.11,63.0,18.0,150.0,99.0,-48
37.78,105.0,13.0,110.0,98.0,-35
36.89,84.0,21.0,158.0,92.0,-37
37.22,159.5,26.0,105.5,88.0,-41
35.61,88.0,26.0,134.0,95.0,-44
37.56,107.0,19.0,108.0,100.0,-56
36.78,88.0,17.5,139.0,99.5,-12
36.0,94.0,14.0,117.0,100.0,-46
35.56,75.0,15.0,126.0,98.0,-22
37.6,80.0,12.0,107.0,98.0,-55
35.0,57.0,15.0,110.0,100.0,-14
39.0,119.0,9.0,152.0,95.0,-35
37.0,93.0,19.0,130.0,92.0,-45
35.89,72.0,15.0,109.0,100.0,-32
37.0,100.0,21.0,109.5,99.0,-35
34.05,90.0,10.0,106.0,100.0,-22
36.56,81.0,23.0,131.0,94.0,-8
36.44,80.0,31.0,127.0,96.0,-41
37.28,62.0,21.0,124.0,96.0,-20
36.39,77.0,16.0,98.0,100.0,-13
37.5,84.0,14.0,120.0,100.0,-22
37.17,82.0,21.0,145.0,99.0,-45
36.78,110.0,16.0,144.5,94.0,-18
35.5,73.0,11.0,131.0,100.0,-45
36.33,87.0,19.0,95.0,98.0,138
36.8,85.0,18.0,102.0,96.0,161
36.72,98.0,28.0,107.5,100.0,-38
36.72,94.0,12.0,86.0,98.0,-4
36.22,73.0,21.0,164.5,100.0,-1
37.0,103.0,15.0,143.0,99.0,-11
36.67,73.0,17.5,136.5,98.5,-36
35.78,69.0,15.0,108.0,97.0,-30
35.28,71.0,12.0,117.5,100.0,-42
35.28,56.0,16.0,136.0,100.0,-35
34.94,71.0,24.5,107.25,99.0,-15
35.67,60.0,11.0,98.0,92.0,84
36.5,100.0,15.0,131.0,95.0,-41
37.67,79.0,20.0,102.0,96.0,18
37.33,100.0,19.0,112.0,96.0,-45
37.17,83.0,20.0,125.0,97.0,19
37.28,90.0,25.0,142.0,98.0,-50
35.89,70.0,15.0,113.0,99.0,-17
35.56,74.0,15.0,149.0,97.5,-30
36.33,70.0,21.0,111.0,97.0,-39
37.17,95.0,16.0,164.0,100.0,-41
36.56,63.0,18.0,115.0,100.0,-24
36.0,88.0,10.0,102.0,100.0,-48
35.94,69.0,17.0,144.0,96.0,-32
35.67,84.0,10.0,114.0,100.0,-48
36.67,95.0,16.0,112.0,100.0,0
36.5,77.0,16.0,135.0,97.0,-44
36.39,52.0,20.0,102.0,95.0,3
36.56,71.0,18.0,109.0,98.0,-20
34.9,70.0,10.25,121.5,97.5,-37
35.83,66.0,21.0,127.5,98.0,-26
34.28,76.0,18.0,163.0,95.0,-47
37.22,106.0,15.0,105.0,98.0,-17
37.44,86.0,16.0,165.5,100.0,-48
35.17,100.0,35.0,107.0,96.0,-41
38.17,117.0,14.5,136.0,100.0,0
36.11,87.5,21.0,169.25,100.0,-19
37.61,77.0,20.0,125.0,97.0,-26
37.0,100.0,19.5,118.0,100.0,-24
36.78,99.5,22.25,131.0,99.0,-39
35.89,68.0,15.0,105.0,88.0,-54
35.55,87.5,11.75,102.5,100.0,-16
39.56,58.0,13.0,122.0,98.0,-55
37.17,94.0,19.0,136.0,100.0,-9
37.17,91.0,24.75,116.5,97.5,-52
37.61,83.0,22.0,120.0,97.0,-44
35.56,63.5,17.5,141.0,100.0,-20
38.0,98.0,20.0,106.0,96.0,-47
34.44,81.0,16.0,114.0,100.0,-21
36.4,90.0,10.0,123.0,100.0,-39
36.67,67.0,13.0,139.0,98.0,-35
35.67,91.0,13.0,144.0,95.0,-14
36.3,73.0,19.0,99.5,100.0,-41
36.39,92.5,24.5,144.5,96.5,-16
36.67,77.0,12.0,113.0,99.0,-13
37.39,113.0,17.0,161.0,100.0,-31
36.89,67.0,10.0,133.0,97.0,-56
37.67,99.0,23.0,127.0,100.0,-40
37.94,111.0,20.0,107.0,96.0,-17
38.22,109.0,31.0,130.0,100.0,-34
35.8,85.0,12.0,113.0,100.0,-37
35.7,77.5,12.0,113.5,100.0,-44
35.44,78.0,16.0,88.0,100.0,-35
36.0,92.0,19.0,112.0,99.0,-29
35.95,59.5,13.0,113.5,100.0,-26
37.28,107.0,26.0,121.0,92.0,77
36.56,112.0,22.0,129.0,95.0,-36
37.28,81.0,10.0,108.0,93.0,-25
37.61,80.0,40.0,110.0,100.0,-34
37.06,115.0,16.0,136.0,97.0,-12
35.78,56.0,19.0,128.0,100.0,-29
37.44,102.0,25.0,112.5,97.0,-16
37.5,82.0,23.0,132.0,100.0,-75
37.0,106.0,15.0,121.0,94.0,-9
35.5,101.0,31.0,108.0,92.0,26
37.67,98.0,23.0,152.0,98.0,-49
39.17,77.0,20.0,124.0,94.5,-21
35.72,72.5,24.0,136.0,100.0,-11
36.89,108.0,14.0,135.0,100.0,-35
39.11,119.0,22.0,105.0,97.0,-54
36.33,79.0,13.0,152.0,97.0,-30
37.5,84.5,14.0,117.5,99.0,-14
37.17,80.0,11.0,147.0,98.0,-11
36.89,102.0,15.0,122.0,98.0,-8
38.44,79.0,24.0,116.0,100.0,-3
36.83,95.0,20.0,158.0,99.0,-49
36.67,63.0,11.0,120.0,100.0,-57
35.35,70.0,14.0,109.0,100.0,-15
36.11,82.0,32.0,127.0,95.0,-19
37.33,85.0,14.0,134.0,98.0,-55
36.78,75.0,13.0,151.0,100.0,-2
37.0,88.5,10.0,117.5,100.0,-21
38.44,113.0,25.0,174.0,99.0,-42
36.28,114.0,22.0,112.0,97.0,-37
36.0,77.5,16.0,107.5,100.0,-24
36.11,90.0,19.0,113.0,98.0,-9
37.56,121.0,29.0,134.0,100.0,-44
37.78,91.0,20.0,159.0,97.0,-22
38.22,80.0,18.0,158.0,95.0,-21
36.67,75.0,17.0,137.0,96.0,-38
37.72,110.0,19.0,136.0,97.5,-14
37.67,76.0,18.5,106.0,100.0,-38
37.22,105.0,21.0,113.0,100.0,-24
35.56,90.0,32.0,123.0,99.0,-23
37.11,118.0,29.0,110.0,94.0,-34
37.11,101.5,20.5,124.5,97.5,-30
36.78,88.0,10.0,86.0,96.0,-46
36.69,89.0,15.0,148.0,98.0,-8
37.22,85.5,22.0,130.0,95.5,-23
36.28,90.0,19.0,126.0,98.0,-27
36.67,67.0,17.0,133.0,99.0,-8
36.17,97.0,17.0,115.0,96.0,-26
37.61,60.0,18.0,158.0,99.0,-56
36.94,88.0,24.0,131.0,96.0,0
36.83,60.0,24.0,135.0,96.0,-15
36.94,80.0,30.0,139.5,95.0,2
36.89,67.0,19.0,115.0,95.0,-12
36.44,80.0,14.5,99.0,100.0,-17
36.5,77.0,14.0,99.0,96.0,-40
33.2,46.0,16.0,121.0,100.0,-19
36.72,98.0,25.0,90.0,100.0,-28
36.67,64.0,24.0,78.0,95.0,-19
37.83,59.0,22.5,141.0,100.0,0
36.11,70.0,14.0,94.0,94.0,-52
36.78,84.0,18.0,119.0,100.0,-33
35.72,73.0,21.0,135.0,97.0,-47
37.28,85.0,12.0,182.0,100.0,-40
36.78,75.0,18.0,120.0,100.0,-13
37.28,99.0,12.0,118.0,100.0,-48
37.1,85.0,12.0,128.0,100.0,-46
38.22,66.0,14.0,160.0,100.0,0
36.6,80.0,16.0,129.0,100.0,-37
37.33,63.0,14.0,112.0,94.0,-42
37.33,101.0,21.0,155.0,99.0,-42
37.33,64.0,28.0,120.0,94.0,-53
35.0,73.5,15.5,103.0,90.0,-57
37.33,96.0,26.5,90.5,89.5,-34
37.0,104.0,18.0,124.0,100.0,-43
35.72,62.5,13.0,143.0,100.0,-39
36.83,103.0,22.0,105.0,100.0,127
35.5,114.0,14.0,113.0,100.0,-37
37.0,76.5,17.0,128.0,98.0,-42
35.28,80.0,16.0,95.0,98.0,-47
37.4,100.5,9.0,166.5,95.5,-27
37.06,101.0,14.0,160.0,97.0,-45
36.33,73.0,19.0,111.0,100.0,-48
38.0,74.0,12.0,95.0,95.0,-55
35.65,74.5,12.0,108.0,100.0,-18
37.33,70.0,20.0,142.0,100.0,118
35.2,90.0,10.0,105.0,100.0,-32
35.9,71.0,14.0,98.25,100.0,2
36.61,73.0,18.0,166.0,97.0,-40
36.89,68.0,14.0,139.0,98.0,-37
37.28,74.0,18.0,119.0,98.0,-38
37.67,99.5,18.0,142.0,99.5,-36
36.7,87.0,20.0,98.0,98.0,-32
36.39,75.0,17.0,112.0,94.0,-19
37.06,58.0,18.0,109.0,95.0,-39
36.72,80.0,18.0,93.0,100.0,-19
36.83,86.0,21.0,150.0,98.0,-20
36.11,84.0,17.0,87.0,99.0,-38
36.7,64.0,10.0,106.0,97.0,-44
36.6,82.0,16.0,119.0,100.0,-27
36.78,97.0,16.0,89.0,100.0,-40
37.61,98.0,14.0,144.0,98.0,-42
36.78,78.0,20.0,147.0,100.0,-18
35.65,83.5,12.0,107.5,100.0,-23
36.61,56.0,16.0,148.0,99.0,-51
36.7,97.0,16.0,134.0,100.0,-49
36.06,74.0,18.0,146.5,96.0,-46
38.0,88.0,18.0,155.0,98.0,-25
35.5,56.5,13.5,111.5,97.5,-16
36.11,86.0,19.0,115.0,98.0,-12
35.0,80.0,12.0,109.0,100.0,-34
38.39,89.0,23.0,132.0,98.0,-14
35.39,81.0,20.5,87.0,99.5,-23
36.5,75.0,16.0,138.0,98.0,-48
36.0,100.0,15.0,125.0,99.0,-54
36.67,74.0,24.0,111.0,89.0,-24
37.06,82.0,12.0,113.0,93.0,-49
37.44,72.0,22.0,124.0,100.0,-18
35.33,56.0,12.0,131.0,97.0,-50
33.89,68.0,20.0,96.0,100.0,-43
38.0,68.0,12.0,117.0,100.0,32
36.5,82.0,14.0,97.5,100.0,-27
38.22,114.0,25.0,99.0,95.0,-34
37.11,87.0,16.0,148.0,100.0,-35
36.5,88.0,14.0,115.0,100.0,-30
36.6,79.5,10.0,118.0,100.0,-49
36.35,83.0,14.0,100.5,100.0,-21
37.17,70.0,9.0,137.0,98.0,-38
36.83,80.0,18.0,152.0,99.0,-54
36.67,81.0,14.0,96.0,96.0,-50
37.28,80.0,11.0,110.0,99.0,113
37.33,77.0,24.0,90.0,98.0,40
36.44,117.0,19.0,121.0,99.0,-35
36.89,69.0,15.0,128.0,98.0,-21
36.44,62.0,22.0,133.0,98.0,-45
36.0,87.0,11.0,110.0,100.0,-42
36.8,97.0,20.0,94.0,96.0,-36
36.7,106.0,16.0,106.0,100.0,-25
37.0,85.0,12.5,145.0,100.0,12
36.56,118.0,21.0,143.0,98.0,-42
36.1,67.0,14.0,106.0,100.0,-44
35.94,59.0,12.0,100.75,100.0,-31
36.78,78.0,16.0,92.0,98.0,-12
37.28,84.0,18.0,121.0,99.0,-13
35.94,81.0,12.0,132.0,98.0,-20
36.17,95.0,20.0,130.0,95.0,-31
36.22,87.0,12.0,187.0,93.0,-14
35.83,87.5,17.0,126.0,100.0,-40
37.17,73.5,18.5,144.0,99.0,-52
38.44,101.0,24.5,112.0,96.5,-41
37.44,85.0,22.0,101.0,100.0,0
36.0,66.0,18.0,85.0,100.0,-52
36.56,93.0,13.0,107.0,98.0,-13
36.33,74.0,15.0,93.0,92.0,-32
36.22,106.0,23.0,123.0,98.0,-26
35.4,82.0,14.0,110.5,100.0,-18
37.16,90.0,16.0,125.0,99.0,-45
36.72,119.0,18.0,137.5,94.0,-34
35.72,53.0,16.5,138.0,98.0,-10
35.94,64.0,12.0,83.0,100.0,-42
36.28,108.0,17.0,134.0,100.0,-21
38.89,134.0,20.0,107.0,100.0,-45
37.72,94.0,25.0,150.0,99.0,-43
36.5,80.0,14.0,97.0,99.0,-30
35.4,85.0,12.0,120.0,100.0,-20
36.4,84.0,16.0,125.0,100.0,-54
35.28,43.0,16.0,134.0,100.0,0
36.5,72.0,14.0,98.0,100.0,-26
37.72,106.0,19.0,126.0,100.0,-33
36.11,66.0,18.0,136.0,89.0,-15
35.05,72.5,11.0,151.5,99.0,-23
36.89,74.0,11.0,119.0,98.0,-19
34.7,82.0,16.0,99.0,100.0,-24
37.39,101.0,34.0,115.0,98.0,-23
36.78,89.0,27.5,121.0,98.5,-29
37.0,69.0,16.0,108.0,86.0,-39
36.28,70.5,15.5,139.25,95.5,-8
36.72,74.0,26.0,101.0,100.0,-50
38.67,123.0,30.0,128.0,93.0,-16
36.9,91.0,14.0,106.0,100.0,0
35.75,75.0,14.0,125.0,100.0,-16
36.56,63.0,17.0,103.0,94.0,-36
35.1,82.5,14.0,125.5,100.0,-17
37.5,144.0,32.0,105.0,72.0,-6
36.53,84.0,14.0,177.0,100.0,-19
36.94,72.0,16.5,106.5,98.0,-14
37.61,79.0,29.0,112.5,100.0,-41
37.0,77.0,22.0,133.0,95.0,-54
38.0,86.0,23.0,174.0,92.0,0
37.11,75.0,15.0,128.5,100.0,-34
36.1,129.0,16.5,143.0,99.0,-58
35.39,123.0,16.0,127.0,99.5,8
37.0,82.0,21.0,208.0,93.0,-38
37.33,123.0,34.0,143.0,93.0,-14
37.22,59.0,20.5,110.0,94.5,-31
37.5,62.0,23.0,107.0,99.0,-38
36.17,97.0,18.0,137.0,98.0,-29
36.89,93.0,14.0,107.0,98.0,-38
34.28,69.0,35.0,97.5,99.0,-9
37.17,87.0,18.0,120.0,91.0,-36
36.17,73.5,23.5,137.5,96.5,-40
37.67,93.0,19.5,102.0,100.0,-28
37.58,83.5,12.0,100.0,100.0,-42
36.17,93.0,15.75,141.0,98.0,20
36.2,64.5,10.0,104.0,100.0,-22
35.4,80.0,12.0,99.0,100.0,-18
36.56,90.0,13.5,100.0,99.5,-15
35.44,67.0,16.0,122.0,100.0,-43
36.7,94.5,11.0,133.5,100.0,-23
36.83,82.0,19.0,114.0,99.0,-14
36.78,101.0,26.0,119.0,98.0,-19
37.72,92.5,16.5,96.5,94.5,-49
35.72,113.0,24.0,134.0,100.0,-40
36.28,81.0,15.0,105.0,100.0,-38
36.72,93.0,18.0,107.0,100.0,-35
37.0,95.5,16.5,114.75,100.0,-33
35.7,90.0,10.0,99.0,100.0,-29
35.44,72.0,23.0,102.0,96.0,-50
36.44,99.0,20.0,122.0,99.0,-17
37.33,89.0,26.0,132.0,96.0,-12
33.8,88.0,14.0,110.0,100.0,-44
36.8,81.0,11.0,122.0,100.0,-46
36.2,99.5,14.0,97.0,100.0,-54
36.5,93.0,25.0,113.0,92.0,-17
37.39,104.0,28.0,100.0,95.0,-41
35.67,74.0,18.0,133.0,98.0,-44
36.67,86.0,20.5,110.0,97.0,-34
35.89,61.0,11.5,116.0,100.0,-36
37.2,76.5,12.0,108.0,100.0,-20
38.17,95.0,29.0,95.0,99.0,34
37.39,85.0,21.0,129.0,96.0,-7
37.06,99.0,20.0,149.0,94.0,-34
37.0,69.0,19.0,125.0,100.0,-31
36.7,93.0,13.5,149.0,98.0,69
36.72,83.0,25.5,108.5,99.5,-45
37.56,91.0,18.0,123.0,99.0,-22
36.11,66.0,18.0,157.5,96.5,-52
37.83,63.0,19.0,82.5,99.0,-51
36.22,131.0,18.0,100.0,99.0,-26
36.56,109.0,26.0,104.0,94.0,-33
36.5,76.0,19.0,118.0,100.0,-52
35.85,77.5,12.0,114.0,100.0,-19
37.56,66.0,18.0,93.0,99.0,-17
36.67,66.0,21.0,106.0,96.0,-34
35.44,100.5,12.0,113.5,100.0,-20
36.56,96.0,27.0,85.0,95.0,-12
35.6,98.0,12.0,108.5,100.0,-28
36.44,50.0,16.5,151.0,97.5,-3
36.67,78.5,19.0,130.0,91.5,-44
37.61,81.0,10.0,122.0,98.0,-22
37.89,99.0,14.0,116.0,96.0,-30
36.44,58.0,21.0,109.0,95.0,255
37.22,85.0,13.0,131.0,98.0,-47
37.44,99.0,25.0,110.0,100.0,-40
36.3,84.0,8.0,103.5,100.0,-22
36.06,92.0,14.0,89.0,99.0,-14
38.06,94.0,14.0,122.0,100.0,-33
36.28,80.0,23.0,109.0,99.0,197
37.17,116.0,15.0,132.5,100.0,-37
35.67,83.0,21.0,120.0,100.0,-43
36.1,91.0,10.0,111.0,100.0,-46
36.56,89.0,21.0,92.0,99.0,-15
37.33,69.0,18.0,123.0,97.0,-22
37.17,68.0,19.0,157.0,100.0,-38
35.56,70.0,18.0,157.0,97.0,12
38.4,69.0,14.0,111.0,100.0,-19
36.56,105.0,14.0,95.0,98.0,-38
37.11,60.0,16.0,97.0,98.0,-48
35.67,67.0,14.0,111.0,96.0,-32
36.61,60.0,12.0,114.5,100.0,6
37.94,101.0,21.0,136.0,87.0,-43
36.56,50.0,13.0,137.0,98.0,-19
35.56,46.0,23.0,126.0,97.0,-40
36.72,92.0,18.5,155.0,99.0,-50
36.39,53.0,22.0,87.0,100.0,-13
35.2,91.0,12.0,88.0,99.0,-26
35.89,68.0,14.0,134.0,95.0,-57
37.28,54.0,16.0,144.0,97.0,-17
36.3,93.0,12.0,107.0,100.0,-39
38.33,105.0,28.0,94.0,93.0,-50
37.06,114.5,24.5,133.0,100.0,-4
37.11,104.0,27.0,139.0,97.0,-49
37.22,88.0,25.0,134.0,98.0,-5
36.17,74.0,14.5,120.5,100.0,-13
36.89,70.0,16.0,135.5,100.0,-53
36.89,99.0,25.0,146.0,82.5,-18
36.94,81.0,22.0,111.0,96.0,73
37.39,59.0,14.0,103.0,99.0,-41
36.22,74.0,15.0,101.0,98.0,-40
36.22,74.5,16.5,176.0,97.5,-12
36.7,144.0,34.0,92.0,93.0,-12
37.17,81.0,16.0,101.0,98.0,-18
35.67,85.0,20.5,112.0,100.0,-31
38.06,98.0,16.0,93.0,90.0,-35
36.56,80.0,23.0,160.0,100.0,35
37.56,110.0,23.0,136.0,96.0,-19
40.06,125.0,19.5,195.0,100.0,-37
36.94,126.5,13.5,146.0,100.0,-31
36.89,66.0,19.0,139.0,94.0,-37
36.22,59.0,16.0,137.0,100.0,-35
37.22,99.0,19.0,106.0,98.0,-45
36.5,91.0,18.0,155.0,99.0,-36
35.56,69.0,11.0,124.0,99.0,-15
36.56,89.0,24.0,91.0,91.0,-47
35.83,82.0,21.0,119.0,98.0,-27
36.67,96.0,19.0,117.0,98.0,-42
38.78,126.0,23.0,121.0,98.0,-38
35.3,79.0,12.0,98.0,100.0,-35
37.28,66.0,17.0,127.0,95.0,-33
38.78,92.0,18.0,120.0,97.0,-36
36.06,60.0,29.0,127.0,98.5,-43
35.0,64.0,22.0,161.0,99.0,-49
36.72,87.0,15.0,118.0,94.0,-45
35.22,127.5,16.0,119.0,95.0,-6
36.56,76.5,15.5,173.0,96.5,-28
36.6,82.0,18.0,105.0,100.0,-40
36.67,75.0,21.0,127.0,98.0,-58
35.9,90.0,14.0,120.0,100.0,-55
36.06,94.5,22.0,144.0,93.0,-40
38.22,117.0,17.0,132.0,100.0,-31
36.61,56.0,14.0,96.0,95.0,-17
36.5,78.0,14.0,124.25,100.0,-39
35.5,87.0,10.0,120.0,100.0,-17
35.33,52.0,16.0,155.0,100.0,-40
36.56,95.5,17.5,100.0,100.0,-46
36.45,87.0,14.0,112.0,100.0,-37
36.8,90.0,12.0,126.0,98.0,-43
36.17,109.0,24.5,144.5,95.5,-33
35.28,81.0,10.0,90.0,100.0,-29
36.28,89.0,15.0,148.0,99.0,-35
35.94,83.0,10.0,116.0,97.0,-10
36.9,90.0,14.0,120.0,100.0,-39
37.44,96.0,20.0,141.0,99.0,-52
36.44,74.5,18.0,99.0,99.5,-49
37.17,69.0,18.0,122.0,98.0,-46
36.94,79.0,17.0,143.0,100.0,-8
35.94,77.0,14.0,134.0,100.0,-46
36.35,80.0,39.5,111.5,99.0,-43
36.78,77.0,16.0,109.0,97.0,5
36.25,78.0,14.0,117.5,99.5,-24
37.0,100.5,16.0,107.0,100.0,-12
37.28,99.0,22.0,114.0,100.0,66
36.94,78.0,19.0,127.0,96.0,-22
35.33,91.0,26.5,150.5,99.5,-45
35.78,65.0,13.0,112.0,99.0,-12
37.0,99.0,19.5,205.0,98.0,-36
36.0,88.0,15.5,119.0,100.0,-32
36.11,77.0,35.0,128.0,95.0,-17
37.17,99.0,16.0,107.0,100.0,-29
35.83,72.0,25.0,202.0,95.0,-27
36.1,88.0,26.5,102.5,98.5,-32
35.3,101.0,10.0,127.0,100.0,-22
35.94,86.0,28.5,123.5,97.5,-23
36.28,108.0,20.0,146.0,99.0,-44
36.61,76.0,22.0,89.0,97.0,-19
36.61,71.0,14.0,109.0,96.0,-33
36.78,94.0,12.0,104.0,100.0,-37
36.67,99.0,15.0,112.0,97.5,124
37.56,71.0,18.0,110.0,94.0,-19
37.11,82.0,17.0,117.0,94.0,0
35.56,115.0,33.0,113.0,97.0,-51
36.2,84.0,12.0,121.0,100.0,-18
36.28,83.0,24.0,139.0,100.0,-53
36.06,44.5,10.5,121.5,99.5,-27
35.5,80.0,14.5,122.0,100.0,-14
36.8,78.5,13.0,114.5,100.0,-40
37.33,132.5,28.0,123.0,80.0,-28
37.17,92.0,15.0,106.0,100.0,-18
37.22,97.0,25.0,142.0,97.0,-20
37.89,80.0,25.0,128.0,100.0,-53
36.5,64.5,13.0,130.0,100.0,-20
35.94,78.0,15.0,110.0,100.0,-18
37.0,97.5,18.5,119.0,97.0,-40
37.44,56.0,16.0,125.0,97.0,-31
36.78,72.0,17.0,121.0,99.0,-54
35.72,69.0,19.0,114.0,100.0,2
34.5,74.5,18.0,97.0,100.0,-53
35.7,88.0,12.0,99.0,100.0,-32
36.05,74.5,12.0,105.5,100.0,-25
37.11,96.0,19.0,177.0,99.0,-31
36.4,95.0,14.0,118.0,97.0,-51
36.94,59.0,17.0,113.0,99.0,-8
36.61,64.0,19.0,130.0,100.0,-34
36.61,80.0,22.0,109.0,93.0,-15
36.44,60.0,20.0,130.0,96.0,-38
36.11,74.0,13.5,107.0,100.0,-45
36.44,58.0,12.0,118.0,95.5,-21
35.83,71.0,20.0,137.0,95.0,-15
36.56,59.0,18.0,125.0,100.0,-55
35.33,71.0,12.0,111.0,93.0,-37
37.22,81.0,18.0,144.0,96.0,-45
36.44,68.0,21.0,149.0,98.0,-19
36.89,84.0,18.5,105.0,99.0,-33
36.72,91.0,19.0,146.0,95.0,-24
36.39,80.0,16.0,99.0,98.0,-33
35.67,63.0,13.0,126.0,95.0,-37
37.0,79.0,14.0,138.0,100.0,-44
36.11,95.0,36.0,137.0,91.0,-38
36.56,66.0,18.0,140.0,99.0,-20
35.5,74.0,18.0,151.0,97.0,-16
37.67,60.0,14.0,99.0,96.0,-36
35.33,99.0,14.0,142.0,100.0,90
36.22,81.0,23.0,101.0,95.0,-46
35.9,97.5,8.0,131.5,100.0,-39
33.75,135.0,25.25,120.5,97.5,-17
36.1,83.0,19.0,124.0,100.0,-26
37.67,82.0,16.0,82.0,99.0,-39
36.33,90.0,12.0,143.0,95.0,-19
37.89,105.0,12.0,154.0,96.0,-50
35.94,98.0,19.0,105.0,100.0,54
36.33,94.0,13.0,119.0,92.0,-47
35.89,85.0,15.0,62.0,95.0,-32
35.94,100.0,30.0,132.0,98.0,-4
36.61,57.0,9.0,129.0,99.0,-40
35.1,90.0,36.0,110.0,100.0,-16
36.89,81.0,14.0,113.0,100.0,-49
38.33,68.5,17.0,111.5,100.0,22
36.33,76.0,16.0,133.0,100.0,-39
36.56,70.0,14.0,79.0,100.0,-56
36.17,78.0,16.0,145.0,96.0,-42
36.61,86.0,14.0,123.0,98.0,-21
36.22,71.0,15.0,121.5,96.0,-37
37.11,142.0,16.0,110.0,99.0,-48
37.11,142.0,20.0,92.0,97.0,-39
36.25,90.0,10.0,104.0,100.0,-52
35.83,77.0,15.0,174.0,98.0,-14
37.94,107.0,10.0,126.0,100.0,-42
37.0,62.0,19.0,158.0,96.0,-13
36.67,48.0,14.5,135.0,95.5,-19
38.28,109.0,17.0,136.0,96.0,-31
37.39,68.0,14.0,97.0,99.0,-48
35.56,70.0,20.0,108.0,99.0,-24
34.22,76.0,10.0,114.5,100.0,-23
36.72,85.0,15.0,141.0,92.0,-10
36.33,86.0,19.0,76.0,98.0,-11
36.0,91.0,14.0,113.0,100.0,-36
36.5,73.0,21.0,150.0,97.0,-33
36.33,57.0,12.0,128.0,100.0,-57
37.56,87.0,17.0,90.0,99.0,4
37.0,75.0,15.0,115.25,94.0,-46
36.89,81.0,18.0,94.0,95.0,-52
36.11,89.0,19.0,92.5,100.0,7
35.8,81.5,14.0,137.0,99.5,-24
36.17,81.0,17.0,108.0,100.0,-15
35.6,88.0,12.0,124.5,100.0,-41
36.2,81.0,14.0,105.0,100.0,-34
37.28,111.0,24.5,101.0,98.0,-51
36.67,107.0,12.0,103.0,98.0,-41
35.78,102.0,12.0,94.0,93.0,-29
36.6,72.5,22.5,94.5,100.0,-35
34.8,87.0,10.0,108.0,100.0,-36
34.0,62.5,14.0,120.0,100.0,11
35.78,62.0,12.0,152.0,100.0,-30
36.0,71.0,17.0,90.0,100.0,-49
36.3,79.0,14.0,129.0,100.0,-33
37.3,80.0,14.0,102.0,100.0,-36
37.72,46.5,16.5,151.0,98.5,-33
38.89,111.0,19.25,202.5,100.0,-1
36.61,57.0,16.0,149.0,100.0,-18
37.0,86.0,17.0,103.0,91.0,-39
37.44,101.0,14.0,159.0,100.0,108
36.78,86.0,18.0,101.0,100.0,-44
37.61,81.5,12.0,109.5,98.0,-24
36.44,80.5,19.0,104.5,98.5,-22
36.83,106.0,9.5,120.0,92.5,-51
35.4,94.0,24.0,118.0,100.0,-19
36.8,101.5,10.0,117.5,95.5,-41
36.61,122.0,20.0,108.0,96.0,-18
36.45,80.0,20.0,121.0,100.0,-37
36.25,84.0,12.0,115.5,100.0,-20
37.17,78.0,23.0,126.0,97.0,-36
37.22,87.0,12.0,155.0,100.0,32
38.22,86.0,20.0,151.0,96.0,-10
37.06,58.0,20.0,149.0,100.0,-19
37.83,112.0,13.0,138.0,96.0,-35
37.17,81.0,15.0,88.0,100.0,-14
36.4,81.0,14.0,99.5,100.0,-31
36.06,70.0,15.0,102.0,100.0,-44
35.67,75.0,18.5,129.5,97.5,-20
36.67,88.5,12.5,151.0,96.0,-31
36.72,98.0,24.0,153.0,94.0,-43
37.39,111.0,26.0,149.0,92.0,-45
36.56,107.0,13.5,108.0,96.5,-41
34.72,66.5,12.0,120.5,100.0,-16
37.5,95.0,18.0,112.0,97.0,-14
36.3,60.0,14.5,99.0,100.0,-27
37.06,103.0,12.0,129.5,98.0,-36
35.7,80.0,14.0,90.0,100.0,-24
37.44,92.0,26.0,135.0,100.0,-24
35.9,87.0,14.0,106.5,100.0,-45
37.0,106.0,19.0,148.0,97.0,-32
37.61,124.0,22.0,141.0,100.0,-44
36.5,91.0,17.0,102.0,100.0,-39
33.3,57.0,20.0,125.0,98.5,-20
35.61,69.0,10.0,89.0,98.0,24
36.89,54.0,17.0,151.0,95.0,-47
36.83,81.0,15.0,121.0,100.0,-33
36.67,78.0,19.5,89.0,96.0,-16
36.94,100.0,11.0,161.0,100.0,-19
33.56,76.0,14.0,161.0,100.0,-41
36.06,92.0,28.0,108.0,95.0,146
36.11,89.0,22.0,116.5,98.0,3
36.78,80.0,15.0,98.0,100.0,-15
36.06,81.5,13.0,98.0,100.0,-18
39.11,131.0,23.0,86.0,100.0,-36
35.1,97.0,13.5,89.0,100.0,16
36.11,88.0,21.0,118.0,99.0,-42
35.94,87.0,31.0,111.0,95.0,-39
36.17,100.0,20.0,174.0,93.0,-52
35.67,104.0,19.0,152.0,100.0,-39
35.3,80.0,16.0,119.0,100.0,-17
36.67,71.0,18.0,112.0,95.0,-16
36.9,90.0,19.5,105.5,97.0,-12
37.17,77.0,24.0,121.0,100.0,-23
35.94,90.0,20.0,73.0,100.0,-36
36.72,104.0,24.5,120.0,100.0,-24
35.5,88.0,12.0,119.0,99.0,0
37.06,81.0,19.0,101.5,98.5,-41
35.95,67.5,12.0,118.0,100.0,-24
36.67,85.0,19.0,119.5,96.0,-43
36.39,69.0,20.5,128.0,100.0,-43
37.78,66.0,12.0,126.0,100.0,-34
36.06,99.0,21.0,83.0,91.0,-40
37.3,78.0,13.0,97.0,98.0,-42
36.39,51.0,24.0,127.0,96.0,0
37.33,108.0,12.0,120.0,100.0,-30
37.61,90.0,10.0,119.0,100.0,-34
35.4,112.0,20.0,161.0,98.0,-13
37.56,74.0,17.0,112.0,96.0,-54
36.89,82.0,21.0,98.0,100.0,-35
36.44,62.0,13.0,152.0,96.0,-19
36.39,80.0,21.0,137.5,100.0,-39
36.5,84.0,25.0,130.0,98.0,-50
36.11,71.5,20.5,143.75,97.0,-45
36.72,90.0,19.0,115.0,100.0,-16
36.61,74.0,20.0,124.0,95.0,-32
36.89,77.0,25.0,177.0,94.0,-12
34.15,67.5,19.0,128.0,98.5,-46
38.17,98.0,17.0,133.0,94.0,-23
35.72,81.0,32.5,146.0,94.0,-54
36.0,74.0,14.0,111.5,100.0,-17
37.11,99.0,26.0,130.5,97.5,-23
35.0,80.5,14.0,111.0,100.0,-24
37.5,70.5,16.5,150.0,99.0,-17
36.44,80.0,14.0,114.0,99.0,9
37.56,77.5,13.5,145.5,98.0,-45
35.2,118.5,24.0,90.0,89.0,-33
37.44,65.0,17.0,110.0,95.0,-36
36.67,86.0,20.0,133.0,96.0,-46
37.44,100.0,12.0,154.0,89.0,-51
36.2,76.0,10.0,118.0,100.0,-41
35.67,57.0,12.0,130.5,97.5,-38
36.44,117.0,22.0,148.0,94.0,-41
36.7,81.0,12.0,119.5,100.0,-20
36.39,84.5,17.0,123.25,100.0,0
37.83,115.0,20.0,86.5,95.0,-12
36.5,57.0,19.0,104.0,100.0,-38
35.44,54.5,16.0,121.0,100.0,-35
37.78,89.0,34.0,110.0,94.0,-13
36.28,78.0,10.0,120.5,100.0,-20
36.0,78.0,16.0,136.0,100.0,-41
36.44,79.0,11.0,153.0,100.0,-31
37.11,108.0,17.0,118.0,99.0,34
39.89,96.0,21.5,109.5,94.5,34
37.56,63.0,18.0,114.0,95.0,-57
36.78,94.0,19.0,98.0,98.0,-15
36.15,92.0,10.0,111.0,100.0,-20
37.44,84.5,26.0,158.5,95.5,-39
36.72,109.0,10.0,137.0,100.0,-42
35.83,96.0,16.0,149.0,99.0,-16
38.78,88.0,22.0,124.0,100.0,-18
36.11,87.0,11.0,160.0,100.0,-57
36.11,84.0,17.5,114.0,92.5,135
34.95,88.0,10.0,116.0,100.0,-22
36.5,85.0,16.0,116.0,100.0,-34
37.11,123.0,27.0,166.0,96.0,-16
37.5,114.0,16.5,89.0,98.5,-37
36.9,110.0,20.0,94.0,99.0,-26
37.11,43.0,12.0,107.0,99.0,-45
36.44,53.0,15.0,124.5,99.0,-38
35.61,70.0,21.0,122.0,95.0,-32
35.9,78.0,14.0,129.5,100.0,-43
37.0,103.0,12.0,137.0,100.0,-35
38.0,83.0,24.5,100.0,100.0,-48
35.35,100.0,10.0,112.5,100.0,-33
38.11,87.0,17.0,136.0,99.0,-33
36.0,57.0,20.0,140.0,99.0,-50
35.56,82.0,19.0,134.0,97.0,-50
36.44,87.0,19.0,107.0,100.0,-15
35.78,65.0,12.0,150.0,100.0,-43
36.55,89.5,16.0,133.0,100.0,-27
36.5,61.0,14.0,100.0,100.0,-32
37.0,87.0,13.0,78.0,96.0,-47
37.0,117.0,24.0,100.0,96.0,-43
35.17,55.0,11.0,69.0,96.0,-32
35.7,87.5,14.0,103.0,100.0,-55
39.11,102.0,21.0,121.0,100.0,-26
36.5,97.0,13.5,113.5,100.0,-26
35.17,73.5,20.0,140.5,99.5,-43
36.56,45.0,12.0,109.0,100.0,-25
36.33,84.0,13.5,108.5,100.0,-26
36.44,68.0,13.0,123.0,96.0,80
36.2,83.0,10.0,110.5,100.0,-39
36.83,86.0,10.0,134.0,95.0,-10
35.2,88.0,10.0,112.5,100.0,-35
37.11,104.0,24.0,104.0,92.0,-15
37.28,72.0,20.5,143.0,96.0,-51
36.28,58.0,20.0,145.0,99.0,-24
36.0,64.0,18.0,94.0,97.0,-42
38.17,81.0,17.0,109.0,99.0,-38
36.56,60.0,10.0,110.0,100.0,-30
36.5,103.5,12.0,131.0,100.0,-16
38.33,94.0,14.0,118.0,97.0,3
36.78,106.0,24.0,123.0,97.0,105
35.9,89.0,14.0,105.0,100.0,-44
37.67,96.0,18.0,105.5,100.0,-45
36.5,98.0,16.0,145.0,93.0,-19
36.61,93.0,17.0,145.0,99.0,-22
36.11,67.0,24.0,146.0,97.0,-26
37.78,99.0,11.5,132.0,100.0,-36
34.89,101.0,30.0,126.0,100.0,83
36.35,90.0,12.0,102.5,100.0,-50
36.72,96.0,15.0,133.0,95.0,-23
37.61,101.0,30.0,131.5,94.5,-48
35.83,67.0,14.0,144.0,95.5,-45
37.3,72.0,14.5,100.5,100.0,-29
36.89,86.5,23.5,122.0,93.0,-36
37.44,94.0,16.0,145.0,100.0,-25
35.6,57.5,20.5,161.0,100.0,-36
37.42,99.0,19.0,114.0,97.0,-37
35.89,90.0,17.0,130.0,97.0,-34
34.72,64.0,14.0,138.0,100.0,-17
37.8,97.5,16.0,166.5,100.0,-40
36.1,85.5,11.5,110.5,100.0,-14
36.89,80.0,20.0,144.0,96.0,-24
35.56,63.5,21.0,140.0,94.5,-35
36.89,54.0,12.0,128.0,98.0,-31
37.89,87.0,16.0,103.0,97.0,-23
37.72,98.0,15.0,99.5,99.0,-45
37.0,65.0,20.0,110.0,100.0,-49
36.83,62.0,14.0,137.0,100.0,-44
36.89,105.0,21.0,125.0,91.0,0
35.44,111.0,29.0,115.0,97.0,-30
36.72,100.0,14.0,116.0,100.0,-17
36.0,88.0,18.0,113.5,100.0,-15
37.17,70.0,18.0,121.0,92.0,-48
36.33,83.5,16.0,132.0,100.0,107
35.89,80.0,19.0,106.0,100.0,-44
37.0,99.0,28.0,136.0,95.0,-55
34.39,83.0,14.0,121.0,99.0,-34
36.89,66.0,12.0,136.0,96.0,-33
36.94,59.0,14.0,117.5,96.0,-19
36.1,101.0,12.0,97.0,94.0,7
36.11,93.0,12.0,105.0,100.0,-42
36.83,87.5,12.0,92.0,99.0,-55
36.89,78.0,16.0,107.0,99.0,-18
37.11,62.0,13.0,105.0,99.0,-15
37.6,82.5,18.0,109.0,94.5,3
36.4,92.0,17.0,139.0,96.0,-33
36.39,47.0,13.0,103.0,99.0,-29
37.78,106.0,18.0,81.0,99.0,-30
35.83,71.0,19.0,149.0,100.0,-38
36.15,87.0,12.0,101.5,99.0,-39
37.9,79.0,15.0,94.5,98.5,-16
36.17,49.0,14.0,101.0,100.0,-15
35.83,70.0,18.0,164.0,97.0,-46
37.22,75.5,18.5,97.0,98.0,31
37.78,101.0,16.0,204.0,97.0,-27
37.06,80.0,18.0,153.0,100.0,-25
39.17,87.0,25.0,112.0,100.0,-39
37.17,88.0,15.0,116.0,96.0,-38
35.56,47.0,19.0,144.0,99.0,-12
36.89,117.0,25.5,120.0,98.0,-45
38.22,93.0,12.0,101.0,98.5,-43
37.56,110.0,14.0,110.0,100.0,-15
37.44,78.0,17.0,119.0,95.0,-42
36.78,66.0,17.0,122.0,100.0,-47
35.2,88.0,14.0,91.0,100.0,-12
36.11,69.0,18.0,114.5,99.0,-56
37.17,93.5,21.0,128.0,97.5,24
37.0,88.0,21.0,102.0,95.0,-21
36.33,85.5,16.0,115.5,99.0,-40
37.67,80.0,14.0,124.0,100.0,-34
36.67,62.0,21.0,128.0,99.0,-37
36.7,79.0,16.0,112.0,100.0,-18
36.11,64.0,12.0,113.5,100.0,-42
36.44,58.0,12.0,180.5,100.0,-36
37.28,61.0,18.0,164.5,97.5,-35
36.06,123.0,14.0,119.0,97.0,-45
36.1,88.0,16.0,99.0,98.0,-38
37.22,69.0,21.0,120.0,95.0,-36
36.9,91.0,14.0,105.0,100.0,-47
36.33,81.0,18.5,114.0,99.0,-21
36.61,93.0,15.0,114.0,100.0,-34
37.39,74.0,18.0,150.0,99.0,-22
36.11,108.0,18.0,130.0,100.0,-34
35.89,88.0,18.0,94.0,97.0,-34
36.22,92.0,27.0,128.0,90.0,-12
36.3,80.0,14.0,108.0,100.0,-33
37.78,84.0,16.0,87.0,96.0,-49
36.44,105.0,16.5,142.5,100.0,0
38.11,116.0,24.0,88.5,99.0,-43
36.3,80.0,16.0,97.5,100.0,-47
36.0,84.0,16.0,85.0,100.0,-35
36.0,80.0,10.0,110.5,100.0,-35
35.6,80.0,14.0,118.0,100.0,-38
36.17,88.0,12.0,122.0,100.0,-20
36.67,97.0,20.0,123.0,95.0,-47
35.83,66.0,17.5,93.5,98.0,-36
36.11,70.0,20.0,131.0,100.0,-41
36.89,81.0,21.5,99.0,92.0,-34
35.94,76.0,16.0,119.5,100.0,-55
36.0,89.0,14.0,134.0,100.0,-41
35.28,90.0,13.0,115.0,100.0,-34
36.44,79.5,12.0,109.5,100.0,-10
35.11,82.0,15.0,99.0,91.0,-24
35.72,72.0,14.0,142.0,100.0,-43
36.33,70.0,12.0,95.0,100.0,-20
34.89,71.0,16.0,145.0,100.0,-43
36.28,89.0,15.5,117.0,100.0,-35
36.67,121.0,20.0,119.0,95.0,-41
37.39,48.0,20.0,136.0,96.0,-28
35.72,89.0,13.0,109.0,97.0,-56
36.56,109.0,10.0,108.0,100.0,-26
36.2,74.0,16.0,120.0,100.0,-21
36.44,65.0,15.0,129.0,99.0,-17
37.22,59.0,12.0,137.0,100.0,-21
36.17,104.0,24.0,131.0,100.0,-50
36.56,126.5,16.0,159.0,100.0,-9
35.89,66.0,17.0,120.0,98.0,-29
35.94,75.0,19.0,116.0,96.0,-4
37.17,122.0,15.0,99.75,97.0,-21
36.67,76.0,12.0,176.0,100.0,-13
37.28,70.5,19.5,107.5,100.0,-53
38.4,97.0,13.0,111.0,100.0,-18
36.39,70.0,14.0,134.0,98.0,-26
36.72,78.0,22.0,95.0,98.0,-8
38.17,82.0,20.0,167.0,98.5,-11
38.22,99.0,14.0,113.25,100.0,100
34.67,71.0,18.0,98.0,96.0,-30
36.56,107.5,18.0,154.0,100.0,-28
36.83,75.0,14.0,81.0,100.0,-15
36.33,83.5,20.0,175.5,98.5,-46
37.28,99.0,20.0,134.0,100.0,-57
35.44,82.0,18.0,113.0,100.0,-16
37.17,72.0,18.0,150.0,100.0,-22
37.11,75.0,13.0,113.0,97.0,-30
35.97,67.0,16.0,161.0,100.0,-51
35.89,96.0,22.0,110.0,98.0,-35
35.39,60.0,17.5,133.0,100.0,-9
37.0,132.0,22.0,125.0,99.0,-46
36.67,70.0,16.0,110.0,98.0,-34
36.44,99.0,17.0,131.0,99.0,-19
35.9,89.5,10.0,135.5,100.0,-41
36.89,69.0,20.0,117.0,99.0,-53
37.89,78.5,18.5,162.0,100.0,0
36.5,63.0,19.0,126.0,100.0,-45
36.0,91.0,14.0,107.0,99.0,-32
35.83,74.0,19.0,148.0,100.0,-12
36.17,119.5,14.0,94.5,98.0,23
35.33,80.5,21.5,158.0,98.0,-52
35.33,69.0,8.0,115.0,100.0,-22
37.22,71.0,13.0,143.0,99.0,-13
35.7,65.5,23.0,90.0,97.0,-19
36.44,74.0,17.0,102.0,100.0,-32
36.11,79.5,13.75,103.5,100.0,-18
36.17,59.0,23.5,146.5,100.0,-47
36.67,96.0,23.0,90.0,96.0,-32
36.44,60.0,14.0,113.0,99.0,-39
37.83,103.0,15.0,142.0,99.0,-15
35.67,100.0,24.0,138.0,100.0,-23
36.67,59.0,16.0,115.0,100.0,-38
35.72,100.0,19.5,125.0,99.0,110
36.78,97.0,43.0,125.0,90.0,-38
37.67,87.0,15.0,115.0,95.0,-18
34.5,65.0,14.0,140.0,100.0,-29
37.0,91.0,23.0,173.0,98.0,-37
36.39,79.0,12.0,109.0,99.0,24
36.17,99.5,14.5,141.5,99.0,-30
36.89,75.0,12.5,141.5,100.0,-40
36.67,107.0,14.0,100.0,95.0,0
36.83,91.0,24.0,163.0,100.0,-22
35.78,74.0,19.0,174.0,99.0,-38
37.22,73.0,13.0,104.0,99.0,-35
36.17,93.0,17.0,118.0,98.0,-41
36.56,81.0,22.0,120.0,97.0,-33
36.5,70.0,9.0,126.0,100.0,-20
35.33,97.0,18.0,132.0,93.0,-48
36.78,63.0,20.0,121.0,100.0,-25
37.39,70.0,29.5,156.0,100.0,-33
35.5,89.0,21.5,140.0,97.0,-24
36.06,50.0,18.0,102.0,94.0,-16
36.28,66.0,14.0,98.5,98.5,-26
37.1,86.0,11.0,127.0,98.0,-47
37.78,85.0,23.0,101.0,99.0,0
36.56,67.0,19.0,114.0,96.0,-35
36.25,70.5,12.0,129.0,100.0,-20
36.78,74.0,14.0,100.0,100.0,46
37.39,98.5,11.5,122.5,98.0,-45
37.0,72.0,23.0,124.0,95.0,-35
36.2,77.5,12.5,137.5,99.5,-16
36.44,63.0,33.0,121.0,100.0,17
35.56,79.0,13.0,117.0,96.0,-42
36.9,62.0,15.0,166.0,100.0,-35
38.83,113.0,22.0,114.0,97.0,-11
36.61,71.0,14.0,132.0,95.0,-57
35.72,103.0,12.0,134.5,100.0,-12
37.5,96.0,17.0,102.0,99.0,-41
36.67,100.0,22.0,132.0,97.0,-9
36.44,76.5,18.5,131.5,100.0,-42
36.61,109.0,19.0,141.0,95.0,-23
35.2,80.0,9.0,112.0,97.0,-42
35.89,75.0,20.0,125.0,100.0,-30
37.11,84.0,21.5,90.0,97.5,4
36.33,66.0,18.0,124.0,97.0,-45
36.8,88.0,13.0,102.5,95.5,-45
37.5,100.0,26.0,136.0,98.0,-15
36.22,78.0,24.0,141.0,100.0,-14
33.72,65.0,11.0,105.0,93.0,-47
35.8,91.0,10.0,125.0,100.0,-22
37.72,87.0,21.0,115.0,97.0,-42
37.39,93.0,13.5,130.0,100.0,-47
36.94,93.0,19.0,141.0,91.0,-44
36.44,81.0,19.0,114.0,99.0,-44
37.78,71.0,15.0,109.0,99.0,-30
36.61,70.0,17.0,148.0,99.5,-34
38.0,109.0,29.0,146.0,96.0,-47
36.78,71.0,18.0,152.0,97.0,-35
36.72,71.0,13.0,150.5,100.0,-14
36.2,118.0,21.0,100.0,96.5,-33
37.0,82.0,16.0,158.0,99.0,-33
35.4,91.0,12.0,107.5,99.5,-54
36.33,78.0,17.0,135.0,99.0,-7
37.11,80.0,22.0,110.0,99.0,61
36.72,80.0,16.0,97.0,95.0,-36
36.33,54.0,16.0,115.0,98.5,-42
36.83,62.0,16.0,101.0,96.0,-42
37.44,91.0,13.0,134.0,99.0,-26
37.0,84.0,15.0,113.0,98.0,-19
36.6,73.5,14.0,115.5,100.0,-13
36.89,90.0,17.0,90.25,100.0,-43
36.1,63.5,12.0,109.0,100.0,-17
37.0,78.5,14.0,97.5,100.0,-18
35.8,116.0,28.0,135.0,100.0,-47
36.78,84.0,18.0,101.0,98.0,-13
36.22,85.0,15.5,77.0,88.0,-5
35.56,104.0,13.0,107.0,97.0,-26
36.11,72.0,16.0,144.0,97.0,-33
33.8,45.0,16.0,104.0,97.0,-37
36.67,69.5,22.0,99.0,95.5,104
35.83,63.0,16.25,139.5,100.0,-43
37.33,83.0,21.0,114.0,97.0,-42
36.89,84.0,17.0,107.0,100.0,-33
36.56,76.0,15.0,126.0,98.0,-35
37.0,116.0,21.0,102.0,93.0,-17
36.11,89.0,11.0,135.0,99.0,-37
35.33,96.0,14.5,119.5,93.5,-40
35.72,56.0,22.0,148.0,97.0,-28
36.11,109.0,16.5,121.0,97.5,-49
36.5,103.0,27.0,88.5,94.0,-45
36.67,64.0,21.0,124.5,93.5,-21
36.65,107.5,17.25,127.0,99.0,-46
35.65,88.0,14.0,101.0,100.0,-36
36.3,75.0,14.0,138.0,100.0,-42
35.83,76.0,19.0,107.0,96.0,-19
36.89,79.0,16.5,92.0,100.0,-15
37.67,108.0,20.0,139.0,99.0,-55
33.06,87.5,15.0,100.75,100.0,-53
36.61,90.0,13.0,96.0,96.0,-15
36.17,71.0,18.0,152.0,100.0,-164
37.33,86.0,24.0,100.0,96.0,-28
36.39,115.0,22.5,92.0,99.0,-41
36.44,111.0,14.0,100.0,100.0,-44
36.94,96.0,14.0,157.5,100.0,-17
37.17,90.0,16.0,134.0,96.0,-41
36.22,74.0,14.5,119.0,98.0,-12
36.67,60.0,13.0,116.0,97.0,-38
38.0,93.0,20.0,106.0,97.0,-41
38.83,105.0,18.0,86.0,98.0,-19
37.39,127.0,19.0,108.0,94.0,-20
36.83,101.0,12.0,88.5,100.0,-56
36.78,83.0,20.0,136.0,99.0,-18
35.44,60.0,13.0,139.0,100.0,-20
36.56,103.0,20.0,126.0,97.0,-18
36.17,77.0,16.0,131.0,100.0,-26
36.06,87.0,9.0,135.0,100.0,-22
36.22,81.5,24.5,202.75,98.0,-38
36.78,63.0,17.0,150.0,99.0,-38
36.83,59.0,18.0,121.0,96.0,-41
36.3,79.0,14.0,107.0,100.0,-24
36.83,68.0,18.0,115.0,97.0,-30
37.17,96.0,15.5,121.0,100.0,-38
37.22,95.0,17.0,88.0,98.0,-40
36.72,96.0,12.0,113.0,100.0,-31
36.33,83.0,21.0,106.0,100.0,-45
37.33,88.0,16.0,131.0,97.0,-32
37.5,64.0,16.0,148.0,99.0,-50
37.11,72.0,22.0,98.0,93.0,45
37.5,79.5,16.0,154.0,99.0,-36
37.67,75.0,13.0,135.0,98.0,-30
37.11,85.0,17.0,96.0,99.5,0
38.11,120.5,26.0,130.5,100.0,2
36.28,100.0,16.0,125.0,100.0,-19
37.11,84.0,14.0,108.0,100.0,-37
36.94,101.0,16.0,147.0,96.0,-31
36.0,89.0,13.0,124.5,100.0,-36
36.2,78.5,15.0,119.0,100.0,-22
35.89,73.0,12.0,117.0,100.0,-34
35.61,71.0,17.0,150.0,98.0,-16
34.94,72.0,23.0,88.0,91.0,-10
35.56,130.0,15.0,114.0,99.0,7
37.5,128.0,22.0,175.0,100.0,-31
38.11,118.0,22.0,128.0,99.0,-32
37.44,64.0,21.0,151.0,99.0,-29
36.0,72.0,12.0,137.0,100.0,-29
38.33,101.0,12.0,139.0,100.0,-19
35.8,85.0,12.0,115.5,97.5,-45
36.9,89.0,15.0,120.0,100.0,-19
37.22,80.0,24.0,112.0,100.0,-21
37.17,76.0,10.0,115.0,100.0,-16
36.17,105.0,18.0,107.0,92.0,14
35.56,80.5,23.0,122.0,97.0,-22
37.0,65.0,14.0,95.0,96.0,-31
36.56,103.0,17.0,138.0,96.0,-16
37.67,88.0,16.0,94.0,100.0,-50
36.61,91.0,12.0,122.0,98.0,-33
36.15,90.0,12.0,128.0,100.0,28
35.15,86.0,12.0,118.0,100.0,-38
36.11,70.0,15.0,118.5,92.0,-41
35.8,84.0,8.0,125.5,100.0,-21
35.65,97.0,16.0,108.0,99.5,-20
36.39,82.0,21.0,170.0,99.0,0
36.89,87.0,21.0,161.0,98.0,-6
34.78,78.0,14.0,104.0,96.0,-15
35.56,92.0,22.0,107.0,99.0,-49
36.78,93.5,15.5,111.0,98.0,-14
36.39,57.0,18.0,139.0,100.0,-43
38.22,111.0,14.0,122.0,99.0,-24
35.56,79.5,14.5,106.5,100.0,0
36.61,87.0,17.5,161.0,100.0,-41
36.8,106.0,16.0,115.0,96.0,0
35.83,138.0,16.0,94.0,99.0,-52
36.06,85.0,15.0,119.0,90.0,-21
37.28,51.0,16.0,104.0,98.0,-21
36.78,75.0,32.0,137.0,100.0,-26
36.22,82.0,20.0,109.0,94.0,-20
36.61,70.0,16.0,163.0,97.0,-57
35.4,80.0,12.0,107.0,100.0,-32
36.2,80.0,10.0,95.0,100.0,-51
36.72,81.0,14.0,118.5,100.0,-16
36.72,94.0,18.0,123.0,99.0,-46
37.17,75.0,18.0,130.0,98.0,-16
34.89,71.0,14.0,147.0,100.0,-20
36.67,95.5,22.5,121.0,98.5,-24
36.4,72.0,14.0,115.0,100.0,-16
36.83,92.0,25.0,218.0,96.0,-39
37.11,105.0,18.0,125.0,98.0,-21
35.61,82.0,15.5,107.0,100.0,-18
37.0,97.0,20.0,104.5,100.0,-22
36.0,71.0,22.0,116.0,96.0,-8
37.06,73.0,9.0,116.0,100.0,-18
37.0,97.0,16.0,118.5,100.0,-35
36.17,59.5,22.0,147.0,98.0,-43
37.17,87.0,19.0,163.0,100.0,-9
36.72,75.0,20.0,142.0,100.0,47
33.0,112.0,37.0,59.0,80.0,-7
35.72,81.0,16.0,128.0,98.0,-26
36.61,107.0,18.0,125.0,100.0,-45
34.94,72.0,23.5,124.0,91.5,-39
36.5,92.0,14.0,114.0,100.0,-18
36.17,95.0,17.0,112.0,99.0,-22
37.0,54.0,10.0,111.0,97.0,-11
36.44,76.5,10.0,114.0,99.0,-10
37.33,66.0,14.0,90.0,100.0,-33
37.44,58.5,13.0,116.0,100.0,-38
37.61,108.0,15.0,136.0,100.0,-20
36.61,82.0,19.0,147.0,93.0,-33
35.61,62.0,16.0,100.0,100.0,-35
37.61,68.0,17.0,143.0,100.0,-34
37.17,74.0,8.0,127.0,97.0,-38
36.6,84.0,10.0,113.0,100.0,-29
37.33,82.0,18.0,166.0,96.0,-40
39.0,136.0,34.0,128.0,100.0,-48
35.3,82.0,12.0,117.0,99.0,-33
35.5,81.0,19.0,167.0,96.0,-28
36.5,80.0,18.0,105.0,100.0,-46
36.61,71.0,20.0,102.0,97.0,-35
35.7,96.5,16.0,109.0,100.0,-51
37.17,105.0,12.0,103.0,100.0,-13
36.94,76.0,16.0,145.0,100.0,-36
37.0,65.0,17.0,104.0,99.0,-41
37.61,111.0,18.0,170.0,96.0,-10
35.64,95.0,15.0,169.0,100.0,-56
35.7,105.0,10.0,126.0,100.0,-41
37.28,97.0,18.0,130.0,94.0,4
37.17,88.0,22.0,152.0,97.0,-46
37.17,103.0,16.0,114.0,95.0,-38
36.28,79.0,25.0,105.0,98.0,-18
38.0,98.0,14.0,120.0,100.0,70
34.7,76.0,12.0,113.5,100.0,-43
36.7,111.0,10.0,130.0,100.0,-17
36.56,74.0,17.0,129.0,99.0,-7
36.28,72.5,20.0,112.5,100.0,-33
37.11,83.0,12.0,150.0,97.0,-13
36.94,78.0,16.0,97.5,93.0,-24
36.44,64.5,15.5,147.5,97.0,-25
36.39,80.0,12.5,132.0,100.0,-18
35.4,80.0,12.0,127.5,97.5,-37
37.17,72.0,14.0,124.0,100.0,40
36.3,87.0,12.0,101.0,100.0,-54
35.83,102.0,13.0,119.0,99.0,-35
36.17,85.0,19.0,184.0,98.0,-38
37.72,74.0,20.0,134.0,98.5,-31
36.78,73.5,19.0,119.5,99.0,-29
36.61,99.0,24.0,135.0,96.0,-31
37.39,81.0,14.0,116.0,100.0,-33
36.11,77.5,10.5,112.5,100.0,-9
37.89,67.0,19.0,117.0,98.0,-34
35.7,80.0,10.0,107.0,100.0,-45
35.78,58.0,12.0,88.0,100.0,-55
34.72,61.5,20.5,159.0,100.0,-43
36.17,78.0,10.0,136.0,98.0,-31
36.67,73.0,15.0,108.0,96.0,-38
36.5,88.0,14.0,110.0,100.0,-15
36.78,98.0,16.0,105.0,100.0,-15
36.78,72.0,19.0,125.0,97.0,-43
37.0,76.0,20.0,112.0,100.0,-22
36.44,97.6,16.0,99.0,92.0,-32
35.83,75.0,17.0,133.0,96.0,-20
37.33,75.0,23.0,112.0,96.0,-26
37.78,105.0,24.0,128.0,97.0,-51
39.0,75.0,16.0,123.0,100.0,-7
37.94,112.0,22.0,115.5,97.5,-25
36.61,75.0,15.0,131.0,98.0,-35
38.0,119.0,19.0,150.0,95.0,-20
38.56,100.0,12.0,101.0,98.0,-40
37.17,105.0,13.0,117.0,96.0,-55
37.61,86.5,15.5,133.0,100.0,-33
37.83,78.0,12.0,191.0,100.0,-23
35.06,84.0,14.0,109.5,98.5,-24
35.72,97.0,16.5,122.0,99.0,-13
36.72,101.0,17.0,90.0,99.0,-31
37.17,70.0,19.5,100.0,93.0,-16
35.89,59.0,14.5,159.0,100.0,-15
37.0,95.0,11.0,105.0,97.0,-24
37.39,81.0,18.0,133.0,97.0,-12
36.7,81.0,12.5,116.0,100.0,-23
36.78,81.0,18.0,130.0,100.0,-37
36.67,66.0,15.5,148.0,100.0,-30
36.5,80.0,22.0,152.0,100.0,-34
36.44,90.0,13.5,158.0,100.0,-42
39.0,91.0,14.0,110.5,100.0,-51
36.94,61.0,16.0,139.0,98.0,-12
37.0,92.0,16.0,158.5,99.0,-46
37.94,72.0,19.0,123.0,98.0,-45
36.33,85.0,23.0,159.0,90.0,-26
36.39,65.0,17.0,98.0,98.0,-20
35.0,68.0,11.5,165.0,100.0,-31
36.94,69.5,22.5,156.5,99.5,-22
36.83,63.0,11.0,118.0,96.0,-8
35.33,77.0,16.0,121.0,98.0,-36
37.3,86.0,24.0,174.0,100.0,-35
35.5,79.0,11.0,112.0,97.0,-43
35.9,80.0,12.0,141.5,100.0,-42
36.06,76.0,17.0,107.0,100.0,-6
37.17,122.0,22.0,158.0,97.0,-48
34.89,85.0,17.5,130.25,100.0,-40
35.06,115.0,25.0,122.0,99.0,-2
37.06,77.0,19.0,153.0,95.0,-3
38.78,148.0,34.5,127.0,98.0,-7
36.4,77.0,12.0,121.0,99.0,-56
36.28,72.0,24.0,114.0,95.0,-15
37.9,92.0,16.0,130.0,98.0,-30
36.44,96.0,23.0,144.0,100.0,-48
36.25,92.5,18.5,114.5,99.0,24
38.33,128.0,22.0,85.0,99.0,0
37.56,90.5,16.0,152.5,99.5,-23
36.2,88.0,14.0,102.5,100.0,-31
36.44,64.0,17.5,146.0,100.0,-25
37.0,75.0,12.0,110.0,95.0,-5
37.61,91.0,24.0,156.0,95.0,-49
37.22,93.0,19.5,107.0,100.0,-58
37.39,104.0,20.0,98.0,98.0,-39
36.72,107.5,20.0,124.5,99.5,-46
36.61,76.5,19.0,130.5,100.0,-37
35.5,63.0,20.0,105.0,100.0,-21
35.56,70.0,22.0,113.0,99.0,-14
34.6,92.0,14.0,94.0,97.0,6
37.25,101.0,16.0,132.0,100.0,-36
36.5,81.0,12.0,137.5,100.0,-36
36.61,116.5,14.0,143.5,95.5,-16
33.78,67.0,16.0,160.0,100.0,144
37.39,73.0,32.0,128.0,99.0,-57
36.56,66.0,14.0,130.0,100.0,-38
38.22,62.0,16.0,117.0,98.0,-50
36.89,108.0,23.0,153.0,100.0,-42
35.3,77.0,13.0,106.0,100.0,-22
36.15,75.0,12.0,102.0,100.0,-23
36.5,67.0,23.0,144.0,100.0,-34
37.0,87.0,18.0,117.0,98.0,-39
36.4,70.0,16.0,128.5,100.0,-44
36.17,111.0,19.5,117.0,100.0,-51
35.4,91.5,34.5,113.5,100.0,-55
37.0,91.0,22.0,101.0,96.0,24
36.33,77.0,22.0,155.0,98.0,-11
37.78,101.0,16.0,140.0,95.0,-16
35.89,98.0,18.0,128.0,99.0,-53
37.06,95.0,18.0,126.0,100.0,-25
35.89,108.0,16.0,101.0,100.0,-40
34.8,92.0,12.5,133.0,100.0,-34
36.56,48.0,14.5,119.0,100.0,-40
36.56,62.0,16.0,121.0,96.0,-46
36.94,64.0,17.0,127.0,95.0,-7
34.95,88.0,10.0,81.5,100.0,-16
36.39,97.0,13.0,91.0,98.0,-53
36.78,77.5,13.0,139.0,100.0,-42
38.06,67.0,14.0,125.0,100.0,-51
36.39,69.0,15.0,93.0,91.0,-21
38.17,92.0,13.5,114.0,100.0,-46
35.78,114.0,32.0,146.5,97.0,-54
36.8,74.0,21.0,126.5,100.0,-13
37.33,55.0,15.0,119.0,97.0,-13
36.6,88.0,10.5,92.0,100.0,-44
36.67,100.0,21.0,136.0,100.0,-46
38.0,107.5,30.0,148.0,98.0,-49
36.6,81.0,25.0,119.0,99.0,59
35.61,81.0,13.0,88.5,100.0,-16
36.5,95.0,17.0,108.0,99.5,-43
37.78,94.0,12.0,126.0,100.0,-38
36.83,73.0,17.5,125.0,100.0,0
35.9,71.5,14.0,106.5,100.0,-40
36.0,77.0,13.0,95.0,100.0,-34
36.89,49.0,12.5,168.0,99.0,-14
36.45,103.0,16.0,108.0,100.0,-20
36.0,88.0,21.5,98.0,99.0,-50
36.67,87.0,20.0,94.0,99.0,-22
36.83,79.0,23.0,107.0,98.0,-23
37.33,58.0,13.5,116.0,96.0,-33
36.72,126.5,17.5,96.5,100.0,-48
36.67,97.0,18.0,135.0,93.0,-14
37.89,78.0,20.0,124.0,100.0,-42
35.89,96.0,21.0,170.0,99.0,-28
37.67,131.0,18.0,100.5,100.0,-45
36.44,102.0,20.0,126.0,95.0,-12
39.39,86.0,30.0,158.0,98.0,4
33.4,64.0,13.0,122.0,96.0,-20
37.17,87.0,22.0,138.0,98.0,-31
37.33,55.0,18.0,164.0,100.0,61
36.39,107.0,27.0,97.0,98.0,-35
37.44,96.0,14.0,131.0,99.5,-42
37.1,80.5,10.0,123.5,100.0,-44
36.64,75.0,16.0,95.5,100.0,-43
35.83,86.0,16.0,174.0,98.0,-42
35.0,111.0,16.0,109.0,99.0,-46
37.44,88.5,12.5,143.0,99.0,-28
39.17,93.0,22.0,110.0,98.0,-34
37.4,82.0,10.0,112.0,100.0,-45
36.75,84.0,12.5,125.5,100.0,-19
38.11,118.0,18.0,143.0,98.0,-21
35.15,88.0,14.0,111.0,100.0,-21
37.61,71.0,21.0,105.0,99.0,-23
36.44,97.0,19.0,98.0,100.0,-41
36.39,69.0,13.0,126.0,100.0,-31
37.28,100.0,21.0,100.0,98.0,-55
36.94,70.0,16.0,91.0,96.0,-7
35.56,94.0,16.0,100.0,100.0,86
36.44,80.0,19.0,103.0,92.0,-44
36.25,78.5,26.5,90.0,96.0,-50
36.33,58.0,17.0,143.0,100.0,-20
39.28,93.5,19.0,155.5,95.0,-23
36.39,69.0,34.5,112.0,93.0,-57
37.06,90.0,11.0,104.0,98.0,-16
36.52,92.0,12.0,147.0,96.0,-34
36.89,109.0,17.0,126.0,100.0,38
37.3,95.5,14.0,122.0,100.0,-18
35.6,68.0,14.0,115.0,100.0,-44
35.89,89.0,22.0,115.0,98.0,0
37.22,88.0,12.0,145.0,100.0,-24
35.4,66.0,15.0,104.0,100.0,0
36.89,72.0,20.0,161.0,100.0,-43
37.89,91.5,19.0,100.5,100.0,-48
36.06,101.0,18.0,107.0,98.0,-40
36.6,80.0,12.0,108.0,97.0,-41
36.5,77.0,17.0,117.0,97.0,-23
36.56,58.0,14.0,136.0,98.5,-25
36.72,123.0,16.0,115.5,99.5,8
36.0,94.0,14.0,111.0,100.0,-8
36.72,77.0,11.0,126.5,98.5,-18
36.28,82.0,12.0,122.0,100.0,-43
36.1,89.0,14.0,111.5,100.0,-21
37.0,79.0,20.0,115.0,95.0,-44
36.89,119.0,23.0,105.0,92.0,-49
36.33,90.0,16.0,133.0,98.0,-39
36.0,88.0,10.0,98.0,100.0,-37
36.33,82.0,14.0,120.5,100.0,-6
36.17,77.5,18.0,102.5,100.0,3
37.06,99.0,14.0,132.0,97.0,-16
35.33,80.0,10.75,129.5,100.0,77
36.4,76.0,15.0,112.0,97.0,-57
35.15,90.0,10.0,120.0,100.0,-35
36.83,89.0,16.0,174.0,100.0,-43
36.33,88.0,24.0,145.0,100.0,-56
35.72,83.5,12.0,114.5,100.0,-54
36.33,89.0,24.0,117.0,98.0,-37
36.67,82.0,22.0,142.0,98.0,-50
36.06,72.0,18.0,126.0,100.0,-9
37.83,89.0,15.0,109.0,95.0,-37
36.44,91.0,17.0,140.0,98.0,-21
36.28,73.0,18.0,153.0,97.0,-45
36.45,72.0,8.75,102.5,100.0,-39
37.28,77.0,10.0,123.0,99.0,-28
36.72,100.0,16.0,114.0,95.0,-43
36.17,61.0,19.0,116.0,96.0,-18
35.5,110.0,20.0,117.0,90.0,-14
37.0,57.0,16.0,114.5,99.0,-35
35.3,76.0,14.5,120.0,100.0,36
35.85,89.0,15.0,114.0,100.0,-38
37.17,66.0,21.0,98.0,94.0,-16
35.83,84.0,15.0,103.0,96.0,-44
35.0,99.5,10.25,114.0,99.0,-44
36.22,106.0,25.0,92.0,96.0,-21
37.61,86.0,22.0,139.0,95.0,-37
36.67,83.0,21.0,107.0,98.0,-18
38.0,107.0,25.0,182.0,95.0,-47
35.75,80.0,12.0,108.0,100.0,-21
37.75,102.0,11.0,98.5,99.5,-49
35.33,70.5,12.5,143.5,100.0,-53
37.0,90.0,18.0,142.0,96.0,-45
37.39,82.0,14.0,105.0,97.0,-20
38.11,77.0,28.0,112.0,97.0,-46
36.11,92.0,18.5,143.0,99.0,9
35.56,90.0,21.0,129.0,94.0,-15
36.65,76.0,12.0,102.0,100.0,-14
36.06,89.0,22.0,100.0,97.0,-27
37.17,59.0,12.0,123.0,100.0,4
37.22,78.0,17.0,94.0,100.0,-34
36.22,80.0,10.0,117.0,98.0,-52
36.6,99.0,12.0,110.0,100.0,-27
35.94,62.0,20.0,119.0,98.0,-40
36.11,114.0,21.5,117.5,100.0,119
36.89,72.0,23.0,91.0,96.0,-18
35.11,73.0,11.0,119.0,93.0,-15
38.11,122.0,37.0,93.0,100.0,-39
36.22,67.0,16.0,119.5,98.0,-40
37.61,111.0,17.0,124.0,100.0,-35
33.8,119.0,24.0,109.0,95.0,-57
35.78,44.0,14.0,111.0,100.0,-16
35.8,89.0,12.0,105.0,100.0,-14
36.85,101.0,13.0,114.0,100.0,-34
35.28,55.0,22.0,119.0,97.0,-16
36.61,109.0,22.0,133.0,100.0,-32
36.83,77.0,12.0,130.0,98.0,-37
36.44,67.5,11.5,123.5,99.0,-37
35.67,60.0,16.5,115.5,96.0,-37
37.44,108.0,18.0,94.0,97.0,-26
37.56,86.0,14.0,123.0,95.0,-26
36.28,80.0,10.0,129.0,100.0,-44
37.0,91.0,18.0,108.0,96.0,-44
37.06,98.0,24.0,125.0,97.0,-46
37.33,83.0,18.0,167.0,98.0,-21
36.94,81.0,25.0,128.0,90.5,-33
36.0,66.0,17.0,149.0,99.0,-32
35.6,85.0,16.0,96.5,99.0,-46
36.28,83.5,19.0,128.0,100.0,-18
37.78,80.0,12.0,107.0,100.0,-53
35.11,82.5,14.5,81.5,100.0,31
36.95,77.5,12.0,92.5,100.0,-48
36.5,56.5,13.0,130.0,100.0,-38
37.17,62.0,20.5,97.0,99.0,-49
36.78,114.0,17.0,144.0,99.0,-40
36.11,103.0,21.0,140.0,100.0,-41
35.3,87.0,13.0,121.0,100.0,-23
35.25,82.0,12.0,97.0,100.0,-45
36.17,89.0,19.0,97.0,97.0,-33
36.78,72.0,16.5,109.0,100.0,-15
36.89,89.0,25.0,124.0,95.0,-41
37.5,89.0,16.0,100.0,97.0,-46
36.5,91.0,12.0,121.0,99.0,-26
36.28,65.0,12.0,119.0,100.0,-26
37.33,90.0,22.0,110.0,96.0,-25
37.22,79.5,16.0,151.5,97.5,-50
37.11,99.5,16.0,142.0,100.0,-43
37.5,102.0,24.0,139.0,91.0,108
37.22,67.0,12.0,83.0,100.0,-28
36.0,70.0,12.25,108.5,100.0,-35
37.28,87.0,15.0,122.0,100.0,-39
38.11,92.0,18.0,113.0,100.0,-8
37.06,75.0,18.0,120.0,94.0,-41
36.92,100.0,19.5,132.0,98.0,-13
36.11,66.0,13.0,125.0,98.0,-42
37.45,87.5,12.0,118.0,100.0,41
33.89,61.5,18.0,149.0,97.0,-54
35.44,90.5,17.5,109.5,99.5,-51
36.0,94.0,12.0,125.0,96.0,5
36.83,90.5,14.0,99.0,100.0,-21
34.56,54.0,15.0,109.0,100.0,-44
36.67,108.0,26.0,140.0,97.0,-36
37.17,124.0,33.0,149.0,98.0,16
36.72,96.0,22.0,154.0,98.0,-31
35.9,84.0,15.0,111.0,100.0,-39
36.89,112.0,17.0,170.0,99.0,-33
37.5,116.0,21.0,130.0,92.0,-49
35.7,83.0,12.0,119.0,100.0,-18
36.61,62.0,15.0,117.0,98.0,-51
36.89,109.0,16.0,104.0,100.0,-43
36.0,80.0,15.0,95.0,100.0,-18
36.15,99.0,10.0,103.5,100.0,-47
36.11,92.0,18.0,140.0,95.0,-9
37.4,110.5,16.0,126.0,98.0,120
37.5,82.0,21.0,113.0,98.0,-34
35.83,64.0,22.0,104.0,100.0,-46
36.2,87.0,48.0,165.0,100.0,-49
36.67,123.0,22.0,132.0,100.0,-29
37.06,94.0,12.5,166.5,99.0,-44
37.78,95.0,24.0,105.0,100.0,-20
35.65,80.0,18.0,99.0,100.0,-27
36.28,71.0,19.0,109.0,97.0,-12
36.11,67.0,20.0,86.0,92.0,-25
35.22,39.0,12.0,111.0,100.0,-36
37.39,55.0,24.0,102.0,98.0,-15
34.5,98.0,30.0,123.0,89.0,-4
36.67,67.0,15.0,136.0,96.0,-48
36.33,117.0,17.0,94.0,99.0,-35
37.17,92.0,14.0,125.0,98.0,-1
37.56,78.0,24.0,158.0,100.0,-53
36.72,74.5,12.0,117.0,100.0,-38
35.72,74.0,15.0,116.0,100.0,-15
37.67,92.0,26.0,104.0,93.0,-16
36.0,73.0,16.0,137.5,98.5,-26
35.61,71.0,18.0,110.0,100.0,100
38.0,85.0,19.5,110.5,99.0,-53
38.33,86.0,44.0,158.0,100.0,-44
35.94,59.0,18.0,140.0,100.0,-28
36.5,69.0,19.0,129.0,99.0,-50
36.05,73.0,14.0,119.5,100.0,-16
36.33,58.0,16.0,97.5,100.0,-48
35.94,79.0,27.0,102.0,100.0,13
36.1,79.0,14.0,110.0,100.0,-17
35.28,72.0,12.0,103.0,100.0,-21
38.1,81.0,13.0,131.0,100.0,-35
35.22,101.5,19.0,141.0,96.0,-35
36.75,79.5,11.5,117.5,100.0,-17
35.83,71.5,15.0,139.5,99.0,-9
36.28,94.0,23.0,147.0,95.0,-14
37.06,102.0,17.0,125.0,98.0,-35
37.11,75.0,20.0,137.0,99.0,-53
35.56,65.5,14.0,96.0,99.0,-36
35.33,90.0,23.0,147.0,96.0,-51
36.17,98.0,11.0,118.0,99.0,-42
36.67,86.0,12.0,95.5,100.0,-44
37.08,94.5,21.0,122.0,100.0,-15
35.31,89.0,14.0,131.0,100.0,0
35.72,102.0,34.0,88.0,100.0,-37
35.56,48.0,26.0,82.0,100.0,-58
35.11,55.0,16.0,136.5,100.0,-41
35.67,81.0,22.0,157.5,99.0,-21
37.5,80.0,17.5,99.5,99.5,-20
36.4,90.0,13.0,125.0,100.0,-40
37.56,91.0,22.0,132.0,99.0,-19
36.61,63.0,13.0,145.0,100.0,-34
36.78,118.0,26.0,120.0,97.0,-42
36.5,98.5,17.5,104.5,100.0,-19
35.78,64.0,16.0,145.0,94.0,-41
36.0,117.0,26.0,102.5,49.0,-45
36.33,79.0,22.0,105.0,99.0,-23
36.39,68.0,12.0,114.0,100.0,-52
36.11,57.0,19.0,122.0,95.0,-15
37.67,95.0,16.0,128.0,98.0,-51
36.67,117.5,21.0,102.5,100.0,-44
37.11,105.0,21.0,157.0,98.0,-35
36.94,104.0,17.0,96.0,96.0,-16
36.17,106.0,20.0,120.0,99.0,-34
35.72,62.0,11.0,151.0,99.0,-14
36.22,84.5,15.5,92.5,99.5,-24
34.3,57.5,10.5,117.0,98.5,-36
36.78,87.0,19.0,100.0,99.0,-15
38.44,99.0,19.5,115.0,96.0,-54
34.5,80.5,20.0,108.0,100.0,-35
37.44,112.0,17.0,140.0,100.0,-54
37.0,76.0,12.0,100.0,96.0,-32
35.94,75.0,18.0,151.0,99.0,-43
36.94,75.0,15.0,123.0,99.0,-46
37.11,86.0,19.0,119.0,97.0,-48
38.0,91.0,23.0,103.0,97.0,-22
36.17,77.5,14.0,118.0,100.0,-22
36.72,90.0,12.0,129.0,100.0,-38
36.56,94.0,28.0,105.0,99.0,-30
36.83,90.0,23.0,130.0,96.0,-18
37.2,111.0,16.0,105.5,100.0,-52
37.94,76.0,20.5,156.5,96.5,-42
36.6,82.0,16.0,120.0,100.0,-25
37.67,113.0,20.0,124.0,96.0,-7
35.44,72.0,13.0,114.0,100.0,-42
35.65,88.0,26.0,104.0,96.0,-38
36.06,76.5,15.5,114.5,99.0,-26
36.11,89.0,15.0,119.0,96.0,-31
36.72,75.0,27.0,123.0,96.5,-34
36.5,108.0,21.0,160.0,94.0,0
37.0,71.0,14.0,104.0,100.0,58
37.61,61.5,20.0,105.5,100.0,15
37.17,83.5,11.0,157.0,100.0,-16
37.28,85.5,19.5,110.0,100.0,-14
37.22,82.0,25.0,106.0,95.0,-35
36.56,105.5,14.0,110.5,94.5,-21
37.0,81.0,10.0,148.0,98.0,-35
37.17,89.0,15.0,111.0,96.0,-41
36.61,92.0,20.5,107.5,98.0,-47
37.44,95.0,14.0,181.0,95.0,-36
37.72,121.0,20.0,148.0,98.0,-35
36.44,98.0,17.5,126.0,100.0,-19
36.56,83.0,18.5,138.5,96.0,-32
34.86,111.5,16.0,98.0,100.0,-34
36.67,95.0,20.0,124.0,98.0,-16
37.44,111.5,15.0,142.0,100.0,-11
36.9,60.5,16.0,96.0,100.0,133
36.94,71.0,19.0,109.0,100.0,-19
36.67,107.0,28.0,94.0,95.0,-47
36.72,79.0,18.0,104.5,100.0,-42
36.67,72.0,18.0,109.0,94.0,-45
37.5,106.0,17.0,136.0,94.0,-40
36.55,81.5,12.0,115.5,100.0,-44
36.22,109.0,28.0,124.0,96.0,-25
36.33,72.0,11.5,155.0,94.5,-47
36.5,69.5,14.0,111.5,100.0,-16
36.83,76.0,15.0,115.0,100.0,-28
37.94,87.0,22.0,178.0,98.0,-48
36.89,58.0,20.0,159.0,100.0,-57
35.72,107.0,29.5,81.5,100.0,-41
36.56,81.5,13.5,133.0,97.5,-16
37.94,87.0,20.0,110.0,96.0,-21
36.05,80.0,10.5,112.0,100.0,-22
37.2,57.0,27.0,162.0,100.0,29
37.5,92.0,10.0,141.0,100.0,-22
35.95,88.0,10.0,109.0,100.0,-48
34.89,87.0,14.0,104.0,100.0,-38
37.61,97.0,18.0,124.0,98.0,-25
36.67,86.0,22.5,109.0,100.0,-49
36.0,76.0,28.0,142.0,99.0,-19
36.72,61.0,19.0,104.0,98.0,-36
36.65,89.0,10.0,122.5,100.0,-41
37.0,82.0,19.0,107.0,100.0,-42
36.61,97.0,18.0,152.0,100.0,-13
37.0,108.0,16.0,109.0,95.0,-48
35.78,84.0,20.0,130.0,99.0,13
37.17,85.0,21.0,129.0,96.0,-47
36.67,70.0,17.0,120.0,99.0,-37
38.0,61.0,10.5,139.0,100.0,24
36.78,90.0,25.5,117.5,99.0,-51
35.5,77.5,14.0,104.5,100.0,-51
37.22,61.0,10.0,98.0,98.0,-45
37.0,87.0,16.0,99.0,100.0,-15
36.22,86.5,17.0,104.5,99.0,-9
36.83,64.0,14.0,137.0,98.0,-36
36.72,106.0,15.0,109.0,98.0,28
36.5,88.0,12.0,96.0,100.0,-41
38.39,124.0,18.0,166.5,100.0,-48
35.35,80.0,11.0,105.5,100.0,-23
36.11,117.0,25.5,90.0,100.0,-5
36.39,60.0,21.0,91.0,100.0,0
37.6,94.0,19.0,130.0,99.0,-52
36.56,86.0,15.0,103.0,96.0,-49
36.28,41.0,20.0,135.0,97.0,-40
37.44,108.0,16.0,105.0,100.0,-39
37.67,118.0,28.0,138.0,94.0,0
36.17,88.0,20.0,132.0,95.0,-38
36.28,81.0,14.0,93.0,100.0,-10
36.33,103.0,17.5,97.0,97.0,-41
36.72,58.0,13.0,138.0,94.0,-38
36.06,73.0,14.0,127.0,99.0,-28
34.17,71.0,14.0,113.0,100.0,-53
36.89,92.0,14.0,166.0,100.0,-8
35.17,57.0,14.0,114.0,100.0,-17
36.56,64.0,15.0,123.0,100.0,-36
37.17,63.0,11.5,136.0,100.0,-58
37.0,94.0,16.0,121.0,100.0,-45
37.3,69.0,13.5,100.0,99.0,-25
36.5,80.0,18.0,129.0,100.0,-38
37.44,85.0,16.0,120.0,100.0,-37
36.6,82.0,12.0,118.0,98.5,-24
36.11,102.0,29.0,87.0,97.0,-49
36.8,103.0,19.0,133.0,100.0,105
36.11,93.0,16.0,123.0,100.0,-26
36.5,43.0,22.0,108.0,90.0,-19
34.9,87.0,16.0,108.25,100.0,-28
37.0,106.0,26.0,117.0,97.0,-54
36.22,76.0,17.0,101.0,99.0,-46
34.75,87.0,11.0,123.0,100.0,-32
36.44,71.0,25.0,95.0,93.0,-34
36.06,59.0,17.0,151.0,99.0,-36
37.0,66.0,28.5,189.5,96.0,-32
36.33,67.0,12.5,105.0,73.0,-39
34.72,77.0,16.0,164.5,99.0,-10
37.67,83.5,14.5,125.0,100.0,80
37.5,72.0,8.0,135.0,99.0,-43
37.78,90.0,16.0,126.0,100.0,-19
35.44,68.0,12.0,98.0,98.0,-2
36.5,92.0,17.0,99.0,96.0,-18
35.72,94.0,11.0,114.0,96.0,-29
35.78,73.0,15.5,108.0,100.0,-38
37.05,106.0,16.0,121.0,98.0,-47
36.17,81.0,17.0,129.0,99.0,-9
35.6,84.0,10.0,133.0,100.0,-40
36.61,48.0,16.0,127.5,100.0,-54
36.11,69.0,12.0,129.0,100.0,-9
37.33,96.0,14.0,103.5,98.5,-5
37.39,93.0,21.0,117.5,97.0,-34
35.7,95.0,15.0,104.5,100.0,-31
36.33,116.0,18.0,93.5,98.0,-47
37.72,146.0,28.0,113.0,99.0,4
35.83,70.5,18.5,138.5,100.0,-37
35.4,108.5,10.0,120.0,100.0,-37
36.7,84.0,10.0,89.0,100.0,-50
36.6,70.0,12.0,101.0,100.0,-19
36.11,68.0,14.0,99.0,99.5,-30
35.9,83.0,11.0,109.0,100.0,-33
36.0,58.0,19.0,122.0,99.0,-35
36.67,75.0,32.0,131.0,96.0,-43
37.67,100.0,30.0,142.0,93.0,-45
37.22,101.0,19.0,112.0,100.0,-43
36.11,73.0,15.0,102.0,96.0,-55
36.15,80.0,13.0,143.0,100.0,-18
36.17,61.0,15.0,104.0,99.0,-33
35.83,92.0,17.0,137.0,100.0,-26
36.61,70.0,32.0,108.0,99.0,-42
37.0,86.0,19.0,99.0,98.0,-50
36.28,84.0,19.0,106.0,95.0,92
37.67,86.0,38.0,113.0,96.0,-28
36.17,78.0,19.5,105.5,100.0,-22
37.67,89.0,20.0,159.0,93.0,-30
36.89,97.0,14.0,116.0,99.0,-45
37.56,89.0,24.5,118.0,100.0,-52
37.28,89.0,26.0,125.5,99.0,-31
36.83,83.0,15.0,151.0,100.0,0
35.89,72.0,18.0,188.0,97.0,-35
37.17,76.0,14.0,105.0,99.0,28
37.22,97.0,24.5,135.0,95.0,8
37.56,101.5,20.0,175.0,99.5,-27
37.78,80.0,14.0,154.0,100.0,-30
38.56,78.0,16.0,146.0,100.0,-42
34.11,92.0,18.0,106.0,100.0,-46
36.22,97.0,15.0,107.0,100.0,-35
37.39,100.0,24.0,96.0,97.0,-34
36.67,91.0,12.0,111.0,98.0,-10
37.44,86.0,23.0,109.0,99.5,-47
36.22,102.0,15.0,122.0,87.0,-57
35.33,106.0,23.0,146.0,95.0,-35
36.2,80.0,12.0,111.0,100.0,-32
37.61,81.0,12.0,152.0,98.0,20
36.83,97.0,20.0,118.0,97.0,-53
35.61,55.0,12.0,98.0,99.0,-48
36.33,101.0,22.0,90.0,98.0,-46
35.39,93.0,16.0,157.0,94.0,-39
35.28,80.0,14.0,107.0,100.0,-9
38.33,117.0,18.0,119.0,100.0,-20
37.39,112.0,20.0,99.5,98.0,-43
36.11,73.5,24.5,103.5,96.5,-43
37.44,86.0,22.0,160.75,100.0,-50
35.1,88.0,12.0,132.5,100.0,-48
35.33,84.0,15.0,119.0,96.0,-51
35.89,72.0,18.0,132.0,96.0,-16
37.28,85.0,17.0,95.0,100.0,-38
34.33,49.5,19.0,135.5,100.0,0
36.56,63.0,19.0,95.0,96.0,-40
36.11,98.0,27.0,120.0,97.0,-49
35.67,51.0,16.0,128.0,98.0,-43
37.2,101.0,16.0,113.5,97.5,-16
37.17,64.0,15.0,103.0,96.0,-43
36.44,60.0,18.0,101.0,96.0,-19
37.11,68.0,12.0,122.0,100.0,-13
36.22,65.0,10.0,86.0,100.0,-37
37.61,107.0,20.0,136.0,97.0,-16
35.89,104.5,9.0,154.5,100.0,-42
35.17,70.0,16.0,95.0,94.0,-17
36.8,93.5,12.0,122.0,100.0,-52
35.56,111.0,20.0,115.0,100.0,22
38.0,108.0,19.0,127.0,100.0,-33
35.5,72.5,22.5,139.0,98.0,-37
36.61,79.5,19.0,153.0,94.5,-41
37.15,96.0,12.0,89.0,99.0,-46
36.17,93.0,20.0,122.0,100.0,-40
37.5,90.5,17.0,121.5,98.0,-29
35.22,82.0,13.0,154.75,100.0,-35
37.6,78.0,22.0,92.0,100.0,-44
35.56,88.0,17.0,163.0,99.0,-12
36.56,105.0,12.0,111.0,96.0,-22
36.67,91.0,18.0,101.0,98.0,-35
37.78,69.5,15.0,139.5,98.0,-33
36.44,96.0,24.0,108.0,98.0,-20
36.9,78.0,14.0,126.0,99.0,-19
37.17,128.0,22.5,204.0,96.0,44
35.3,88.0,10.0,106.5,100.0,-43
37.44,55.0,19.0,121.0,97.0,-37
36.56,60.0,13.0,100.0,99.0,-23
36.5,83.0,15.0,106.0,100.0,-19
35.72,82.0,18.0,101.0,100.0,-30
36.67,77.0,14.0,133.0,98.0,-45
36.8,64.5,14.0,173.0,98.5,-53
36.78,102.0,26.0,95.0,96.0,-38
36.75,86.0,17.0,153.0,97.5,-36
35.33,69.0,16.0,105.0,100.0,-12
35.83,90.0,15.0,111.0,99.0,-25
37.17,80.0,35.0,130.0,100.0,-27
37.94,79.5,22.0,192.0,100.0,-50
36.11,72.0,12.0,118.0,100.0,-24
37.0,84.0,19.0,128.5,97.0,-31
36.33,79.0,13.5,88.0,100.0,-22
37.72,100.0,13.0,123.0,100.0,-43
36.17,70.0,14.0,108.0,99.0,13
37.78,103.0,23.5,91.0,96.0,-49
37.06,61.0,17.0,99.0,100.0,-50
37.0,72.0,11.0,123.0,99.0,-49
36.67,71.5,17.5,83.0,96.5,-41
36.17,62.0,14.0,158.0,97.0,-24
36.06,90.0,17.0,116.0,100.0,-12
35.81,97.5,19.25,113.5,100.0,-27
36.45,82.0,14.0,103.0,100.0,-23
36.4,110.5,18.0,96.0,98.0,86
36.67,58.0,14.0,115.0,100.0,-18
37.67,65.0,14.0,130.5,100.0,-38
38.1,66.5,17.5,100.0,100.0,-40
37.0,77.0,13.0,132.0,100.0,-55
37.22,90.0,17.5,183.0,98.5,-15
37.0,70.0,33.0,87.0,99.0,-48
37.33,79.0,16.0,103.0,97.0,-33
36.5,80.0,19.5,80.0,96.0,-36
36.67,83.0,18.0,125.0,98.0,-42
36.67,70.0,19.0,124.0,96.0,-34
36.89,51.0,17.0,145.0,98.0,-11
36.67,94.0,24.0,103.0,94.0,-17
37.44,88.0,21.0,148.0,99.0,-28
36.11,118.0,18.0,171.0,100.0,-23
36.4,80.0,14.0,116.0,100.0,-21
35.83,67.0,14.0,132.0,97.0,-11
38.22,123.0,16.0,82.0,100.0,-42
38.11,113.0,14.0,98.0,100.0,16
36.44,80.5,14.5,106.0,97.5,-20
37.05,95.5,16.5,143.5,98.0,-21
36.89,111.0,26.0,156.0,94.0,-37
36.56,95.0,15.5,132.0,100.0,-9
36.28,72.5,15.5,129.0,100.0,-36
36.61,67.0,16.0,114.0,100.0,-34
36.78,85.5,17.5,120.0,100.0,-34
36.5,80.0,14.0,124.0,100.0,-34
36.67,74.0,25.0,118.5,99.0,-18
36.33,77.0,26.0,151.0,96.0,-5
35.17,81.0,17.5,120.0,100.0,-34
35.61,105.0,15.0,98.0,98.0,-38
36.72,112.0,20.0,119.0,99.0,-15
36.44,65.0,19.0,108.0,96.0,-18
36.15,88.0,11.5,112.0,100.0,-39
35.6,77.0,18.0,127.0,100.0,47
36.22,88.0,12.0,113.5,100.0,-19
36.5,87.0,21.0,120.0,99.0,197
36.25,78.0,12.0,117.0,100.0,-25
35.67,80.5,12.0,123.0,100.0,-24
36.67,88.0,12.0,123.0,91.0,-39
36.28,124.0,14.0,122.0,100.0,-45
37.06,66.0,20.0,131.0,97.0,-49
35.56,71.0,21.0,128.0,97.0,-43
36.89,97.0,15.5,108.0,100.0,-36
35.8,76.0,14.0,123.0,100.0,-24
34.89,80.0,13.0,126.0,100.0,-25
37.44,70.0,21.0,153.0,99.5,-11
37.56,76.0,11.0,109.5,97.0,-47
35.83,80.0,10.0,127.0,100.0,-26
36.17,59.5,18.5,116.5,95.5,-5
37.06,52.0,20.0,121.0,94.0,-55
34.72,89.0,25.0,114.0,98.0,60
37.39,70.0,14.0,174.5,97.5,-53
36.44,80.0,19.0,141.0,95.0,-44
37.22,79.0,23.0,124.5,96.5,-21
35.4,67.0,14.0,124.5,100.0,-22
38.22,101.0,30.0,120.0,96.0,-43
36.4,80.0,9.5,119.0,98.5,-36
36.89,86.0,28.0,134.0,95.5,-26
36.67,94.0,10.0,100.0,100.0,-31
36.72,72.5,12.0,132.5,100.0,-46
37.0,62.0,21.0,128.0,99.0,-31
37.17,110.5,17.0,144.5,100.0,-30
34.7,80.0,12.0,109.0,99.0,-16
36.28,60.0,13.0,148.0,100.0,-20
36.44,74.5,25.0,108.5,94.5,-40
38.0,79.0,19.0,138.0,100.0,-47
35.83,80.0,26.0,127.5,99.0,-20
36.78,59.5,20.0,120.5,100.0,-28
36.44,76.0,18.0,112.0,100.0,-49
37.67,105.0,29.0,126.0,96.0,-41
35.3,87.0,12.0,125.0,100.0,-42
35.83,87.0,9.0,120.0,96.0,28
36.39,73.0,16.0,161.0,99.0,-11
36.2,87.0,14.0,98.0,98.0,-30
36.11,70.0,23.0,140.0,99.0,-33
36.89,69.0,18.0,131.0,98.0,-13
37.0,97.0,19.0,101.0,100.0,-34
34.44,60.5,19.75,154.0,100.0,0
36.44,61.5,21.0,117.5,91.5,-32
36.72,80.5,17.0,108.25,98.0,-39
37.0,82.0,24.0,113.0,100.0,-40
36.39,61.0,16.0,120.5,97.0,-28
34.78,68.0,10.0,103.5,100.0,-24
36.72,72.0,18.0,118.0,100.0,-34
36.83,62.0,16.0,113.0,92.0,-56
37.39,86.0,18.0,130.0,98.0,-15
36.44,101.0,24.0,111.0,98.0,-34
37.5,79.0,24.0,129.0,99.0,-32
35.72,97.0,14.0,110.0,98.0,-54
36.83,74.0,17.0,160.0,94.0,-34
36.0,85.0,12.0,113.0,100.0,-51
37.2,91.5,10.0,105.0,100.0,-53
37.72,71.0,20.5,144.0,100.0,174
36.7,88.0,18.0,150.0,100.0,67
33.89,67.5,14.0,137.0,100.0,-22
35.56,70.0,16.0,86.0,96.0,-35
36.17,76.0,20.0,73.0,98.0,-28
36.72,71.5,16.5,108.0,93.0,-27
37.72,74.0,16.0,111.0,100.0,-10
36.61,81.0,20.0,94.0,99.0,-7
38.11,80.0,17.0,135.0,98.0,-35
35.95,80.0,11.0,141.0,100.0,-24
36.44,88.0,16.0,126.0,96.0,-27
36.39,74.0,13.0,116.0,96.0,-25
36.33,78.0,16.0,113.0,97.5,-49
36.61,59.0,22.0,129.0,100.0,-45
36.5,67.0,15.0,102.0,96.0,-46
36.56,67.0,18.0,133.0,100.0,-12
36.22,84.0,22.0,135.0,95.0,-31
36.78,77.0,13.0,101.0,98.0,-43
38.33,96.0,16.0,104.0,99.0,-15
37.22,93.0,23.0,111.0,97.0,-25
37.39,68.0,33.0,126.0,99.0,-42
36.56,72.0,12.5,109.0,100.0,-14
38.22,107.0,17.0,116.0,97.0,-46
35.33,48.5,15.5,106.5,98.0,-47
37.56,115.0,23.0,100.0,99.0,-51
36.89,75.0,17.0,123.0,95.0,-10
36.44,63.0,17.0,145.0,100.0,-44
37.83,100.0,24.0,127.0,100.0,-39
36.78,72.0,18.0,132.0,100.0,-18
36.7,76.0,18.0,144.0,100.0,118
36.11,70.0,24.0,100.0,98.0,-35
35.61,52.0,12.0,142.0,100.0,-19
38.33,90.0,12.0,107.0,100.0,-41
36.39,48.5,17.0,123.5,99.5,-25
36.39,90.0,14.0,104.0,98.0,-22
35.6,86.5,14.0,126.5,100.0,-17
35.94,80.0,16.0,162.0,97.0,-43
34.85,81.5,14.0,142.0,95.5,-56
35.28,86.0,15.0,157.0,100.0,0
37.5,84.0,13.5,138.0,100.0,-34
35.72,80.0,16.5,147.5,97.5,-20
35.05,80.0,15.0,103.5,100.0,-19
35.3,73.5,15.5,127.0,98.0,96
36.61,113.0,17.0,101.0,100.0,-35
36.39,97.5,24.0,133.5,100.0,-41
36.11,71.0,14.0,107.5,100.0,-19
36.11,62.0,20.0,114.0,100.0,-21
36.1,88.0,16.0,112.0,100.0,-15
35.28,80.0,10.0,109.0,100.0,-42
36.83,95.0,29.0,91.0,93.0,-38
36.5,90.0,19.0,110.0,100.0,69
36.89,64.0,14.0,141.0,96.0,-49
37.33,83.0,13.0,97.0,94.0,-12
37.44,81.0,18.0,141.0,99.0,-23
36.06,100.0,28.0,96.0,98.0,-20
37.51,97.5,12.0,112.0,100.0,-55
35.33,87.5,12.5,119.5,100.0,-40
37.11,85.0,18.5,132.0,97.5,-52
35.0,87.0,16.0,136.0,100.0,-53
38.39,144.5,18.0,142.0,100.0,-33
36.39,70.0,9.0,97.0,94.0,-42
37.17,68.0,18.0,115.0,99.0,-29
35.11,139.0,22.0,90.0,97.0,-24
35.85,88.0,12.0,116.5,100.0,-36
35.11,119.0,16.0,119.0,100.0,-46
36.44,61.0,18.5,126.5,95.5,-17
36.6,70.0,17.0,115.0,100.0,-24
36.33,88.0,20.0,100.0,96.5,-57
35.0,64.5,16.0,138.5,98.5,-17
35.89,93.5,26.0,119.0,99.5,-44
36.56,67.0,14.0,95.0,98.0,-18
35.33,97.0,15.0,101.0,98.0,43
38.94,94.0,19.0,102.0,97.0,-41
36.89,84.0,16.0,102.0,94.0,-39
36.78,97.0,18.0,98.0,99.0,-33
36.06,75.0,16.0,104.0,94.0,13
35.8,70.0,8.5,116.0,100.0,-42
35.72,84.0,16.0,128.5,95.0,-18
36.0,80.0,12.0,105.0,100.0,-18
37.5,105.0,26.0,100.0,97.0,101
36.22,76.0,13.0,114.0,99.0,-23
37.39,61.0,14.0,115.0,100.0,-39
36.28,80.0,23.0,105.0,96.0,-26
37.1,88.0,21.5,97.5,100.0,9
36.61,99.0,20.0,123.0,93.0,-35
35.67,79.0,20.0,103.0,100.0,-9
36.39,85.0,18.0,139.0,99.0,-20
36.17,80.0,15.0,105.0,99.0,-17
37.06,103.0,20.0,128.0,100.0,-41
37.44,99.0,31.5,109.0,100.0,-41
37.11,98.0,14.0,97.0,97.0,-9
36.28,75.0,20.0,153.0,95.0,-22
37.0,82.0,16.0,153.0,98.0,-53
37.44,91.0,14.0,101.0,100.0,36
36.28,78.0,10.0,99.5,96.5,-18
35.0,57.0,15.5,100.5,100.0,-44
34.56,71.0,21.5,96.0,95.5,0
36.61,51.0,13.0,135.0,99.0,-32
36.61,84.5,18.5,107.5,97.0,-19
36.89,61.0,16.0,149.0,99.0,-39
35.0,55.0,12.0,129.0,100.0,0
38.56,88.0,13.5,113.0,98.0,-52
37.0,96.0,12.0,113.5,100.0,-16
37.17,92.0,11.5,105.0,100.0,-9
36.5,88.0,15.0,118.0,97.0,-21
35.0,86.0,18.5,147.0,94.0,53
36.8,87.0,11.0,139.0,100.0,-15
36.39,98.0,19.0,117.0,98.5,-22
35.5,69.0,17.0,122.0,100.0,0
37.39,119.5,19.0,114.0,100.0,-28
37.67,76.0,12.0,143.0,94.0,-56
36.44,101.5,19.0,137.0,100.0,-50
36.72,108.5,24.0,85.0,95.0,-23
36.61,103.0,13.0,144.0,98.0,-20
36.78,62.0,17.0,114.0,97.0,-24
37.06,106.5,18.5,109.5,100.0,43
36.3,84.0,10.0,122.0,98.0,-36
36.72,78.0,23.0,144.0,95.0,-22
37.44,117.0,13.0,95.0,96.0,-26
38.0,102.0,21.0,113.0,98.0,-21
36.67,59.0,18.0,119.0,98.0,-42
37.11,40.0,18.0,145.0,95.0,-41
37.33,84.0,14.0,108.0,100.0,-25
38.0,113.0,20.0,115.0,96.5,-39
35.5,72.0,12.0,115.0,100.0,-15
36.17,64.5,26.5,153.0,97.0,-41
36.11,73.0,17.0,129.0,97.0,-5
35.5,77.0,13.5,103.5,100.0,5
35.3,77.0,14.0,106.5,100.0,-12
37.17,69.0,21.0,97.0,95.0,-46
36.78,64.0,14.0,121.0,96.0,-21
35.5,80.0,12.5,102.0,100.0,-35
35.94,73.0,16.0,171.0,98.0,-43
35.89,63.5,19.5,119.5,100.0,46
35.83,49.5,23.5,147.75,99.5,-32
37.17,99.0,20.0,103.5,99.0,-16
35.39,72.5,13.5,117.0,100.0,-20
36.56,72.0,18.0,124.0,100.0,-15
36.28,104.0,37.0,93.0,91.0,-35
37.83,125.5,17.0,103.5,100.0,-41
36.61,65.0,14.0,112.0,98.0,-44
37.17,104.0,12.5,85.0,98.0,-36
37.0,67.5,19.0,131.0,100.0,-37
35.55,73.5,12.0,114.5,100.0,-18
35.0,62.0,14.0,129.0,100.0,-19
36.28,69.0,22.0,121.0,99.0,-31
35.81,83.0,14.0,123.0,100.0,-17
37.39,75.0,16.0,109.0,99.0,-16
36.75,104.0,12.0,135.0,100.0,-17
37.83,106.0,17.0,170.0,99.0,-52
37.06,83.0,18.0,95.0,99.0,-19
38.89,123.5,36.0,106.0,94.0,-42
36.67,77.5,19.5,121.0,92.5,-43
37.11,105.0,23.0,92.0,94.0,-49
36.67,99.0,18.0,104.0,98.5,-32
37.11,116.0,14.0,95.0,99.5,-43
35.78,58.0,16.0,119.0,96.0,-42
37.5,119.5,20.0,97.0,93.0,-42
35.94,93.5,16.0,91.0,95.0,-39
35.61,62.5,16.0,99.5,100.0,-48
36.67,109.0,26.0,115.0,99.0,-35
36.83,80.0,15.0,116.0,99.0,-29
36.33,88.0,19.5,126.0,100.0,-23
36.9,74.5,16.0,103.5,99.5,-23
36.89,69.0,16.0,153.0,100.0,-39
36.83,76.0,18.0,90.0,97.0,-58
36.55,76.5,12.0,118.5,100.0,-19
35.72,82.0,17.0,107.0,93.0,-12
37.22,74.0,19.0,122.0,98.0,-15
35.56,108.5,20.0,91.25,96.5,-44
36.67,64.0,14.5,117.0,94.0,-49
36.06,74.0,21.0,94.0,100.0,64
37.22,105.0,25.5,139.0,98.0,-23
39.0,99.0,17.0,92.0,99.0,-42
38.0,65.0,12.0,122.0,96.0,-30
36.33,80.0,14.0,97.0,99.0,-39
38.0,76.0,22.0,92.0,99.0,-55
38.67,102.0,15.0,116.0,100.0,-45
35.35,67.0,21.0,137.5,99.5,-35
36.11,80.0,13.0,108.5,91.5,-33
35.94,57.0,12.0,103.5,99.0,-19
37.61,100.5,16.5,165.0,98.5,-46
36.83,80.0,15.5,153.5,100.0,-41
37.67,92.0,25.0,126.0,97.0,-47
36.11,126.0,14.0,100.0,99.0,-35
35.67,61.0,16.0,102.0,99.0,0
36.1,88.0,10.0,107.5,100.0,-10
35.72,88.0,9.0,137.5,100.0,-12
35.67,89.0,14.0,144.0,100.0,40
35.72,69.0,20.0,98.0,95.0,-34
37.0,64.0,19.0,122.0,100.0,-38
37.39,78.0,20.0,118.0,95.0,-34
36.78,61.0,17.0,96.0,96.0,-49
37.22,72.0,12.0,109.0,98.0,-12
36.61,76.0,22.0,149.0,98.0,-18
36.72,79.0,15.0,121.0,100.0,-43
37.39,114.5,28.5,137.5,95.0,-37
38.39,84.0,16.0,147.0,93.0,-10
35.67,71.5,16.0,106.0,99.5,-1
36.5,63.5,22.0,109.0,98.5,-13
35.89,113.0,11.0,79.0,97.0,-53
36.0,95.0,14.0,104.5,100.0,-42
37.17,91.0,22.0,121.0,100.0,-16
36.67,74.0,10.0,110.0,98.0,-54
37.33,95.0,27.0,170.0,100.0,-28
36.39,73.0,12.5,130.5,97.0,-37
36.44,72.0,14.0,164.0,100.0,192
35.94,88.0,19.0,160.0,98.0,-39
36.11,93.0,23.0,84.0,98.0,-48
35.89,116.0,20.0,138.0,100.0,-20
36.67,89.0,16.0,132.0,98.0,-32
36.67,70.0,18.0,110.0,92.0,-19
36.44,73.0,12.0,137.0,100.0,-14
37.06,98.0,29.5,110.5,93.0,-34
35.9,82.0,18.0,138.5,100.0,-20
36.67,77.0,13.0,114.0,98.0,-37
35.83,72.0,17.0,106.0,94.0,-28
36.5,93.0,14.5,199.0,99.0,-25
35.33,53.0,15.0,109.0,99.0,-40
36.61,84.0,19.0,159.0,98.0,-38
36.33,81.0,21.0,99.0,99.0,-51
36.56,62.0,13.0,133.0,100.0,-10
35.6,80.0,15.0,116.0,100.0,-15
37.67,106.0,16.0,148.0,100.0,-34
35.0,85.0,16.0,129.0,98.0,-18
36.39,95.0,19.0,81.0,97.0,0
34.35,60.5,19.0,136.0,99.5,-47
36.44,109.0,18.0,130.0,100.0,-46
36.0,76.0,22.0,111.5,99.5,43
36.56,103.0,12.0,113.0,100.0,-24
36.92,77.0,19.0,129.0,96.0,-47
37.67,87.0,17.0,155.0,100.0,-54
37.06,72.0,9.0,130.0,95.0,-51
33.72,99.0,24.25,125.5,96.5,-15
36.11,101.0,22.0,131.0,100.0,-21
36.17,54.0,13.0,126.0,100.0,-44
37.44,88.0,12.0,113.0,98.0,-56
36.44,81.0,19.0,117.0,100.0,-22
38.0,115.5,32.5,140.0,98.5,-14
37.25,93.0,10.0,98.5,100.0,-16
36.56,76.0,20.0,109.0,100.0,-15
37.11,65.0,18.0,98.0,100.0,-44
36.67,86.0,20.0,111.0,95.0,-35
36.39,96.0,14.0,101.0,96.0,-24
36.0,82.0,23.5,130.0,100.0,-47
35.5,80.0,8.5,146.0,100.0,-37
35.78,65.0,14.0,125.0,100.0,-43
36.56,72.0,12.0,126.0,95.0,-24
36.39,66.0,21.0,132.0,97.0,-26
36.61,73.0,17.0,107.5,100.0,-25
37.05,78.5,13.0,105.5,97.0,-20
36.11,56.0,19.0,125.0,100.0,-19
38.22,83.0,25.0,96.0,97.0,-16
36.0,70.0,27.0,116.5,100.0,-6
37.67,113.0,26.0,127.0,96.0,-34
36.83,81.5,16.0,151.5,96.0,-27
35.83,72.0,18.0,127.0,91.0,-30
37.33,114.0,20.25,96.0,97.0,47
37.22,86.0,18.0,151.0,99.0,-53
35.33,80.0,22.0,93.0,100.0,-53
36.56,94.0,19.0,132.0,96.0,-50
35.67,79.5,14.0,120.0,100.0,-39
36.72,130.0,30.0,140.0,100.0,-36
38.0,122.0,16.0,105.0,96.0,-48
36.11,70.0,18.0,121.0,99.0,-11
36.63,72.0,21.0,121.0,98.0,-22
36.33,87.0,17.0,105.0,95.0,-14
36.44,53.5,18.0,113.0,100.0,-15
36.5,66.0,13.0,110.0,100.0,-46
36.67,104.0,17.0,124.0,100.0,-10
36.75,125.5,29.0,99.5,100.0,-51
35.5,88.0,15.5,107.5,100.0,-41
35.61,94.0,15.0,120.0,100.0,-32
35.83,81.0,15.0,119.0,93.0,-55
36.6,51.0,15.5,130.0,96.0,-32
36.44,63.0,28.0,113.0,100.0,-17
35.83,81.0,14.0,164.0,99.0,-33
37.22,116.0,17.5,106.0,99.0,-11
35.5,70.0,11.0,115.0,100.0,-37
35.56,96.0,17.0,82.0,100.0,-45
37.39,81.0,22.0,132.0,99.0,-17
37.44,59.0,20.0,121.0,100.0,-26
37.78,125.0,32.0,105.0,92.0,-47
36.78,72.0,15.0,117.5,92.0,12
36.56,62.0,15.0,117.0,99.0,-14
36.4,66.0,16.0,133.0,100.0,-27
37.72,110.0,28.0,164.0,99.0,9
35.89,72.0,19.0,126.5,100.0,21
37.56,62.0,16.5,97.0,100.0,-30
37.33,93.0,13.0,111.0,99.0,154
36.89,79.5,22.5,139.5,97.0,23
36.67,94.0,38.0,97.0,90.0,-19
35.25,80.0,9.5,131.0,100.0,-13
39.22,113.0,25.0,133.0,96.0,-44
34.67,47.0,18.0,127.0,100.0,-7
36.1,60.0,14.0,93.5,100.0,-18
36.44,68.0,16.0,154.0,100.0,-16
37.28,71.5,31.5,89.5,98.5,-22
37.61,97.0,28.0,110.0,99.0,-56
39.83,121.5,19.0,100.0,98.5,82
35.56,117.0,15.0,116.0,100.0,-29
36.0,90.0,25.0,159.0,99.0,-8
35.44,68.0,18.0,161.75,98.0,-21
37.67,67.0,11.0,137.0,98.0,-23
36.44,68.0,12.0,117.0,95.0,-55
35.6,82.0,12.25,135.0,99.0,-32
36.56,89.0,13.0,173.0,95.0,-42
36.39,80.0,14.0,106.0,93.0,-32
37.44,56.0,18.0,112.0,98.5,-55
36.67,71.0,25.0,143.0,100.0,-50
35.94,101.0,14.0,138.0,100.0,-30
37.11,63.5,10.0,102.0,97.5,-52
37.47,94.0,20.0,106.0,99.0,12
35.0,81.5,11.0,154.0,100.0,-28
35.28,43.0,14.0,177.0,100.0,-42
37.17,71.0,15.0,142.5,99.0,-33
34.9,90.0,14.0,87.0,100.0,-38
37.72,86.0,17.5,123.0,100.0,16
37.19,92.0,14.5,122.5,100.0,-23
35.89,63.0,15.0,124.0,100.0,-330
37.28,90.0,25.0,132.0,99.0,24
38.17,121.0,28.5,91.5,99.0,-33
37.94,112.0,22.0,138.0,99.0,-43
37.72,111.0,16.0,91.0,100.0,-45
36.8,84.0,14.0,99.0,100.0,-45
35.72,76.0,16.5,141.0,100.0,-38
36.78,93.0,18.0,122.0,99.0,-50
35.25,72.5,14.5,114.5,100.0,-17
36.9,94.0,12.0,118.0,100.0,-27
35.5,59.0,14.0,119.0,97.0,-34
36.39,66.0,29.0,130.0,99.0,-17
37.0,68.0,12.0,98.0,99.0,-40
34.83,121.0,15.0,89.0,100.0,-38
36.78,67.5,26.5,113.25,96.5,-36
36.17,101.0,21.0,102.0,96.0,-14
36.72,63.0,13.0,171.0,100.0,-23
36.83,79.0,12.0,116.0,100.0,-22
36.22,83.0,18.0,123.0,100.0,-38
38.0,88.0,10.0,147.0,100.0,-48
36.22,100.0,19.0,90.0,98.0,46
38.39,120.0,18.0,149.0,98.0,-53
35.75,56.0,12.0,109.0,100.0,-45
36.89,106.0,21.0,81.25,96.5,12
35.94,84.0,15.0,128.0,96.0,-34
36.28,65.0,21.0,134.0,97.0,38
35.9,81.0,14.0,131.5,100.0,-14
36.5,81.0,14.5,119.0,99.5,-1
37.28,93.0,20.0,114.0,97.0,-21
37.28,91.5,15.0,82.0,99.0,-17
35.5,77.5,12.0,108.0,98.0,-15
37.11,98.0,32.0,88.0,100.0,-44
35.3,80.0,10.0,119.0,99.0,-13
37.2,100.0,10.0,127.0,100.0,-43
35.89,103.0,17.0,140.0,94.0,-20
36.17,79.5,16.5,172.0,99.0,-37
35.55,76.5,14.0,102.0,100.0,-40
37.61,110.0,11.0,103.0,97.0,-39
36.28,68.0,22.0,120.0,97.0,-16
36.56,77.0,19.0,155.0,100.0,-38
37.17,108.0,10.0,107.0,93.0,-50
32.83,62.5,16.0,114.5,100.0,-36
35.89,76.0,19.0,109.0,98.0,-32
36.44,52.5,15.5,129.5,100.0,118
36.61,60.0,19.0,122.0,100.0,-9
36.9,71.0,23.0,131.0,100.0,-8
36.39,81.0,18.0,98.0,97.0,-31
37.28,90.0,19.0,187.0,100.0,-13
35.5,90.5,15.5,97.0,96.5,-56
37.83,108.0,14.0,126.0,97.0,0
37.11,89.5,14.5,139.5,100.0,-30
36.75,99.0,11.0,126.5,100.0,-36
37.17,100.0,12.0,116.0,100.0,-11
36.89,83.0,22.0,115.0,97.0,-37
37.39,59.0,17.0,133.0,95.0,-51
36.15,81.0,12.0,123.0,100.0,-35
37.61,107.0,15.0,134.0,96.0,-21
36.33,82.0,20.0,125.0,99.0,-31
35.89,94.0,14.0,96.0,95.0,-52
36.83,78.5,14.5,102.0,97.0,-37
37.17,60.0,8.0,158.0,98.0,0
36.67,90.0,18.0,147.0,100.0,-42
36.33,96.0,23.0,92.5,100.0,98
36.89,73.0,10.0,137.0,96.0,-47
37.22,68.0,17.0,119.0,100.0,22
35.83,96.0,19.0,104.0,98.0,-52
34.78,85.0,15.0,125.0,91.0,-40
35.2,86.5,14.0,99.0,100.0,0
35.31,63.5,14.0,135.0,100.0,-12
36.8,96.0,14.0,116.0,100.0,-33
36.3,88.5,12.5,103.5,99.5,-52
35.6,79.5,14.0,115.5,100.0,-12
36.94,98.0,18.0,124.0,100.0,-15
36.67,89.0,16.5,120.0,95.5,7
36.72,105.5,13.0,151.5,97.0,-43
36.56,66.0,14.0,112.5,99.0,-13
37.17,66.0,21.0,190.0,98.0,-43
37.39,99.0,13.0,113.0,96.0,10
37.61,89.0,10.0,102.0,96.0,-30
37.28,81.0,15.0,140.0,98.0,-39
36.44,58.0,13.5,146.0,99.0,-20
37.11,78.5,18.0,136.0,100.0,-32
38.06,75.0,18.5,123.0,98.0,-38
37.22,64.0,13.5,130.0,100.0,-16
38.3,94.0,20.0,149.0,92.0,-39
35.5,91.0,19.0,146.0,99.0,40
36.61,66.0,12.0,144.0,100.0,-38
37.78,77.0,28.0,116.0,99.0,63
34.06,69.0,14.0,87.5,98.0,-42
35.89,62.0,22.0,134.0,99.0,-33
36.95,77.0,13.0,98.0,98.0,-24
36.0,110.0,24.0,116.0,98.0,-27
36.56,71.0,14.0,97.0,100.0,-33
37.61,82.0,13.0,131.0,96.0,-21
37.0,81.0,19.0,139.0,98.0,-21
37.94,85.0,23.0,114.0,96.0,-37
36.11,62.0,13.0,134.0,99.0,-16
37.28,115.0,13.0,207.0,99.0,-33
36.11,96.0,15.0,130.0,95.0,-16
37.06,113.0,17.0,104.0,96.0,-38
36.0,53.0,12.0,111.0,97.0,-13
36.72,105.0,13.0,109.0,100.0,52
37.22,84.5,23.0,95.5,95.5,-29
36.11,83.0,13.0,108.0,94.0,-34
38.17,99.0,21.0,107.0,99.0,156
36.83,89.0,14.0,120.5,100.0,28
36.67,63.0,17.0,93.0,100.0,-55
36.89,74.0,15.0,130.5,96.0,-12
36.11,81.0,23.0,114.0,93.0,-10
36.78,87.0,13.0,90.0,99.0,-26
36.83,119.0,20.0,141.0,95.0,160
36.89,91.0,15.0,97.5,94.0,-40
35.92,93.5,17.0,140.0,100.0,-25
36.78,77.0,17.0,128.0,93.0,-4
36.89,88.0,17.5,82.75,91.0,-36
37.89,89.5,18.0,128.5,100.0,-44
36.89,71.0,16.0,106.5,94.0,-39
37.28,76.0,22.0,90.0,96.0,-33
40.06,114.0,34.0,104.0,97.0,-45
36.28,69.0,12.0,120.0,100.0,-31
37.5,79.0,25.0,101.0,98.0,-41
37.06,60.0,14.0,114.0,99.0,-46
36.61,83.0,7.0,105.0,99.0,-19
37.17,84.5,17.0,108.5,100.0,-18
36.17,98.0,18.0,88.0,100.0,-29
35.6,88.0,10.0,126.0,100.0,-36
36.28,91.0,20.0,119.5,100.0,16
36.0,88.5,14.0,110.0,100.0,-44
36.3,100.0,13.5,106.5,98.0,-58
37.06,85.0,18.0,115.0,99.0,-44
37.0,106.0,12.0,123.5,99.0,-43
37.11,98.0,32.0,112.0,99.0,-36
36.5,80.0,19.0,151.0,97.0,-16
37.8,91.0,27.0,80.0,99.0,-40
36.06,70.5,20.0,115.5,97.5,-10
36.72,71.0,16.0,109.0,100.0,-48
36.67,117.0,24.0,140.0,97.0,-11
36.5,97.0,21.0,128.0,93.0,-39
37.8,68.0,16.0,112.0,99.0,-8
36.78,69.5,18.5,100.5,97.0,-32
36.94,96.0,23.0,96.0,95.0,-20
37.33,78.0,18.0,129.5,100.0,-20
36.17,63.0,19.0,155.0,98.0,-38
37.89,108.0,16.0,167.0,99.0,-41
36.94,57.0,18.0,102.0,98.0,-49
37.78,81.0,22.0,129.0,98.0,-12
36.3,80.0,10.0,118.0,100.0,-21
37.22,83.0,16.0,107.0,99.0,-33
37.1,76.0,19.0,171.5,96.5,-15
37.0,91.0,13.0,111.0,100.0,-22
36.89,88.0,19.0,95.0,99.0,-53
36.72,90.0,8.0,104.5,100.0,-32
36.28,59.0,20.0,103.0,100.0,-10
37.06,65.0,17.0,143.0,95.0,-35
36.44,93.0,12.0,179.0,100.0,-39
36.11,86.0,22.0,116.0,100.0,-26
36.61,93.0,21.0,136.0,96.0,-13
36.61,90.0,28.0,140.0,97.0,16
36.78,90.0,34.0,96.0,100.0,-31
36.0,80.0,13.5,118.5,100.0,-26
35.2,90.5,11.0,98.0,100.0,-25
37.78,71.0,15.0,124.0,95.0,-16
37.11,94.0,26.0,88.0,94.0,-51
36.55,82.0,14.0,129.0,100.0,-21
36.44,80.0,12.0,127.5,100.0,-19
36.94,62.0,15.0,126.0,96.0,-30
36.89,70.0,19.0,99.0,94.0,-5
36.44,76.0,27.0,118.0,100.0,-17
36.33,78.0,20.0,122.0,96.0,-12
36.17,80.0,27.5,127.0,100.0,-52
37.78,86.0,15.0,149.0,97.0,-26
36.89,86.0,22.0,141.0,96.0,-26
36.72,86.5,10.0,111.0,100.0,-6
35.61,84.5,14.5,92.5,94.5,-49
36.28,80.0,16.0,187.0,97.0,-50
36.89,120.0,10.0,168.0,100.0,-36
35.67,68.0,15.0,143.0,99.0,-51
36.72,75.0,20.0,98.0,97.0,-40
37.94,81.0,23.0,124.0,97.0,-23
35.44,78.5,11.5,114.5,100.0,-57
35.9,92.0,16.0,107.5,100.0,-15
36.83,82.5,20.5,131.0,100.0,-13
36.89,88.0,19.5,110.0,98.0,-26
36.33,62.0,14.0,143.0,99.0,-45
35.56,68.0,16.0,136.0,99.0,-47
35.89,78.0,20.0,130.0,98.0,-14
36.0,105.0,17.0,125.0,99.0,-39
35.45,74.0,10.5,123.0,100.0,-19
39.17,133.0,30.5,145.0,98.5,-41
36.94,73.0,16.5,127.0,93.0,-45
36.67,54.0,14.0,119.0,97.5,-51
36.39,76.5,20.5,159.5,100.0,66
36.22,75.0,22.0,117.0,96.0,-27
35.22,69.0,32.0,93.5,100.0,-23
36.94,126.5,26.0,148.0,96.0,-47
36.0,77.5,17.5,182.0,97.5,-57
38.06,75.0,12.0,133.0,93.0,-52
37.2,88.5,5.0,101.5,99.0,-50
37.0,92.0,18.0,119.0,97.0,-44
36.78,92.0,16.0,121.0,100.0,-38
34.85,71.0,14.0,100.5,100.0,-18
36.0,94.0,19.0,151.0,91.0,-19
36.92,62.5,12.0,111.0,100.0,-46
37.44,111.0,21.0,109.5,96.0,20
36.45,87.0,10.0,122.5,98.0,-23
36.72,43.0,10.0,126.0,99.0,-26
37.22,63.0,20.0,133.0,98.0,-37
36.17,99.0,22.0,139.0,92.0,-33
37.5,75.0,16.0,122.0,99.0,-55
36.28,77.0,18.0,172.0,100.0,-22
36.06,76.0,17.0,168.0,94.0,-41
36.83,66.0,17.0,166.0,96.0,-12
36.6,109.0,12.0,116.0,100.0,-18
36.0,48.0,11.0,139.0,100.0,-24
37.06,68.0,23.5,121.0,97.5,-26
36.9,68.5,11.5,114.5,94.0,-42
35.56,81.0,18.0,109.0,98.0,-35
35.44,70.0,23.0,84.0,99.0,19
36.67,89.0,14.0,112.0,100.0,-10
38.28,113.0,21.0,118.0,96.0,32
36.78,85.0,24.0,119.0,99.5,-37
36.78,87.0,24.0,99.0,96.0,-12
36.5,61.0,15.0,116.0,100.0,0
36.56,77.0,15.0,110.0,95.5,-31
36.61,87.0,21.0,101.0,96.0,-36
38.1,86.0,19.0,160.0,100.0,-51
37.33,87.0,18.5,100.5,100.0,-24
36.83,98.0,22.0,132.0,99.0,-16
35.9,80.0,8.75,99.0,99.0,-23
36.37,103.0,12.5,137.0,100.0,-30
36.44,82.0,17.0,117.0,100.0,-9
36.78,93.0,12.0,112.0,99.0,-53
36.05,74.0,14.0,105.0,100.0,-30
37.39,95.0,17.0,83.0,99.0,-25
39.11,94.0,31.0,138.0,94.0,-57
36.17,71.0,22.0,137.5,99.0,-40
38.39,98.0,14.0,144.0,100.0,-31
37.06,102.0,16.0,130.0,100.0,-43
36.5,53.0,23.0,90.0,95.5,-14
36.1,81.0,13.0,91.0,99.5,-22
37.11,78.0,15.0,104.0,99.0,-11
36.11,88.0,12.0,106.0,100.0,-27
37.28,107.0,18.0,108.0,100.0,-31
37.0,54.5,15.5,120.5,96.0,-16
36.22,91.0,13.0,100.0,97.0,-51
36.8,76.5,12.0,140.5,100.0,-48
36.5,82.0,17.0,153.0,98.0,80
36.11,76.5,16.0,143.5,100.0,-49
36.17,78.0,16.0,130.0,94.0,-50
36.11,67.0,12.0,110.0,100.0,-12
36.56,95.0,15.0,181.0,99.0,4
36.83,59.0,18.5,106.0,100.0,-42
36.05,83.0,15.0,115.0,100.0,-18
35.33,73.0,20.0,172.0,100.0,-43
37.0,106.0,19.5,151.0,100.0,-51
35.8,77.0,15.5,102.0,100.0,-18
36.67,77.0,14.0,117.0,100.0,-39
36.61,70.0,18.0,141.0,98.0,-3
37.72,101.0,28.0,99.0,98.0,-47
34.5,82.0,17.0,123.0,100.0,-33
36.33,80.0,16.0,127.0,97.0,-19
37.0,89.0,13.0,111.0,94.0,-53
36.78,85.0,12.0,123.0,100.0,-17
36.89,82.0,30.0,116.0,100.0,0
37.0,83.0,14.0,135.5,100.0,-43
35.56,82.5,15.5,101.5,100.0,-47
36.44,59.0,16.0,105.0,98.0,-35
36.56,87.0,16.0,94.0,100.0,-20
36.89,97.0,15.0,103.5,98.0,-34
35.56,59.0,15.0,96.0,99.0,-13
37.06,65.0,10.0,129.0,98.0,-37
38.89,100.5,27.0,99.0,99.0,-39
37.33,75.5,16.0,94.5,100.0,-37
36.89,82.0,12.0,178.0,94.0,-44
36.22,62.0,14.0,108.0,100.0,-8
36.56,77.0,25.0,122.5,99.0,-31
37.0,101.0,16.0,106.0,96.0,-35
37.2,78.0,14.0,108.0,100.0,-48
37.56,100.5,30.0,116.5,96.0,-40
36.39,56.0,14.5,109.0,98.5,-23
36.44,64.0,18.5,113.5,100.0,-36
36.89,88.0,16.0,142.0,98.0,-38
38.28,113.0,24.0,137.0,96.0,-36
36.83,97.0,18.0,122.0,98.0,-24
33.89,104.0,14.0,92.0,100.0,-26
35.7,76.0,14.0,105.5,100.0,-56
37.72,88.0,17.0,106.0,98.0,-38
36.17,119.5,16.0,94.5,100.0,-51
38.44,77.0,24.0,140.0,97.0,-45
36.72,82.0,8.0,157.0,95.0,-29
37.0,72.0,24.0,114.0,94.0,-25
35.5,97.0,12.0,101.0,100.0,36
37.83,85.0,18.0,160.0,100.0,-54
36.33,67.0,20.0,124.0,97.0,-34
36.44,105.0,29.0,112.0,95.0,-36
36.0,103.0,22.0,115.0,100.0,129
36.72,83.0,9.0,134.0,100.0,104
37.83,104.0,18.0,103.0,100.0,7
36.11,91.0,13.0,149.0,99.5,-51
36.5,91.0,13.0,116.0,99.0,-21
36.7,81.0,18.0,109.0,100.0,-34
36.11,98.0,29.0,119.0,100.0,48
36.5,84.0,14.0,123.0,100.0,-15
35.67,61.0,18.0,150.0,100.0,-33
37.1,84.0,14.0,130.5,100.0,-35
36.83,81.0,15.0,116.0,100.0,-52
37.44,90.0,23.0,105.0,94.0,-23
37.67,110.5,16.0,116.5,97.0,29
36.83,90.5,16.0,138.5,97.0,-51
35.6,87.0,10.0,109.0,100.0,-45
36.33,70.0,18.0,156.0,98.0,-34
36.22,66.0,24.0,93.0,96.0,0
35.45,96.0,13.0,144.0,100.0,-44
37.67,87.0,14.0,124.0,96.0,-43
35.0,64.0,12.0,112.0,100.0,-40
36.89,73.0,28.0,113.0,100.0,-15
36.67,70.0,15.0,138.0,96.0,-30
37.83,88.0,18.0,126.0,99.0,-29
35.94,69.0,15.5,107.5,94.5,-20
36.72,71.0,14.5,122.75,100.0,-19
35.94,89.5,12.0,128.0,100.0,-15
36.67,80.0,17.0,127.5,100.0,-22
37.11,71.5,17.0,88.5,98.0,-40
36.83,74.0,33.0,121.0,100.0,-36
37.39,77.0,21.5,134.0,100.0,-33
37.2,90.0,10.0,131.0,100.0,-43
36.33,79.5,20.0,161.0,100.0,-23
36.0,83.5,14.0,105.0,100.0,-14
36.89,77.0,16.75,93.5,100.0,-48
36.39,108.0,22.0,129.0,100.0,-45
37.17,89.0,17.0,112.0,97.0,-32
38.39,88.0,12.0,115.5,100.0,-43
37.0,65.0,15.0,112.0,100.0,-42
35.6,81.0,14.0,115.0,100.0,-39
37.17,88.0,20.0,143.0,100.0,-40
37.83,81.0,20.0,91.0,96.0,-44
37.56,96.5,20.0,140.0,99.0,-19
35.56,85.0,22.0,122.0,98.0,-42
36.94,82.0,12.0,118.0,100.0,-40
35.3,70.0,14.75,110.5,100.0,-21
37.28,86.0,31.0,116.0,97.0,-43
36.28,79.0,19.0,116.0,99.0,-46
37.3,77.0,19.0,139.0,99.0,-39
36.9,80.0,15.0,107.5,97.0,-43
36.22,59.0,11.0,87.0,91.0,-43
36.0,81.0,22.0,106.0,93.0,-38
36.39,101.0,20.0,130.0,100.0,-36
36.22,102.0,10.0,99.0,97.0,-17
35.11,102.0,14.0,86.0,98.0,-1
36.94,88.0,22.0,123.0,95.0,-43
36.56,57.0,14.0,97.0,93.0,-43
37.22,95.0,14.0,134.0,95.0,-39
36.56,109.0,17.5,109.5,98.5,-48
37.22,71.0,19.0,115.0,100.0,-42
35.4,88.0,15.0,74.0,97.0,-56
37.17,99.0,12.0,127.0,94.5,0
38.0,94.0,16.0,120.0,100.0,-32
37.0,87.5,16.5,134.0,97.5,-36
35.94,76.0,11.0,89.0,97.0,-52
35.33,78.0,10.0,106.0,100.0,-16
37.22,80.0,15.0,150.0,95.0,-14
37.39,75.0,15.0,118.0,100.0,-24
36.39,105.0,19.0,115.0,100.0,-46
35.56,70.0,14.0,126.0,100.0,-55
37.78,58.0,18.0,124.0,95.0,-72
36.39,124.5,17.0,84.75,99.0,-36
35.56,77.0,25.0,125.0,94.0,-36
36.33,88.5,17.0,116.0,96.5,-44
35.61,85.0,15.0,90.0,99.0,-52
37.94,103.0,19.0,121.0,95.0,-40
35.22,75.0,60.0,105.0,100.0,-12
37.0,85.0,12.0,125.0,96.0,-47
36.83,96.0,14.0,159.5,99.0,-30
36.56,61.0,15.0,135.0,98.0,-21
36.5,94.0,22.0,156.0,88.0,-45
37.44,95.0,19.0,153.0,93.0,-24
37.5,92.0,24.0,162.0,98.0,-36
37.7,81.5,14.0,112.5,100.0,-37
37.83,99.0,16.0,102.0,92.5,-50
37.33,85.0,20.0,128.0,92.0,-25
37.19,82.0,16.5,97.5,100.0,-30
35.0,84.5,16.0,162.0,96.0,-18
36.7,82.0,21.5,102.0,100.0,-20
37.5,82.0,17.5,91.5,99.0,-52
38.0,105.5,18.0,131.0,100.0,-54
35.7,86.5,14.5,109.0,100.0,-44
36.06,65.5,12.0,86.5,100.0,-39
35.5,98.0,23.5,141.0,100.0,-39
34.8,87.5,16.0,89.25,99.5,-46
35.56,84.0,18.0,142.0,99.0,-34
34.72,70.0,14.0,89.0,98.0,-48
36.28,88.0,13.0,114.5,95.0,-25
35.85,87.0,14.0,116.0,99.5,-24
37.78,105.0,24.0,141.0,96.0,-34
36.3,59.0,15.0,127.0,98.0,-48
36.78,78.0,14.0,102.0,97.0,-50
37.22,82.0,17.0,137.0,98.0,-2
37.94,129.0,19.0,100.0,94.0,-38
37.67,95.0,14.0,119.0,100.0,-40
36.33,65.0,15.0,162.0,97.0,-38
36.83,76.0,15.0,128.0,100.0,-42
35.89,51.0,17.0,98.0,98.0,-14
36.94,71.0,14.0,95.0,98.0,-55
37.39,119.0,18.0,108.0,96.0,-22
36.8,96.0,12.0,131.0,100.0,-17
38.22,106.0,10.0,106.0,94.0,6
36.44,74.0,18.0,83.0,97.0,-37
36.89,71.0,24.5,104.0,100.0,-52
36.28,86.5,15.5,135.5,99.0,-36
36.44,62.0,12.0,142.0,100.0,52
38.06,101.0,22.0,135.0,95.0,33
36.2,100.0,12.0,134.0,100.0,-36
37.56,85.0,21.0,146.0,98.0,-19
37.67,68.0,15.0,126.0,94.0,-44
36.44,127.0,27.0,126.0,100.0,0
36.28,75.0,14.0,117.0,100.0,-56
36.44,98.0,14.0,109.0,100.0,-23
37.11,75.0,26.0,107.0,99.0,-41
35.67,77.0,20.0,90.0,96.0,-42
35.56,106.0,27.0,133.0,96.0,-36
37.15,72.5,12.0,130.5,100.0,-43
36.5,88.0,10.0,103.0,100.0,-23
36.06,66.0,16.0,119.0,98.0,-37
35.92,76.5,12.0,108.0,100.0,-14
37.89,88.0,14.0,91.0,100.0,-45
35.28,59.0,14.0,98.0,100.0,-11
36.94,90.0,20.0,127.0,100.0,-11
36.15,81.0,14.0,114.0,100.0,-22
38.11,80.0,18.0,130.0,100.0,-36
39.28,119.0,17.0,112.0,93.0,-53
36.89,104.0,23.0,133.0,100.0,-11
36.89,63.0,20.0,98.0,95.0,-20
36.78,99.0,15.0,121.0,100.0,21
37.39,85.0,10.0,118.0,96.0,-45
37.44,76.0,23.0,121.0,100.0,-17
35.61,90.0,11.0,105.0,100.0,-36
37.44,73.0,14.0,122.0,99.0,-40
36.67,85.5,16.0,117.5,96.5,-10
36.65,97.5,14.0,99.0,100.0,2
37.33,68.0,16.0,129.0,95.0,-49
36.78,102.0,14.0,97.0,100.0,-32
37.06,80.0,19.5,115.0,95.0,-43
36.06,72.0,17.5,151.0,96.5,-2
36.83,78.0,15.0,132.0,96.0,-50
37.17,112.0,18.0,97.0,98.0,-18
36.17,118.0,22.0,127.0,100.0,-13
41.97,176.5,28.5,90.0,100.0,-41
35.83,80.0,16.0,97.0,100.0,-23
35.89,107.0,16.0,91.0,95.0,-31
36.39,91.0,18.0,139.0,100.0,-15
37.33,94.0,22.0,138.0,100.0,-20
36.83,82.0,13.0,133.0,96.0,-11
36.67,79.0,18.0,105.0,98.0,-37
36.78,94.0,17.5,96.0,98.0,176
35.94,84.0,18.0,89.0,99.0,-14
37.0,73.0,14.0,101.0,97.0,-21
36.56,66.5,25.0,127.0,99.5,-50
36.06,84.0,20.0,108.0,99.0,-42
36.56,64.0,17.0,151.0,97.0,-17
37.94,73.0,14.0,97.0,100.0,-49
36.11,60.0,19.0,132.0,100.0,-56
36.78,68.0,18.0,130.0,97.0,-11
36.28,67.0,17.0,113.0,99.0,-19
35.67,73.0,20.0,140.0,100.0,-22
37.89,81.0,17.0,139.0,100.0,-56
36.7,114.5,14.0,97.5,98.0,-50
35.83,92.5,15.0,100.0,98.0,-17
36.78,66.0,19.0,138.0,98.0,-27
35.5,57.0,14.0,98.0,97.0,-15
35.4,80.5,12.0,122.0,100.0,-20
36.5,83.0,12.0,101.0,100.0,-47
36.89,67.0,14.0,120.0,100.0,-16
35.56,81.0,19.0,126.0,100.0,-126
36.39,63.0,16.0,161.0,98.0,-53
38.0,106.0,17.0,116.0,97.0,-35
36.72,102.0,19.0,99.0,100.0,-42
37.28,82.0,17.0,93.0,92.0,-23
35.78,86.0,18.0,106.0,100.0,-7
36.44,62.0,20.5,112.0,96.0,-43
37.61,111.5,16.5,113.0,90.0,46
37.0,62.0,15.0,106.0,100.0,-42
36.89,97.0,6.5,150.0,99.5,-38
35.8,81.0,10.0,109.0,100.0,-22
37.72,80.5,13.0,158.0,100.0,-46
37.33,92.5,17.0,106.0,98.5,23
36.11,45.0,15.0,100.0,100.0,-33
35.67,86.0,23.0,119.0,97.0,-45
39.0,113.0,29.0,140.0,93.0,-14
36.67,74.0,16.0,100.0,96.0,-12
37.72,93.0,16.0,136.0,100.0,-15
35.95,74.0,15.0,123.0,100.0,-13
37.39,96.0,15.0,140.0,98.0,-25
36.67,106.0,19.0,136.0,94.0,-50
36.67,66.0,19.5,133.0,95.0,-38
36.5,77.0,21.0,102.0,92.0,-37
35.89,100.0,20.0,112.0,89.0,-52
37.1,84.0,14.5,112.0,100.0,-14
35.22,102.0,14.0,117.0,100.0,-17
36.17,78.0,12.0,118.0,99.0,-16
37.17,82.5,18.5,163.5,96.0,-40
36.11,114.0,20.5,122.0,93.0,-50
37.22,72.0,15.0,147.0,97.0,-38
36.94,78.5,13.5,106.5,94.5,-20
36.67,60.0,13.0,123.0,100.0,-39
38.83,114.0,19.0,132.0,99.0,-15
35.44,100.0,10.0,122.0,100.0,-39
36.56,84.0,26.0,136.0,93.5,-38
36.6,99.0,16.0,123.0,100.0,-15
35.61,72.0,24.0,127.0,96.0,-14
36.2,88.0,12.0,117.5,100.0,-15
38.89,90.0,19.0,167.0,99.0,-51
38.06,127.0,20.0,133.0,94.0,23
36.83,88.0,13.0,148.0,99.0,-10
37.11,72.0,20.0,136.0,100.0,-37
37.39,82.5,16.25,165.5,100.0,-49
36.35,77.0,16.0,92.0,100.0,0
35.6,70.0,13.0,108.0,100.0,-37
35.5,113.0,23.0,117.0,93.0,-45
36.11,90.0,20.0,138.0,100.0,-10
35.4,84.0,19.5,104.0,96.5,-33
36.05,84.0,18.0,125.0,100.0,-31
36.58,95.0,17.75,109.0,100.0,-20
36.8,110.0,12.0,111.0,95.0,-45
35.83,38.0,15.0,94.0,100.0,-52
36.56,95.0,21.0,105.0,97.0,-23
35.6,49.5,16.0,148.0,99.0,-41
36.11,73.0,16.0,93.0,100.0,-20
37.33,77.5,19.0,89.5,94.0,-54
36.83,76.0,16.5,106.0,95.5,-47
36.67,95.0,22.0,96.0,97.0,-42
35.6,82.0,13.0,118.0,100.0,-38
36.28,111.0,21.0,117.0,98.0,-44
36.44,95.0,14.0,99.0,84.0,-38
36.89,80.0,14.0,131.0,100.0,-34
36.28,111.0,18.0,100.0,100.0,-38
37.44,77.0,22.5,127.5,98.0,-37
37.56,75.0,18.0,106.0,96.0,-30
36.0,89.0,10.0,134.0,100.0,-11
36.25,82.0,12.0,119.5,100.0,-56
36.89,79.0,18.0,104.0,98.0,-6
38.4,124.0,32.0,95.5,94.0,-48
36.11,93.0,32.0,117.0,96.0,-29
36.56,113.0,16.0,80.0,100.0,0
37.83,67.0,10.0,138.0,100.0,-38
36.94,90.0,18.0,108.0,98.0,-36
37.06,129.0,27.0,113.0,96.0,-23
36.11,76.0,15.0,90.0,96.0,-37
36.5,71.0,13.0,114.0,100.0,-38
36.2,80.0,12.0,113.5,96.5,-45
38.39,84.0,19.0,113.5,97.0,102
36.2,89.0,14.0,129.0,100.0,-13
36.5,93.0,10.0,105.0,99.5,-23
37.17,81.0,28.0,28.0,85.0,-36
35.0,80.0,12.0,127.0,100.0,-20
36.56,52.0,12.0,142.5,100.0,-33
37.56,117.0,19.5,81.75,93.0,-22
37.67,93.0,16.0,142.0,100.0,-53
38.0,109.0,19.0,117.0,95.0,-57
36.89,86.0,22.0,105.5,100.0,-39
40.06,149.5,29.0,94.5,92.5,-29
35.2,72.0,12.0,112.0,100.0,-23
39.06,115.0,34.0,165.0,95.5,90
37.33,124.0,22.0,112.0,100.0,-21
36.0,74.0,21.0,126.0,99.0,-34
36.83,75.5,12.0,118.0,90.5,-46
36.78,55.0,18.0,177.0,97.0,-46
36.72,89.0,26.0,159.0,95.0,-11
36.39,83.0,18.0,88.0,98.0,-43
34.44,130.0,19.0,87.0,97.0,-12
36.39,69.0,16.0,129.0,100.0,-20
38.39,113.0,19.0,113.0,94.0,-38
36.5,63.0,13.0,198.5,97.0,-46
37.28,110.0,14.0,101.0,100.0,-34
35.94,58.0,14.0,120.0,100.0,-164
35.22,61.0,17.0,116.0,100.0,-7
36.44,101.0,14.25,98.0,97.5,-50
37.56,131.0,16.0,85.0,97.0,-41
35.61,83.0,16.5,125.0,100.0,-23
37.0,87.0,22.0,127.0,96.0,-12
35.67,68.0,16.0,100.0,97.0,-18
36.22,90.0,16.0,167.0,100.0,-24
36.83,73.0,22.0,94.0,96.0,-19
36.5,88.0,20.0,121.0,99.0,-32
36.56,85.0,14.0,87.0,97.0,-45
34.72,138.0,19.0,111.0,100.0,-36
34.3,68.0,10.0,128.0,99.0,-20
35.33,96.0,28.0,95.0,99.0,-35
37.17,75.0,14.0,131.0,98.0,-16
37.06,73.0,19.0,132.0,100.0,-37
36.28,72.0,14.0,148.0,100.0,-44
38.0,104.0,19.0,120.0,96.0,-20
36.7,88.0,12.0,99.0,92.5,-39
38.75,102.5,16.5,86.0,100.0,-45
36.33,91.0,14.0,174.0,98.0,-13
36.28,101.0,25.0,138.0,100.0,-44
36.72,68.0,18.0,149.0,99.0,-55
36.44,72.0,17.0,108.0,93.0,-37
36.81,125.0,24.0,136.0,96.5,-40
35.7,75.0,14.0,118.0,100.0,-31
37.1,92.0,13.0,128.0,97.0,-13
37.61,120.0,18.0,107.0,97.0,-53
36.44,81.0,8.0,92.0,98.0,-17
36.61,115.0,28.0,113.0,92.0,-37
37.5,85.0,11.0,122.0,100.0,-26
37.17,72.0,17.0,125.0,98.0,-13
36.56,76.0,16.0,99.0,99.0,-44
36.5,63.0,17.0,153.0,98.0,-49
37.28,138.0,23.0,154.5,98.5,-28
37.11,80.0,24.0,122.0,97.0,-11
36.5,58.0,14.0,121.0,97.0,-38
35.56,69.5,15.0,119.5,94.5,-48
37.2,80.0,10.0,125.0,100.0,-42
37.33,82.0,26.0,150.0,98.0,-21
36.67,76.0,17.0,113.0,93.0,-22
38.06,63.0,24.0,131.0,97.0,-42
36.28,81.0,8.0,146.0,100.0,-22
36.0,74.0,14.0,113.0,99.0,-24
37.22,97.0,14.0,126.0,96.0,-16
37.11,76.0,19.0,171.0,94.0,-45
36.66,68.0,10.0,111.0,100.0,-32
38.33,127.0,18.0,114.0,99.0,-9
38.67,112.0,25.5,149.0,96.0,-39
37.06,65.0,20.0,107.0,92.0,-39
38.17,111.0,12.0,111.0,99.5,37
35.56,86.0,23.0,120.0,94.0,-35
37.11,99.0,19.5,102.0,100.0,-33
36.89,92.0,15.0,114.0,94.0,-25
36.17,61.0,14.0,116.0,100.0,-14
35.89,122.0,16.0,116.0,100.0,-40
36.44,64.0,19.0,123.0,97.0,-26
37.78,104.0,15.0,136.5,100.0,-39
35.56,86.0,16.0,121.0,97.0,-8
35.72,71.0,18.0,113.0,100.0,-6
36.78,87.0,20.0,126.0,96.0,-55
37.06,62.0,12.0,163.0,97.0,-45
34.94,80.0,14.0,96.0,100.0,-21
36.44,101.0,18.0,129.5,100.0,-41
37.11,129.0,12.0,101.5,99.0,-36
37.28,93.0,18.0,114.0,100.0,-23
36.4,92.0,19.5,117.0,100.0,-56
35.0,64.0,16.0,158.5,97.0,-40
37.1,85.0,11.5,123.5,100.0,-18
35.44,90.5,12.0,125.0,100.0,-34
35.78,100.0,9.0,123.0,100.0,-7
36.67,93.0,14.0,143.0,100.0,-38
36.39,76.0,19.0,97.0,99.0,-43
35.28,92.0,12.0,112.0,100.0,-23
36.61,78.0,13.0,127.0,97.0,8
38.22,95.0,19.0,124.0,100.0,-24
35.2,84.0,10.0,130.0,100.0,-34
36.11,82.0,21.0,166.0,94.0,-45
36.89,97.0,16.0,105.0,97.0,-35
36.89,77.0,18.0,138.0,96.0,-31
36.1,70.0,14.0,166.0,100.0,-42
37.28,103.0,12.0,110.0,100.0,-56
36.39,83.0,22.0,103.0,98.0,-15
35.33,64.0,15.0,99.0,100.0,-41
37.11,62.0,24.0,146.0,100.0,-46
36.17,62.0,13.5,123.0,94.0,-56
36.67,87.0,16.0,112.0,97.0,-40
37.17,59.0,10.25,158.75,99.0,-40
36.5,92.0,20.0,97.0,97.0,-13
36.17,66.0,13.5,88.0,95.0,-16
36.44,72.0,10.0,145.0,98.0,-51
37.06,85.0,18.0,151.5,96.0,-47
37.0,75.0,12.0,119.0,100.0,-6
37.11,96.0,24.0,151.0,100.0,-18
38.0,62.0,17.0,112.0,100.0,-12
36.67,82.0,17.0,128.0,99.0,0
35.56,64.0,14.5,110.5,97.5,-8
36.39,122.0,20.5,114.0,98.5,-29
37.44,77.0,15.0,108.0,98.0,-35
35.89,85.0,19.0,109.0,98.0,-19
36.6,115.5,16.0,81.5,93.5,-43
36.89,65.0,21.0,157.0,99.0,-43
35.83,95.0,24.5,116.0,98.0,-41
36.33,76.5,21.0,87.0,93.0,-40
38.11,82.0,16.0,116.0,98.0,-35
37.28,78.0,18.0,126.0,100.0,-38
36.25,99.0,10.0,129.0,100.0,-50
36.67,102.0,14.0,110.0,95.0,23
36.2,80.5,12.0,117.5,97.0,-39
37.0,85.5,12.0,142.5,100.0,-51
36.11,80.0,18.0,146.0,100.0,19
37.17,110.0,17.0,117.0,99.0,-24
36.33,61.0,18.0,161.0,99.0,-20
36.17,90.5,14.0,122.0,100.0,-15
35.33,58.0,20.0,111.5,100.0,-36
36.78,81.0,11.0,116.0,98.0,-10
36.33,99.0,22.5,103.5,100.0,-41
34.7,70.0,12.0,112.0,100.0,-44
36.1,83.0,10.0,97.0,100.0,-23
38.39,130.0,20.0,130.0,95.0,-56
36.78,61.0,11.0,117.0,100.0,-48
36.9,77.0,16.0,99.0,100.0,-40
35.0,75.0,22.0,129.0,98.0,-28
35.2,121.0,30.0,87.0,30.0,-29
36.0,54.0,19.0,114.0,100.0,-38
36.2,80.0,14.0,102.5,100.0,-39
36.33,77.0,17.0,100.0,100.0,-28
36.83,112.0,26.0,139.0,97.0,-13
36.22,94.0,22.0,146.0,99.0,-23
38.39,90.5,16.0,106.0,100.0,16
36.33,79.0,16.5,143.0,96.5,-23
36.06,80.0,42.0,113.0,97.0,-9
36.06,65.5,10.0,123.5,100.0,-42
37.28,77.0,20.0,123.0,100.0,-36
35.25,78.5,14.0,104.5,100.0,-20
37.28,86.0,16.0,143.0,100.0,-33
37.72,95.5,26.0,87.5,100.0,-20
37.11,93.0,24.0,124.0,100.0,-29
35.2,83.0,12.0,111.0,100.0,-41
36.22,82.0,13.5,92.0,100.0,-37
36.17,100.0,20.0,96.0,100.0,-34
35.94,92.0,18.0,141.0,98.0,-23
36.67,57.5,14.0,90.5,92.5,-42
38.0,118.5,29.0,162.0,96.0,-29
36.0,99.0,26.0,104.0,98.0,-48
37.78,99.0,17.0,120.0,98.0,-55
33.33,90.0,24.0,81.0,97.0,-11
36.06,75.0,17.0,111.0,100.0,-19
36.2,93.0,16.0,111.0,99.0,-14
36.39,76.0,16.0,123.0,99.0,-29
36.39,104.0,32.0,152.0,90.0,-21
36.39,54.0,12.0,122.0,99.0,-49
36.0,71.0,20.5,105.0,98.5,74
35.28,84.0,12.0,92.0,100.0,-33
37.1,91.0,12.0,95.0,98.0,-38
36.67,53.0,14.0,119.0,95.0,-48
36.67,86.5,24.0,90.0,94.0,-45
36.89,98.5,20.0,113.5,92.0,-45
36.39,72.0,3.0,166.0,100.0,-52
37.0,59.0,14.0,108.0,95.0,-12
37.0,53.0,10.0,121.0,98.0,-35
36.89,74.0,15.0,129.0,100.0,-39
36.11,58.5,20.0,133.0,100.0,-52
37.06,123.0,16.0,99.0,100.0,-33
35.83,88.5,14.0,133.0,100.0,-8
36.89,76.0,15.0,156.0,96.0,-47
36.22,102.0,21.5,129.0,96.0,-17
36.11,59.0,16.0,135.5,100.0,-44
37.11,110.0,15.0,97.0,97.0,-16
36.5,71.5,11.0,138.0,100.0,-14
35.72,76.0,17.0,95.0,100.0,43
36.83,76.0,14.0,102.0,96.0,-8
35.9,100.5,13.5,89.0,98.5,-36
37.56,124.0,14.0,111.0,99.0,-13
36.83,66.0,17.0,123.0,96.0,-17
36.0,108.0,21.5,157.0,96.5,-24
36.56,108.0,10.0,141.0,98.0,-42
36.89,67.0,19.5,130.25,100.0,-43
36.33,111.0,18.0,122.0,99.0,-24
36.0,72.0,10.0,110.0,100.0,-21
29.61,83.0,16.0,117.0,100.0,-39
37.06,71.0,16.0,108.0,100.0,-33
35.69,80.0,14.0,110.0,99.5,-43
35.89,80.0,20.0,104.0,93.0,-4
36.67,132.0,26.0,145.0,100.0,-45
36.17,95.0,16.0,187.0,100.0,-27
35.61,52.0,19.0,106.5,99.5,-40
37.94,83.0,18.0,130.0,99.0,-25
36.45,99.5,16.0,92.5,100.0,-21
36.72,71.0,12.0,133.0,95.0,-53
37.83,90.0,16.5,107.0,100.0,-29
36.11,64.0,19.0,123.0,100.0,-26
36.83,72.0,10.0,133.0,100.0,-28
38.89,124.0,41.0,92.0,95.0,-41
36.44,60.0,18.0,116.0,100.0,-36
38.06,120.0,23.5,103.5,97.0,0
34.3,88.0,10.0,94.0,100.0,-39
36.67,124.0,29.0,90.0,95.0,-23
37.67,80.0,21.0,149.0,98.0,-24
35.92,96.0,15.0,138.0,100.0,-36
36.89,98.0,25.0,130.0,98.0,-38
37.0,99.5,15.0,102.5,98.0,-32
35.7,72.0,12.0,105.0,100.0,-43
37.0,93.0,18.0,124.0,99.0,-13
36.5,88.0,16.0,166.0,100.0,-36
36.17,66.0,16.0,128.0,100.0,10
37.83,105.5,26.5,113.0,98.5,12
37.17,103.0,14.0,116.5,100.0,-49
35.22,80.0,15.0,86.0,100.0,-49
37.28,101.0,16.5,100.0,100.0,-17
36.44,83.0,20.0,134.0,100.0,-15
37.11,59.0,12.0,132.0,99.0,-16
36.67,109.5,19.5,98.0,100.0,-26
35.56,120.0,23.0,145.0,100.0,-13
36.44,108.0,28.0,138.0,95.0,-39
37.28,82.0,16.0,113.0,100.0,-53
35.83,73.0,12.0,103.0,100.0,-19
36.56,74.0,16.0,133.5,99.0,-19
36.72,81.0,20.0,95.0,99.0,-33
35.1,80.0,14.0,114.0,100.0,-48
37.33,95.0,20.0,114.0,98.0,-25
38.0,115.0,16.5,129.0,99.0,4
36.5,105.0,27.5,145.5,89.0,-8
37.0,71.0,18.0,133.0,100.0,0
36.3,85.5,11.0,112.5,100.0,-16
35.61,81.0,13.0,126.0,94.0,-43
36.11,70.0,33.0,151.0,100.0,64
36.5,122.0,22.5,128.0,96.0,-43
37.0,85.0,16.0,158.5,100.0,-23
36.44,92.5,18.0,146.5,100.0,-13
37.44,99.0,26.0,155.5,99.0,-40
37.22,79.0,23.0,109.0,97.0,-53
35.83,42.0,18.0,140.0,100.0,-27
36.39,81.0,11.0,154.0,100.0,-33
36.44,65.0,15.0,118.0,100.0,-35
37.28,129.5,17.5,93.5,99.5,-55
36.2,78.5,19.0,98.5,100.0,-17
36.3,74.0,14.0,126.5,100.0,-47
36.67,68.0,15.0,109.0,97.0,-38
37.5,83.0,19.0,130.0,99.0,-16
37.83,65.0,14.0,137.0,97.0,-38
35.56,80.0,16.0,108.0,98.0,-24
37.11,86.0,17.0,131.0,91.0,119
37.78,70.5,12.0,168.5,99.5,-37
36.56,109.0,33.0,123.5,99.5,-20
36.3,80.0,10.0,129.0,100.0,-42
36.4,86.0,14.0,107.5,100.0,-46
36.78,82.0,17.0,102.0,97.0,-46
36.72,71.0,19.0,111.0,97.0,-19
36.39,68.0,12.0,92.0,96.0,-26
37.17,92.0,19.0,141.0,97.0,-48
37.5,107.0,16.0,128.0,99.0,-56
36.17,75.0,14.5,132.0,98.0,-33
35.83,62.0,11.5,102.5,100.0,-17
37.22,73.0,13.0,134.5,99.0,-13
37.39,95.0,24.0,125.0,99.0,-42
38.67,88.0,22.0,114.0,99.0,-41
35.78,83.0,15.0,139.0,99.0,-31
36.56,101.0,25.0,113.0,100.0,-9
36.0,79.0,12.0,120.0,100.0,-36
36.33,87.5,26.0,97.0,100.0,-47
36.6,80.0,12.0,90.0,100.0,-32
36.33,57.0,14.0,127.0,98.0,-20
38.22,88.0,17.0,142.0,95.0,0
36.33,101.0,21.0,118.0,100.0,-39
36.56,77.0,28.0,159.0,95.0,-45
36.78,74.0,24.0,114.0,98.0,-18
37.0,86.5,10.0,120.0,100.0,-32
36.33,58.0,15.0,95.0,100.0,-29
37.5,85.0,28.0,128.5,93.5,-42
34.0,77.0,17.0,110.0,100.0,-38
36.5,108.0,22.0,88.0,94.0,-27
36.55,96.0,15.0,127.0,96.5,-21
35.5,92.0,10.0,126.0,100.0,-18
37.67,78.0,19.0,130.0,100.0,-44
37.17,84.0,22.0,119.0,97.0,0
36.11,77.0,13.0,135.0,98.0,-18
38.33,98.5,16.0,90.0,97.5,-33
34.61,115.0,17.0,117.0,94.0,-51
38.33,90.0,11.0,120.0,100.0,-41
38.11,69.0,18.5,116.0,98.5,-24
36.56,79.0,20.0,121.0,95.0,-14
36.89,96.0,22.0,121.0,98.0,-33
38.33,97.0,18.0,140.5,100.0,-47
36.89,96.0,15.0,113.5,97.0,-28
36.4,80.0,15.0,116.0,100.0,-39
38.28,73.5,26.0,163.0,100.0,-28
35.5,103.0,19.0,107.0,100.0,-38
36.7,107.0,14.0,100.0,100.0,-40
36.1,78.0,11.0,90.5,100.0,-49
37.39,74.0,19.0,103.0,98.0,-37
37.0,98.0,15.0,112.0,95.0,-16
38.11,98.0,12.0,176.0,94.0,-18
37.06,98.0,21.0,91.0,97.0,-48
37.44,73.0,16.0,156.0,99.0,-32
35.85,73.0,12.0,93.0,100.0,-18
36.78,118.0,26.0,134.0,97.0,-16
35.89,124.0,19.0,136.5,96.0,39
35.55,88.0,10.0,96.5,100.0,-52
36.47,81.5,15.5,98.0,100.0,-35
37.22,65.0,11.0,96.0,100.0,-37
36.72,68.0,16.0,104.0,98.0,12
36.72,99.0,19.0,128.0,98.0,-4
36.78,117.0,26.0,106.0,94.0,-22
36.94,83.0,14.0,101.0,96.0,-14
36.0,85.0,14.0,117.0,100.0,-45
36.83,116.0,22.0,151.0,95.0,-40
36.67,72.0,21.0,87.0,96.0,-47
36.11,67.0,25.0,118.5,99.0,-42
36.78,64.0,20.0,121.5,98.5,-55
35.89,80.0,23.0,131.0,96.0,-49
36.95,108.0,14.0,101.0,100.0,-34
36.22,62.0,15.0,114.0,98.0,-13
36.1,75.0,12.0,110.0,98.0,-41
36.2,98.0,11.0,110.0,100.0,-55
37.0,85.0,10.0,120.0,100.0,-37
35.6,71.5,20.25,105.0,99.5,-16
34.44,45.0,18.0,147.0,100.0,3
36.94,134.5,21.5,141.0,99.0,-31
36.83,85.0,22.0,172.0,98.0,-38
37.06,101.0,24.0,113.0,97.0,-27
37.22,79.0,20.0,115.0,100.0,-15
36.44,72.0,7.0,122.0,99.0,-3
36.17,98.0,24.0,106.0,92.0,-31
35.56,87.0,14.0,163.0,96.0,-42
36.06,69.0,17.0,104.0,97.0,-49
33.1,76.0,40.0,160.0,100.0,-37
35.61,61.0,21.0,120.5,96.0,-10
37.06,79.0,12.0,107.0,98.0,-26
37.11,61.0,16.0,107.0,96.0,-51
36.61,87.0,23.0,131.0,100.0,-14
37.78,72.0,21.0,104.0,96.5,-11
37.0,80.0,23.0,163.0,94.0,-38
35.56,76.0,14.0,114.5,99.0,-1
35.33,104.0,24.0,88.0,100.0,-54
36.11,100.0,12.0,148.5,100.0,-39
37.5,142.0,25.0,167.0,97.0,-34
36.83,78.0,37.0,109.0,96.0,-26
36.67,77.0,25.0,153.0,100.0,-45
37.0,102.0,22.0,196.0,98.0,-35
34.78,47.5,20.0,165.5,100.0,-28
37.0,102.0,23.0,112.0,97.0,-19
36.56,41.0,20.0,146.0,99.0,-43
37.11,77.0,15.0,117.0,95.0,-46
37.0,91.0,21.0,115.0,97.0,-40
37.06,75.0,15.0,149.0,100.0,-36
37.22,85.0,10.0,122.0,99.0,-52
37.11,87.0,15.0,159.0,96.0,-25
37.5,92.0,16.0,103.0,100.0,-16
35.56,82.0,20.5,106.5,98.5,-19
37.06,94.0,23.0,116.0,93.0,0
36.17,69.0,15.0,121.0,97.5,-36
36.6,82.5,15.0,105.0,99.0,-18
36.5,77.0,12.0,109.0,100.0,-46
35.94,104.5,18.0,77.5,90.5,-42
36.94,74.0,17.0,100.0,96.0,-48
37.2,82.5,13.5,137.0,100.0,-26
39.28,113.0,24.0,128.0,100.0,-38
34.44,65.5,14.0,114.0,99.5,-39
36.72,64.0,16.0,113.0,97.0,-54
37.0,61.0,11.0,98.0,94.0,-47
36.67,84.0,18.0,115.0,99.0,-21
36.67,70.0,22.0,128.0,91.0,-42
36.33,73.5,12.0,109.5,100.0,-14
37.11,59.0,20.0,113.0,96.0,-45
36.33,116.0,13.5,112.5,75.0,-26
37.0,50.0,18.5,140.5,99.0,-45
36.56,88.0,18.0,107.0,100.0,-8
36.83,92.0,17.0,125.0,100.0,-22
36.11,78.0,20.0,127.0,99.0,-42
35.28,74.0,18.0,126.0,100.0,-24
36.3,66.5,12.5,105.5,100.0,-17
37.17,45.0,17.0,110.0,98.0,-24
35.78,92.0,21.0,100.0,96.0,-51
36.89,83.5,14.0,153.0,98.0,-14
37.06,75.0,9.0,94.0,97.5,70
35.56,68.5,14.0,149.0,100.0,-28
36.83,74.5,11.5,93.0,96.0,-26
35.36,82.0,9.5,108.0,100.0,-22
35.94,54.5,11.5,126.5,100.0,-21
36.33,56.0,20.0,130.0,92.0,-39
37.33,100.0,22.0,90.0,100.0,-23
34.75,55.0,15.5,103.0,99.0,-21
36.61,66.0,17.0,101.0,96.0,-47
36.11,59.5,17.0,90.5,99.5,-29
36.2,92.0,13.5,102.0,100.0,-40
32.5,45.0,20.0,117.5,100.0,-27
34.44,56.0,12.0,135.0,98.0,154
37.22,78.0,19.0,127.0,96.0,-58
37.11,110.0,21.0,114.0,100.0,-41
35.8,104.5,12.0,119.5,100.0,-31
37.83,101.0,19.0,134.5,99.5,-21
37.11,62.0,18.0,115.0,96.0,-10
35.56,67.0,12.0,115.5,96.0,-49
36.83,91.5,17.0,148.0,96.5,-15
36.06,95.0,20.0,113.0,96.0,-26
36.95,81.5,14.5,118.5,98.5,-38
37.06,117.0,16.0,93.0,99.0,-20
36.28,70.0,21.0,129.0,98.0,-22
39.28,123.0,26.0,139.0,96.0,-18
35.56,80.0,21.0,134.0,100.0,-21
35.85,89.0,16.0,120.75,100.0,-34
36.72,77.0,14.0,158.0,97.0,-24
38.33,96.0,17.0,136.0,98.0,-14
35.5,89.0,8.0,96.0,100.0,-39
36.71,88.5,12.0,119.0,100.0,-21
35.72,66.0,19.5,110.0,100.0,92
37.17,77.0,24.0,85.0,100.0,-46
35.67,59.5,20.0,124.5,100.0,10
36.11,75.0,21.0,120.0,93.0,-86
36.61,84.0,10.0,110.5,100.0,-15
36.28,70.0,20.0,122.0,95.0,-11
36.72,93.0,19.0,154.0,95.0,-17
36.2,121.0,12.0,114.0,100.0,-22
36.44,111.0,22.0,98.0,97.0,-19
35.56,93.0,16.0,125.0,95.5,-10
36.89,90.0,17.0,125.0,97.0,-39
37.0,85.0,14.0,99.5,100.0,-47
36.28,83.0,22.0,104.0,97.0,-52
37.78,108.0,22.0,65.5,92.5,-52
37.17,79.0,15.0,132.0,98.0,-10
34.17,66.0,20.0,113.0,98.0,-44
36.33,70.0,16.0,153.5,100.0,-41
35.83,79.0,21.0,118.0,100.0,-22
36.72,67.0,10.0,117.0,100.0,-27
36.44,64.0,17.0,96.0,96.0,-50
37.83,128.0,35.0,145.0,93.0,-48
36.56,90.0,29.0,108.0,95.0,-41
36.1,86.0,13.0,112.5,99.0,-42
37.28,65.0,19.5,83.0,98.0,-49
36.67,61.0,14.0,190.0,99.0,-47
37.0,106.0,19.0,156.0,87.0,-31
36.89,85.0,24.0,141.0,100.0,-37
36.33,61.5,14.0,136.5,96.5,-24
37.17,100.0,10.0,146.0,100.0,-21
36.39,64.0,19.5,108.75,100.0,-35
36.39,108.0,18.0,119.0,95.0,-41
38.61,101.0,17.0,116.0,85.0,-53
36.5,112.0,12.0,112.0,99.0,9
35.0,80.0,10.0,125.0,100.0,-21
36.11,68.0,17.0,169.0,98.0,-36
36.78,64.0,24.0,133.0,99.0,0
37.28,85.0,17.0,155.0,100.0,-34
36.11,134.0,20.0,92.0,97.0,-51
35.78,85.0,20.0,86.0,99.0,-3
36.61,97.0,16.0,133.0,97.0,-35
37.06,102.0,25.0,94.0,99.0,-21
37.78,76.0,14.0,120.0,99.0,-35
35.0,69.0,14.0,134.5,100.0,-52
37.89,77.0,18.0,134.0,100.0,-16
35.4,91.0,8.0,113.0,98.0,-37
37.39,76.0,14.0,129.0,100.0,56
36.89,72.5,26.0,158.0,89.5,-39
37.67,101.0,20.0,103.0,98.0,0
36.67,62.0,19.0,110.5,97.5,-24
36.17,61.5,14.0,104.5,99.0,-14
36.28,98.0,13.0,96.0,100.0,-28
37.78,97.0,13.0,112.0,100.0,-52
36.83,85.0,15.0,130.0,100.0,-11
37.61,127.0,26.0,82.0,95.0,-5
36.11,59.0,21.0,94.0,100.0,-36
36.4,93.0,12.0,119.5,99.0,-45
36.89,99.0,16.0,118.0,95.0,-19
39.11,117.0,25.0,108.0,94.0,12
37.0,93.0,22.0,126.0,99.0,-28
37.61,93.0,10.0,131.0,100.0,-22
37.28,70.0,20.0,95.5,93.0,30
35.72,90.0,18.0,119.0,100.0,-7
34.3,105.0,16.0,88.0,100.0,-56
35.94,104.0,16.0,93.0,97.0,-31
38.06,105.0,17.0,119.0,96.0,-55
36.33,53.0,12.0,135.0,100.0,-11
37.78,100.0,22.0,114.5,97.0,-44
37.11,114.0,28.0,101.5,96.0,-57
36.56,87.0,24.0,123.0,97.0,-40
36.06,89.0,11.5,167.0,100.0,-42
36.56,80.0,11.5,119.0,100.0,-34
35.83,69.0,12.0,106.5,100.0,-43
36.22,68.0,20.5,102.5,100.0,-51
35.75,75.5,12.0,102.5,100.0,-23
36.56,54.0,16.0,114.0,100.0,-33
38.17,129.0,17.0,118.0,91.0,-19
36.17,57.5,16.0,131.0,98.0,-37
37.44,95.0,28.0,117.0,99.0,-49
38.0,93.5,18.0,136.25,100.0,111
37.0,57.0,16.0,106.0,100.0,-20
36.33,67.0,16.5,173.0,100.0,-41
36.83,78.0,16.0,128.0,97.0,-50
37.83,91.0,16.0,138.0,100.0,-38
34.85,95.0,13.0,116.5,100.0,-17
37.11,71.0,19.0,115.0,97.0,-3
36.67,78.0,24.0,151.0,100.0,-49
37.0,75.0,14.0,121.0,99.0,-24
36.83,89.0,20.0,143.0,98.0,-24
36.17,74.0,12.0,98.0,100.0,-48
38.17,101.5,17.5,127.5,96.0,-14
36.22,108.0,17.5,122.5,100.0,21
35.17,80.0,14.0,129.0,100.0,-43
36.3,77.0,14.0,88.0,100.0,-40
35.56,76.0,16.0,145.0,99.0,-39
37.61,97.0,20.5,114.75,99.0,194
36.0,64.0,16.0,142.0,99.0,-33
36.78,64.0,17.0,114.0,99.0,-26
37.67,88.0,20.0,95.25,98.0,-54
36.28,53.0,15.0,159.0,99.0,-47
35.65,87.0,12.0,132.5,100.0,-36
36.22,61.0,14.0,177.0,99.0,-51
36.83,62.0,15.0,127.0,96.0,-38
37.78,79.0,20.0,91.0,93.0,160
35.56,80.0,28.0,112.0,95.0,-32
34.8,82.0,10.0,119.5,100.0,-47
39.39,117.0,18.0,129.0,99.0,-55
37.44,61.0,9.0,146.0,91.0,-56
37.44,99.0,22.0,132.5,96.5,15
36.11,50.0,12.0,115.0,100.0,4
37.39,89.0,19.0,118.0,100.0,38
36.11,70.5,20.0,123.5,98.0,-39
37.78,112.0,23.0,109.0,96.0,-41
37.0,82.0,20.0,102.0,94.0,-13
36.33,77.0,14.0,136.0,98.0,-12
36.89,60.0,13.0,88.0,98.0,-11
36.78,92.0,16.0,104.0,100.0,-43
36.56,81.0,13.0,122.0,99.0,-44
37.0,96.0,22.0,91.0,100.0,-41
37.67,89.0,14.0,151.0,100.0,-31
37.1,97.0,14.0,130.0,100.0,-56
36.67,45.0,14.0,81.0,92.0,-7
36.78,75.0,14.0,122.0,100.0,-26
37.44,104.0,14.0,155.0,100.0,-41
37.17,73.0,14.0,94.0,94.0,-53
36.33,71.0,10.0,152.5,100.0,-32
36.22,83.0,18.0,112.0,99.0,-11
36.22,70.0,15.0,127.0,97.0,-25
37.39,85.0,19.0,118.0,99.0,-20
36.11,76.0,19.0,85.0,95.0,-11
35.9,77.0,10.5,106.0,100.0,-19
35.67,87.0,15.5,129.5,97.0,-19
38.56,90.5,15.5,112.5,99.5,-39
37.17,111.0,22.25,92.0,99.5,-50
36.06,70.0,21.0,117.0,100.0,-35
36.22,86.0,16.0,110.0,96.0,-32
36.94,77.0,18.0,133.0,96.0,-17
37.11,108.0,19.0,121.0,99.0,-32
36.72,76.0,20.0,121.0,93.0,-29
34.5,73.0,22.0,113.0,100.0,22
36.89,70.0,16.0,137.0,97.0,-20
36.78,70.0,14.0,135.0,99.0,-55
36.5,93.0,24.0,133.0,98.0,-18
37.5,85.0,22.0,92.0,100.0,-40
36.89,88.0,18.0,137.0,98.0,-31
37.0,53.0,19.0,165.0,97.0,-58
37.39,101.0,17.0,126.0,100.0,12
37.05,91.0,12.0,116.0,100.0,-16
37.3,66.0,14.0,108.0,97.5,-44
38.39,78.0,24.0,118.0,90.0,-22
35.39,85.0,16.0,141.0,100.0,-13
37.56,73.0,20.0,136.0,100.0,-55
36.33,68.0,17.0,109.0,100.0,-22
38.0,123.0,29.0,83.0,99.0,-15
37.0,84.0,15.0,113.0,100.0,-21
36.56,85.0,14.0,89.0,100.0,-53
37.94,78.0,16.0,152.5,97.0,-54
35.61,60.5,15.0,99.0,93.5,-36
36.56,100.0,20.0,98.0,98.0,-23
37.83,107.5,24.0,89.75,98.0,-40
35.78,87.5,16.0,116.75,100.0,-31
36.72,72.0,16.0,151.0,100.0,-40
35.44,45.5,12.0,105.0,99.0,-6
36.56,98.0,31.5,94.0,95.0,10
37.67,89.0,12.0,105.0,100.0,-30
36.28,91.0,32.0,143.0,98.0,-57
35.6,90.0,14.0,120.0,100.0,-22
36.83,63.0,18.0,96.0,98.0,-35
36.56,75.5,16.5,96.0,100.0,-25
35.9,80.0,10.0,108.0,100.0,-51
35.89,82.0,19.0,119.0,95.0,-34
36.83,82.0,24.0,122.0,94.0,-18
36.56,69.0,13.0,155.0,95.5,-16
37.44,75.5,24.5,135.0,95.0,-13
37.5,67.5,14.0,146.0,100.0,-7
38.33,83.0,21.0,167.0,95.0,-33
36.67,100.0,20.0,111.0,97.0,-35
37.11,71.0,17.0,119.0,98.0,-39
37.94,71.0,24.0,84.0,97.0,-31
36.39,77.0,19.0,101.0,95.0,-42
35.2,102.0,13.0,94.0,100.0,-33
36.44,106.0,14.0,109.0,100.0,-39
36.11,74.0,15.0,149.0,100.0,-15
36.2,63.5,15.0,111.0,100.0,-45
38.22,100.0,14.0,131.5,100.0,-53
35.95,77.5,12.0,128.0,99.5,-12
35.83,85.0,18.0,132.0,99.0,-18
36.6,85.5,12.0,128.5,100.0,-17
37.22,78.0,17.0,111.0,98.0,-15
36.11,74.0,19.0,113.0,100.0,-35
36.56,83.0,20.0,143.0,96.0,-53
36.56,100.0,15.0,153.0,100.0,-18
36.0,72.0,13.0,117.5,100.0,-35
37.2,87.5,10.5,120.5,100.0,-27
36.0,79.0,20.0,151.0,100.0,-36
35.89,145.0,20.0,111.0,95.0,-49
36.5,82.0,17.0,141.0,100.0,-49
35.56,124.0,25.0,120.0,92.0,-36
37.17,65.0,17.0,139.0,99.0,-24
35.7,76.0,12.0,111.0,100.0,-42
35.94,91.0,17.5,133.0,100.0,-8
37.0,75.5,27.0,131.5,90.5,-24
35.8,80.0,10.0,120.5,100.0,-45
37.0,82.0,24.0,89.0,95.0,-44
34.8,88.0,14.0,103.5,100.0,-56
37.0,70.0,14.0,154.0,100.0,-38
36.72,93.5,14.75,133.5,100.0,-15
36.17,111.0,15.0,106.0,96.0,-44
36.3,75.5,10.0,111.5,100.0,-24
36.11,65.0,12.0,117.0,100.0,-21
35.61,78.0,10.0,119.0,100.0,-19
36.5,54.5,14.0,84.5,99.0,-39
34.44,54.5,23.5,64.0,86.0,-51
36.33,73.5,14.5,131.0,97.0,-41
37.78,93.0,10.5,129.5,99.5,-45
37.28,82.0,12.0,142.0,95.0,-26
36.35,67.5,16.0,116.5,100.0,-21
37.72,53.0,16.0,113.0,97.0,-33
35.75,83.0,15.0,109.0,100.0,-25
36.11,65.5,13.5,140.0,98.5,-13
37.89,73.0,14.0,96.0,94.0,-44
38.0,74.0,14.0,145.0,100.0,-3
35.83,93.0,13.5,110.25,98.0,36
36.67,81.0,13.0,153.0,98.0,-29
37.28,81.0,19.0,150.0,97.0,-47
36.5,119.0,32.0,95.0,96.0,-20
36.33,63.5,20.0,153.5,99.0,-6
36.2,85.0,20.0,68.0,50.0,42
35.72,78.0,14.0,110.0,97.0,-31
37.5,69.0,12.0,145.0,97.5,-45
36.5,114.0,20.0,130.0,97.0,-18
37.56,109.0,20.0,118.0,100.0,-42
36.39,79.0,12.0,104.0,95.0,-16
36.56,67.0,12.0,134.0,99.0,-54
36.11,83.0,25.0,150.0,99.0,-15
38.56,83.5,17.0,96.5,96.0,-17
36.0,78.0,18.0,137.0,95.0,-36
36.33,90.0,19.0,129.0,96.0,-32
37.06,82.0,16.0,109.5,100.0,-34
36.78,71.0,18.0,106.0,99.0,-9
36.67,80.0,16.0,97.0,96.0,-42
36.22,58.0,13.0,150.0,100.0,-41
36.22,108.0,24.0,93.0,97.0,-14
37.0,66.0,14.0,121.0,100.0,-36
36.11,66.0,13.0,114.0,100.0,-38
36.05,70.0,14.5,109.0,100.0,-22
37.11,82.0,12.0,116.0,98.0,-39
37.11,108.0,19.0,130.0,100.0,-41
37.22,93.0,19.0,170.0,100.0,-12
37.5,81.0,22.0,106.0,100.0,-33
38.0,68.0,14.0,146.0,96.0,-39
36.56,112.0,17.0,118.0,89.0,-47
34.52,80.0,10.0,113.0,98.0,-40
36.06,100.0,21.0,105.5,96.0,-37
37.67,114.0,18.5,111.0,99.0,-33
37.06,75.5,12.5,153.0,97.0,-1
35.83,57.5,18.0,113.0,98.5,-48
36.89,75.0,16.0,112.0,100.0,-11
34.67,63.0,13.0,108.0,100.0,70
36.94,106.0,18.0,125.0,100.0,-45
36.33,89.0,18.0,117.0,95.0,-54
36.94,91.0,20.0,113.0,97.0,-42
35.56,79.0,22.5,131.5,96.0,-16
34.39,67.0,30.0,124.0,93.0,3
37.28,68.0,20.0,90.0,95.0,0
36.44,74.0,21.0,100.0,97.0,-9
36.0,81.0,16.5,100.0,100.0,-24
36.3,79.0,16.0,84.0,100.0,-10
36.67,104.0,21.0,106.0,97.0,-14
37.06,83.0,14.0,103.0,99.0,-29
36.67,84.0,19.0,112.5,100.0,-36
36.61,66.0,17.0,116.0,100.0,-1
36.44,89.0,24.0,97.0,100.0,-49
36.72,66.0,17.0,115.0,97.0,-15
36.72,85.0,15.0,100.0,100.0,1
36.39,58.0,30.5,144.0,93.0,-51
36.56,77.0,12.0,97.0,100.0,-21
37.22,130.0,14.5,118.0,96.0,-44
36.89,89.0,20.0,95.5,100.0,-54
36.78,85.0,18.0,122.0,100.0,-19
36.17,96.0,16.5,144.0,100.0,-49
37.94,109.0,21.0,93.5,98.5,-47
36.28,76.0,19.0,145.0,98.0,-25
36.61,86.5,21.5,132.0,96.5,-37
37.06,75.0,18.0,172.0,100.0,-47
36.71,80.0,16.5,100.0,100.0,-22
35.7,80.0,13.5,92.5,100.0,-50
36.39,87.5,17.5,154.5,95.0,-44
36.5,59.0,17.5,119.5,99.0,-33
35.4,87.0,11.0,101.0,99.0,-20
36.78,75.0,22.0,106.0,99.0,-30
38.0,76.5,15.0,108.0,96.0,-39
37.44,58.0,11.0,117.0,99.0,-15
39.33,106.0,29.0,166.0,100.0,-55
36.11,129.0,20.0,135.0,96.0,0
36.11,106.0,13.0,129.0,100.0,-18
36.78,87.0,12.0,87.0,100.0,-32
36.89,73.5,24.0,125.0,98.5,-31
35.22,84.0,14.0,87.5,100.0,114
36.56,72.0,22.0,104.0,99.0,178
37.11,87.0,20.0,110.0,97.0,-47
37.3,105.0,22.0,130.5,96.0,-40
35.78,68.0,16.5,102.0,99.0,-28
37.11,89.0,19.0,111.0,99.0,-33
36.39,93.0,24.0,120.0,99.0,-37
35.56,54.5,14.0,169.0,97.0,-4
36.39,77.0,16.0,117.0,93.0,-32
37.1,89.0,18.0,118.0,95.0,-43
35.3,80.0,12.0,102.0,93.0,-17
37.28,101.0,20.0,112.0,97.0,0
37.56,122.0,30.0,109.0,100.0,-50
36.67,65.0,18.0,175.0,100.0,-42
35.8,82.0,10.0,113.0,100.0,-22
36.67,106.0,22.0,136.0,97.0,-31
36.44,80.5,16.0,200.5,98.0,-8
36.44,79.0,14.5,85.5,100.0,-38
36.1,101.5,14.0,110.5,100.0,-48
37.17,120.0,14.0,107.0,95.0,-54
35.28,71.0,23.5,119.0,98.0,-38
33.5,45.0,16.5,125.5,100.0,-38
36.05,85.0,10.0,109.5,100.0,-44
36.44,58.0,14.0,90.5,100.0,-35
37.94,119.0,15.0,113.0,100.0,-39
35.2,80.0,14.0,104.0,100.0,-15
36.9,84.5,13.0,127.0,100.0,112
37.17,86.5,19.5,163.5,97.5,-20
36.06,84.0,16.0,108.0,100.0,-46
36.22,60.0,16.0,154.0,99.0,-38
36.8,99.0,14.0,135.5,97.5,-19
35.83,70.0,17.0,168.5,100.0,62
37.4,92.5,16.0,139.0,96.5,-52
35.61,105.0,20.0,108.0,96.0,12
36.5,91.0,10.0,120.0,100.0,-18
37.17,94.0,23.0,123.0,99.0,-49
37.06,67.0,16.0,130.0,95.0,-5
36.56,66.5,17.0,138.0,97.5,-32
37.1,95.0,21.0,113.0,100.0,-36
35.83,77.0,15.0,102.0,100.0,-41
36.67,83.0,12.5,107.5,95.0,27
37.39,62.0,15.0,124.0,97.0,-12
36.56,96.0,15.0,140.0,100.0,-17
36.5,65.0,19.0,149.0,100.0,-30
36.0,70.0,11.0,91.0,100.0,-42
35.72,94.0,16.0,143.0,100.0,-2
37.33,90.0,30.0,140.0,97.0,-53
36.67,74.0,29.0,137.0,99.0,-17
35.89,82.0,14.0,105.0,96.0,-12
35.2,75.0,12.0,132.0,100.0,-37
36.5,89.0,12.0,144.0,99.0,-36
36.4,85.0,12.5,98.0,100.0,-38
37.0,85.0,31.0,99.5,100.0,-40
35.8,91.0,10.0,114.0,100.0,-15
35.5,80.0,12.0,133.5,100.0,-34
36.72,72.0,21.0,119.0,99.0,0
36.72,68.0,17.0,93.0,95.0,-13
37.5,94.0,18.0,111.0,100.0,-11
36.06,84.0,21.0,113.0,100.0,-53
36.83,109.0,18.0,97.0,100.0,-35
37.0,88.0,19.0,147.0,99.0,-21
36.05,102.0,16.0,91.0,100.0,-40
36.89,59.0,9.0,145.0,96.0,-11
37.39,117.0,17.0,140.0,100.0,-11
36.72,81.0,16.0,136.0,98.0,-47
37.06,110.0,20.0,104.0,100.0,-34
38.0,94.0,17.0,120.0,100.0,-50
35.4,88.0,10.0,126.0,100.0,-40
36.67,92.0,15.0,127.0,99.0,0
35.56,104.5,25.0,97.5,98.0,-30
38.39,86.5,22.0,129.5,100.0,-56
36.11,78.0,15.0,101.5,96.5,-38
37.0,96.0,22.0,114.0,96.0,-53
36.67,118.0,10.0,123.0,100.0,-20
36.89,90.0,19.0,111.0,93.0,-48
36.39,123.0,12.0,123.0,98.0,-28
36.39,83.0,19.0,116.0,95.0,-57
36.9,84.0,10.0,123.5,100.0,-21
36.06,60.0,14.0,142.0,100.0,-29
35.94,56.0,20.0,103.0,99.0,-38
35.89,65.5,12.0,97.25,95.0,-36
37.28,64.0,17.0,123.0,97.0,3
37.28,112.0,17.0,106.0,100.0,-21
33.33,50.0,12.0,102.0,99.0,-38
36.11,105.0,11.0,128.0,94.0,-33
36.56,68.0,14.0,138.0,100.0,-28
36.94,76.0,22.0,88.0,98.0,-45
37.22,70.5,15.0,145.5,99.0,-8
36.61,107.0,21.0,133.0,99.0,-56
36.61,104.0,18.0,135.0,94.0,-19
35.89,70.0,15.0,147.0,97.0,-29
36.83,66.0,17.0,142.0,98.0,-13
36.22,88.0,10.0,120.0,100.0,-20
35.8,80.0,12.0,101.0,100.0,-36
36.2,75.0,12.5,123.75,100.0,-16
36.0,94.5,10.0,105.0,100.0,-28
35.83,85.0,7.0,187.0,100.0,-36
35.9,73.5,12.0,111.5,100.0,91
33.05,92.5,14.0,119.5,100.0,-41
37.5,77.0,13.0,110.0,100.0,-11
36.56,66.0,22.0,110.0,91.0,-17
36.39,73.0,26.0,102.0,100.0,-26
37.06,107.0,14.0,110.0,97.0,-30
36.1,90.0,12.0,111.0,100.0,-55
35.72,81.0,18.5,113.0,100.0,-15
35.95,91.0,12.0,102.0,100.0,-31
35.85,80.0,10.0,146.0,100.0,-11
37.22,80.0,14.0,145.0,99.0,-14
35.89,82.0,18.0,79.0,99.0,-20
35.0,80.0,10.0,89.0,96.5,-49
35.5,67.0,17.0,149.0,96.0,-21
37.06,97.5,19.0,156.0,95.5,-39
35.9,80.0,16.0,130.0,100.0,-34
38.06,91.0,18.0,104.0,94.0,-31
36.67,132.0,18.0,128.0,98.0,-32
37.28,86.0,19.0,138.0,99.0,-3
36.7,75.0,12.0,120.0,100.0,-44
36.0,104.5,19.5,131.5,96.0,-39
36.67,81.5,16.0,97.0,97.0,-35
36.28,60.0,17.0,160.0,94.0,-14
35.56,60.0,14.0,96.0,100.0,-23
37.2,92.0,12.0,106.5,100.0,-40
35.22,79.0,12.0,125.0,100.0,-23
37.9,82.0,23.0,121.0,94.0,-55
36.28,81.0,22.0,144.0,97.0,-9
38.22,145.0,20.0,142.0,99.0,-42
36.15,80.0,12.5,133.5,100.0,-54
37.0,79.0,12.0,115.5,100.0,-16
37.15,68.5,19.0,119.0,100.0,-25
36.9,95.0,14.0,103.0,100.0,-38
36.4,75.0,21.0,144.0,97.0,-9
36.78,78.0,22.0,88.0,92.0,-24
35.1,73.5,14.0,94.5,100.0,-36
36.22,59.0,12.0,117.0,99.0,-50
36.89,83.0,23.0,108.0,99.0,-25
36.78,84.0,22.0,149.0,98.0,-41
35.65,72.0,13.25,107.5,100.0,-17
36.4,109.0,14.5,102.0,100.0,-38
36.17,88.0,16.0,71.0,96.0,-41
36.39,64.0,18.0,119.0,99.0,-20
38.72,103.5,30.0,114.0,96.5,-39
35.56,81.0,13.0,104.0,100.0,-36
36.5,69.0,18.0,110.0,94.0,-37
36.2,88.0,16.5,112.0,100.0,-20
36.78,86.0,21.0,103.5,100.0,-40
35.9,91.0,12.0,126.0,100.0,-20
38.06,91.0,24.0,117.0,99.0,-43
35.7,92.0,25.0,103.0,100.0,-33
37.39,88.0,12.0,130.0,98.0,-40
35.61,68.5,15.0,98.0,98.0,-54
36.6,82.0,14.0,120.0,100.0,-24
35.61,109.0,15.0,143.0,94.5,-46
37.94,80.0,19.0,107.0,100.0,-33
37.06,73.0,18.0,137.0,98.0,292
38.89,110.0,22.0,150.0,94.0,-31
36.72,78.0,26.0,120.0,94.0,-39
35.89,85.0,15.0,112.0,100.0,-36
36.22,66.0,23.0,106.0,96.0,-54
36.61,88.0,12.0,106.0,93.0,-36
33.61,110.0,16.0,127.0,99.0,-38
36.44,84.0,22.0,93.0,100.0,-41
36.56,99.0,20.0,100.0,98.0,-38
37.44,79.0,12.0,115.0,100.0,-46
37.44,76.0,25.0,115.0,97.0,-41
36.33,106.0,22.0,95.0,100.0,0
36.56,82.0,18.0,132.0,100.0,-8
36.56,56.0,23.0,117.0,96.0,72
38.33,98.0,23.0,169.0,98.0,-39
37.0,88.0,16.0,119.0,98.0,-43
37.11,108.0,27.0,127.0,98.0,-34
35.2,84.0,14.0,106.5,100.0,-25
35.4,98.0,16.0,119.0,100.0,-20
36.44,79.5,13.5,118.5,96.5,-16
36.39,80.0,10.0,112.0,100.0,-41
37.22,81.0,28.0,108.0,98.0,-14
36.67,83.0,16.0,183.0,100.0,-37
37.56,90.0,23.0,101.0,97.0,-40
36.72,80.0,17.0,84.0,99.0,-51
37.56,110.0,21.0,185.0,100.0,28
36.94,111.0,25.0,127.0,96.0,-36
36.11,89.0,20.0,141.0,97.0,-8
36.39,72.0,24.0,147.0,100.0,-36
37.56,78.5,19.0,84.5,92.0,9
36.0,64.0,19.0,129.0,96.0,-24
37.06,63.0,15.0,123.0,100.0,-47
36.61,55.0,24.0,140.0,97.0,-17
36.8,87.0,14.0,126.0,100.0,-20
38.3,122.0,17.0,97.5,100.0,-48
36.56,59.0,16.0,82.0,100.0,-36
37.0,92.0,15.0,104.0,100.0,-31
37.33,102.0,18.0,162.5,95.5,118
36.44,102.0,18.0,122.0,99.0,-22
38.17,82.0,16.0,159.0,100.0,42
37.94,153.0,45.0,157.0,95.0,104
37.17,99.0,15.0,124.5,95.5,-19
36.11,76.0,14.0,101.0,97.0,-53
35.15,72.0,14.0,95.5,100.0,-43
37.33,93.0,16.0,83.0,97.0,-38
35.8,90.0,10.0,110.0,100.0,-56
36.5,73.0,21.0,129.0,96.0,-54
36.06,87.0,20.0,91.0,97.0,-44
36.61,105.0,18.0,119.0,100.0,-36
36.11,97.0,16.0,130.0,100.0,-8
36.33,73.0,12.0,97.0,98.0,-23
36.67,69.0,12.0,146.0,99.0,-36
37.83,84.0,16.0,159.0,100.0,-16
35.67,100.0,18.0,107.0,97.0,-27
37.61,97.0,19.5,105.0,100.0,-55
36.67,71.0,21.0,104.0,98.0,-7
34.5,97.5,15.5,113.0,100.0,-47
36.94,86.0,16.0,139.0,96.0,-19
36.06,74.0,21.0,164.5,97.0,-30
36.17,74.0,16.0,89.0,100.0,-45
36.28,91.0,19.0,125.0,99.0,-46
36.33,81.0,19.0,146.5,99.0,-15
36.78,93.0,17.0,122.0,99.0,-21
35.5,83.0,12.0,111.0,100.0,-16
36.28,63.0,20.0,96.0,98.0,-15
36.17,69.0,18.0,154.5,100.0,196
36.0,88.0,15.0,95.0,96.0,-53
36.61,100.0,20.0,106.0,99.0,-45
35.17,82.0,10.0,116.0,100.0,-9
35.89,68.0,21.0,118.0,95.0,-20
36.17,78.0,14.0,119.0,95.0,-13
34.55,80.0,14.0,130.0,100.0,-33
38.33,84.0,18.0,94.0,99.0,-40
37.0,78.0,17.0,133.0,96.0,-19
37.22,80.0,11.0,129.0,98.0,-24
36.45,86.5,21.25,122.0,100.0,-27
37.72,99.0,12.0,162.0,100.0,-55
36.72,83.0,16.0,115.0,100.0,-15
36.78,101.0,19.5,136.5,98.5,-41
36.56,104.0,20.0,111.0,100.0,-6
37.11,109.0,26.0,116.0,97.0,-10
37.1,102.0,16.0,121.0,100.0,-56
36.83,93.0,14.0,111.0,100.0,-47
37.78,109.5,24.0,102.0,100.0,-49
35.7,98.0,14.0,123.0,100.0,-25
34.39,86.0,12.0,113.5,100.0,-15
37.0,76.0,19.5,126.0,100.0,12
37.78,83.0,19.0,92.0,92.0,-52
36.33,89.0,11.0,95.0,98.0,-46
37.44,108.0,16.0,109.0,95.0,-3
37.11,62.0,17.0,134.0,97.0,-39
35.6,90.0,30.5,125.0,100.0,-43
37.39,101.0,29.0,159.0,93.0,-30
37.94,84.0,20.0,124.0,95.0,-20
36.89,80.0,21.0,135.0,91.0,-42
37.94,131.0,20.0,134.0,99.0,-58
36.39,81.0,15.0,106.0,100.0,-9
37.33,94.5,11.0,126.5,100.0,-54
37.28,98.5,34.0,110.0,97.0,0
37.83,94.0,19.0,146.5,99.0,-14
36.22,100.0,23.0,83.0,97.0,-33
37.33,101.0,26.0,130.0,100.0,28
37.11,92.0,18.0,140.0,94.0,-49
35.89,61.5,12.0,139.5,100.0,-46
35.83,117.0,21.0,127.0,100.0,-53
37.28,105.0,24.0,138.0,95.0,-5
36.83,84.0,38.0,95.0,92.0,-37
36.33,100.0,16.0,111.0,100.0,-54
35.06,73.0,24.0,101.5,86.5,-2
37.17,77.0,20.0,117.0,98.0,-33
36.28,58.0,20.0,137.0,96.0,-34
37.11,83.0,22.0,108.5,97.0,-22
35.0,152.0,25.0,137.0,95.0,173
37.78,82.0,11.0,79.0,98.0,-15
36.28,78.0,20.0,94.0,98.0,-41
35.94,85.0,13.0,147.0,96.0,-13
37.17,68.0,17.0,125.0,96.0,-13
36.44,89.0,16.5,154.5,94.0,-54
36.83,65.0,20.0,129.0,98.0,-55
37.89,99.0,23.0,105.5,100.0,-37
36.39,57.0,14.0,123.0,100.0,-39
35.56,53.0,15.0,133.0,100.0,-15
36.72,127.0,19.0,94.0,100.0,0
35.0,51.0,21.0,114.0,100.0,-17
37.17,106.0,14.0,122.0,100.0,-14
37.22,75.0,9.0,99.0,97.0,-46
37.17,112.0,30.5,91.0,93.5,-33
35.6,80.0,14.0,116.0,100.0,-16
35.78,74.0,14.0,145.0,100.0,-54
35.17,84.0,14.0,122.0,100.0,-18
37.28,63.0,13.0,111.0,99.0,-39
35.39,67.0,14.0,129.0,99.0,-46
36.4,85.0,10.0,108.0,100.0,-51
35.28,88.0,13.0,112.0,100.0,-44
35.94,54.0,11.0,120.0,100.0,-16
36.94,89.0,18.0,161.5,100.0,-42
36.67,100.0,19.0,103.0,99.0,-20
36.61,80.0,12.0,101.0,99.0,-14
36.22,96.0,27.0,159.0,92.0,-39
34.11,92.0,18.0,132.0,95.0,0
35.83,81.0,17.0,105.0,100.0,-50
36.44,78.0,20.5,156.0,99.0,-39
36.83,85.0,19.0,117.0,99.0,-36
36.72,95.0,18.0,121.0,98.0,-35
37.44,87.0,19.0,95.0,98.0,-27
36.17,112.5,45.25,105.5,99.5,-31
35.9,110.0,14.0,110.0,100.0,48
36.17,89.0,16.0,136.0,94.0,-37
37.5,84.0,16.0,126.0,96.0,-37
36.0,64.0,14.0,124.0,100.0,-20
35.67,85.0,26.0,162.0,100.0,-43
36.72,67.0,30.0,96.0,99.0,-16
36.94,61.0,15.0,107.0,98.0,-23
36.56,99.0,17.0,162.0,98.0,-16
32.22,61.5,20.0,134.0,98.0,-32
36.72,89.5,11.5,121.0,98.0,-7
37.44,66.0,13.0,121.0,99.0,-41
36.89,86.0,17.25,125.5,100.0,-48
39.33,100.0,20.0,124.0,93.0,23
36.83,86.0,13.0,111.0,99.0,-18
35.94,42.0,18.0,127.0,99.0,-17
38.11,114.0,26.0,101.0,100.0,-14
36.72,90.0,16.0,110.0,100.0,-16
36.33,87.0,10.0,126.0,96.0,-7
35.5,96.0,10.0,121.0,100.0,-39
36.39,39.0,16.0,164.0,100.0,-7
38.0,108.0,26.0,107.0,98.0,-56
37.06,90.0,18.0,142.0,91.0,-14
37.61,81.0,11.0,142.5,99.0,-16
36.5,94.0,18.0,146.5,99.0,-13
36.22,114.0,33.0,99.0,92.0,-41
38.56,114.5,10.0,196.5,100.0,-33
37.28,91.0,14.0,117.5,100.0,-32
36.0,101.0,15.0,113.0,100.0,-24
37.11,66.0,18.0,89.5,97.0,-37
36.5,101.0,16.0,134.0,100.0,0
35.72,70.0,15.0,147.0,100.0,-43
36.56,77.0,14.0,126.0,100.0,-22
37.11,60.0,10.0,97.0,100.0,-40
37.67,65.0,16.0,121.0,100.0,-50
36.67,57.0,16.0,96.0,97.0,-15
36.61,68.5,28.0,117.5,97.0,-21
36.55,79.0,10.0,130.0,100.0,-18
35.86,98.0,24.0,121.0,100.0,-9
36.89,58.0,17.0,128.0,100.0,-21
37.4,107.0,14.0,110.5,100.0,-28
35.86,102.0,15.0,98.0,98.5,0
36.89,102.0,17.0,141.5,100.0,-41
37.17,72.0,15.0,114.0,94.0,-13
36.17,93.0,14.0,153.0,100.0,-40
36.17,96.0,16.0,132.0,100.0,-26
37.22,89.0,20.0,96.0,99.0,-34
36.78,67.5,13.5,154.0,100.0,-43
36.78,62.5,15.5,114.5,100.0,-36
36.6,78.0,10.0,123.0,100.0,-16
36.28,68.0,15.0,126.5,100.0,-18
35.4,87.0,10.0,111.5,99.0,-19
36.89,68.0,18.0,110.0,94.0,-15
37.33,84.0,24.0,147.0,97.0,-50
37.22,104.0,18.0,135.0,100.0,-23
36.6,95.0,16.0,129.0,99.0,-36
36.89,117.0,18.0,142.0,99.0,-20
36.28,88.0,14.0,103.0,100.0,-53
35.33,85.0,15.0,176.0,96.0,-37
37.56,86.0,18.0,151.0,98.0,-40
35.4,80.0,14.0,119.0,100.0,-21
35.78,96.0,22.0,140.0,92.0,-52
35.7,88.0,10.0,123.0,100.0,-13
36.56,107.0,25.0,128.0,100.0,-35
37.44,88.0,17.0,132.0,99.0,-34
36.45,87.0,15.0,110.0,100.0,-20
36.11,76.0,10.0,129.0,100.0,-44
36.75,89.0,13.5,76.5,100.0,-25
36.83,91.0,20.0,91.0,97.0,-46
35.5,81.0,10.0,112.5,100.0,-47
36.89,87.5,15.5,109.5,92.0,-32
36.72,85.0,16.0,130.0,95.0,-23
35.61,108.0,10.0,114.0,96.0,-21
36.11,124.0,26.0,118.0,97.0,-55
37.78,65.0,18.5,153.0,95.5,-20
36.39,101.0,18.0,141.5,94.5,-40
38.33,82.0,18.0,104.0,96.0,-25
36.83,73.5,15.5,100.0,98.5,8
37.17,81.0,20.0,160.0,97.0,-38
36.22,60.0,28.0,136.0,97.0,-22
37.6,82.0,4.0,117.0,99.0,-55
36.28,60.0,17.0,125.0,100.0,-11
35.6,86.0,16.0,122.0,98.0,-23
38.33,83.0,17.0,94.0,99.0,-51
37.06,76.0,16.0,155.0,99.0,-37
37.67,74.0,17.0,133.0,100.0,-13
36.94,53.0,20.0,159.0,100.0,-30
36.5,118.0,26.0,147.0,100.0,-17
34.78,74.0,14.0,123.0,100.0,-32
34.6,58.0,51.0,134.0,100.0,-14
37.06,83.0,13.0,119.0,99.0,-43
36.33,77.0,19.0,104.0,99.0,-41
36.28,61.0,7.5,102.0,97.0,-39
36.39,66.5,18.5,141.5,98.5,-28
36.78,91.0,24.0,116.0,100.0,-35
37.0,110.0,15.0,101.0,94.0,-45
35.78,72.0,16.0,115.5,100.0,-41
35.22,109.0,18.0,109.0,100.0,-40
36.7,87.0,10.5,119.0,100.0,-34
36.83,108.0,19.0,165.0,95.0,-18
37.1,92.0,12.0,119.0,97.0,-35
37.0,76.0,18.0,104.0,98.0,-51
36.78,110.0,11.0,112.0,99.0,-40
35.33,72.0,24.0,123.0,100.0,5
36.67,54.0,15.5,131.0,99.5,9
37.39,93.0,23.0,79.0,96.0,0
37.0,91.0,20.0,122.0,96.0,-28
36.83,81.0,15.0,130.0,97.0,-45
36.89,100.0,14.0,158.0,94.0,-22
36.45,91.0,9.0,122.0,100.0,-17
35.72,97.0,19.0,197.0,100.0,-37
35.35,78.0,11.5,122.5,100.0,-17
35.94,60.0,17.0,127.0,98.0,-44
37.17,86.0,18.0,122.0,95.0,0
37.78,122.0,24.0,141.0,100.0,-35
37.67,87.0,20.0,146.0,100.0,-34
37.8,80.0,8.0,142.5,98.0,-34
36.55,92.0,17.0,137.5,100.0,-32
35.94,77.5,15.0,114.0,94.0,-45
36.39,43.0,13.0,127.0,100.0,-34
35.67,94.0,21.0,100.0,94.0,-20
37.0,76.0,11.0,127.0,98.0,-21
36.78,55.0,18.0,117.0,100.0,0
36.06,75.0,8.5,198.0,100.0,-46
36.61,69.0,18.0,108.0,100.0,-22
37.17,94.0,30.0,121.0,95.0,-36
37.78,84.0,13.0,94.0,98.0,-24
37.0,89.0,20.0,122.0,100.0,-14
37.28,61.0,18.0,123.0,96.0,-14
36.11,63.0,10.0,111.0,95.0,-25
36.35,79.0,13.5,112.0,100.0,-39
36.22,86.0,14.5,149.0,99.0,-46
36.67,65.0,11.0,126.0,96.0,-42
35.94,67.0,17.0,182.0,98.0,-35
36.89,100.0,11.0,105.0,96.0,-38
36.17,76.0,24.0,143.0,98.0,-53
36.39,76.0,17.5,142.5,100.0,-41
38.67,83.0,22.0,140.0,94.0,-21
36.56,105.5,18.0,62.5,98.0,-19
37.56,98.0,18.0,115.0,99.0,-54
36.89,70.0,16.0,130.0,100.0,192
36.5,98.0,12.0,97.0,100.0,-24
35.4,80.0,14.0,82.5,100.0,-55
36.78,87.0,23.0,156.0,96.0,-50
36.44,55.0,25.0,112.0,96.0,-35
37.28,79.0,23.0,153.0,98.0,-24
36.61,69.0,13.0,112.0,98.0,-10
37.5,90.0,20.0,139.0,98.0,-28
37.78,81.0,28.0,152.0,98.0,-42
36.67,116.0,27.0,97.0,94.0,-7
36.06,55.0,16.0,119.0,95.0,-51
36.56,76.5,17.0,91.5,96.5,-47
37.44,79.0,19.0,129.0,96.0,-18
37.22,157.0,34.0,136.0,95.0,-31
37.33,104.0,20.0,107.0,100.0,-26
35.94,73.0,23.0,162.0,100.0,9
37.39,106.0,19.0,105.0,95.5,-16
35.55,80.0,14.0,119.0,100.0,-21
36.89,76.0,14.0,134.5,99.5,3
37.17,125.0,24.0,145.0,90.0,-26
38.0,97.0,20.0,169.0,100.0,-47
35.22,80.0,15.0,156.0,100.0,129
36.22,88.0,13.5,100.5,100.0,-32
35.78,61.0,16.0,122.0,95.0,-43
36.56,91.0,11.0,126.0,97.0,-26
34.9,68.0,12.0,107.0,100.0,-35
34.05,63.0,18.5,109.0,100.0,-40
38.17,128.0,30.0,147.0,94.0,-42
36.11,91.5,13.5,153.0,92.0,-39
36.67,106.0,16.0,89.0,93.0,-36
36.11,82.0,25.0,123.0,91.0,-43
35.4,78.0,10.0,133.0,100.0,-51
36.78,71.5,14.75,127.0,99.0,-43
36.19,87.0,19.0,124.5,100.0,65
34.85,74.0,14.0,129.0,100.0,-51
36.06,81.5,17.5,134.0,99.0,-26
35.78,68.0,16.0,142.0,100.0,-23
36.6,88.0,53.0,104.5,99.5,-42
37.33,123.0,19.0,117.0,93.0,-38
34.3,83.0,18.0,83.0,100.0,132
36.67,59.0,20.0,110.0,96.0,-24
36.17,87.0,20.0,93.0,97.0,-43
36.67,78.0,26.0,125.0,99.0,-41
36.33,70.0,13.0,118.0,95.0,-23
35.4,101.5,8.0,123.0,100.0,-43
36.67,61.0,13.0,94.0,97.0,-22
37.44,66.0,14.0,142.0,97.0,-41
36.89,90.0,20.0,102.0,97.0,9
35.94,88.0,14.5,109.0,100.0,-10
36.83,81.0,15.0,155.0,97.0,-42
36.11,96.0,24.0,109.0,95.0,-12
36.44,57.0,18.0,138.0,94.0,-37
36.89,81.0,12.0,103.0,98.0,-28
35.67,83.0,19.0,114.0,99.0,-21
35.3,66.0,10.0,113.0,100.0,-34
36.89,82.0,18.0,106.0,100.0,-46
36.0,84.0,10.0,99.0,100.0,-23
37.11,92.0,27.0,137.0,99.0,-33
36.55,68.5,15.5,150.5,100.0,-23
35.42,56.5,14.0,121.0,99.5,-30
35.89,88.0,9.0,103.0,100.0,-14
36.89,76.0,20.0,143.0,97.0,-45
35.78,72.0,14.5,125.0,100.0,-13
35.35,82.0,10.0,144.5,100.0,-28
35.75,79.0,13.5,106.5,100.0,-21
37.06,91.0,14.0,118.0,97.0,-45
37.0,98.0,29.0,136.0,95.0,-44
36.72,85.0,19.5,148.0,99.0,-43
36.11,78.0,18.5,130.5,100.0,-45
36.17,68.0,11.0,100.25,90.5,-33
36.17,96.5,12.5,140.5,99.0,-19
37.39,91.0,25.0,119.0,93.0,-25
35.44,91.5,15.5,139.5,100.0,-17
36.85,98.5,16.0,104.5,98.0,-27
36.31,66.5,14.0,98.5,100.0,-14
36.33,75.0,16.0,119.0,99.0,-55
37.44,86.0,12.0,127.0,100.0,-30
37.44,68.0,20.0,123.0,100.0,-48
34.8,49.5,11.5,126.0,100.0,-23
37.11,79.5,14.0,139.0,96.5,-51
36.94,113.0,12.5,97.0,98.0,-18
35.39,117.0,24.0,106.0,100.0,-33
36.44,112.0,26.0,100.0,96.0,-35
35.67,75.0,21.75,174.0,100.0,-15
35.89,67.0,16.0,121.0,100.0,-37
35.06,131.5,20.0,88.0,96.0,-35
36.11,106.5,12.5,151.5,98.0,-36
34.9,69.0,16.0,132.0,100.0,-30
36.56,100.0,16.0,162.0,98.0,-17
38.22,75.0,21.0,138.0,100.0,-28
36.72,76.0,18.0,134.0,99.0,-18
35.65,87.0,12.0,103.0,100.0,-35
37.0,66.0,21.0,128.0,94.0,-40
37.11,59.0,17.0,90.0,96.0,-15
37.4,64.0,16.0,128.0,100.0,-38
36.72,60.0,14.0,122.0,100.0,-48
36.94,114.0,20.5,104.0,100.0,-46
36.89,111.0,19.5,127.5,99.0,10
36.33,84.0,16.0,117.0,91.0,-47
37.44,82.0,34.0,150.0,99.0,-41
36.33,106.0,20.0,101.5,94.0,-56
36.89,69.0,23.0,158.0,98.0,-49
37.33,108.0,23.0,151.0,98.0,-50
36.83,99.5,23.5,127.5,95.5,-10
37.33,122.0,20.0,138.0,100.0,-31
36.61,75.5,18.5,130.5,96.5,-36
36.89,72.0,21.0,136.0,94.0,-42
36.83,83.0,16.0,112.0,96.0,-12
36.11,108.0,37.0,140.0,93.0,-11
36.72,91.0,15.0,126.0,94.0,-29
37.0,96.0,22.0,93.0,100.0,-56
37.33,88.5,22.0,109.0,95.0,-28
36.56,115.0,16.0,144.0,100.0,-14
36.83,82.0,18.0,153.0,98.0,117
33.94,111.0,23.0,110.0,95.0,-36
36.11,76.0,26.0,108.0,98.5,-42
35.5,80.0,17.0,103.0,100.0,-34
37.06,96.0,10.0,114.0,100.0,-20
36.56,90.0,23.0,90.0,93.0,0
36.72,93.0,20.0,122.0,98.5,-35
36.44,79.0,18.0,164.0,99.0,-43
36.61,95.5,25.5,142.0,99.0,-33
36.11,85.0,18.5,125.0,100.0,-35
36.89,61.0,19.0,106.0,97.0,-12
36.83,88.0,16.0,115.0,96.0,-12
36.22,94.0,22.0,126.0,100.0,-17
37.94,82.5,9.0,144.0,100.0,112
36.22,89.0,20.0,135.0,97.0,-23
37.0,74.0,18.0,121.0,96.0,-35
36.89,79.0,11.0,112.0,96.0,-11
36.83,88.0,20.0,133.0,94.0,-19
36.2,80.0,12.5,143.0,100.0,-16
36.45,91.0,12.0,135.5,100.0,-43
34.1,74.0,11.0,87.5,100.0,-48
36.39,67.0,14.0,106.0,97.5,-22
36.4,80.0,12.0,112.5,100.0,-19
37.61,100.0,33.0,133.0,98.0,-53
35.6,90.0,10.0,124.0,100.0,-15
35.67,80.0,23.0,167.0,97.0,-24
36.7,107.0,22.0,102.0,95.5,-34
35.55,100.0,12.0,121.0,100.0,-22
35.3,80.0,10.0,109.0,100.0,-43
35.33,94.5,20.25,203.0,100.0,-44
37.78,86.0,22.0,134.25,100.0,-48
37.28,110.5,14.0,122.5,98.0,-51
36.5,59.0,21.0,105.0,100.0,-45
35.1,69.0,10.0,137.0,96.5,-33
36.44,56.0,15.0,138.0,100.0,-33
36.44,131.0,29.0,132.0,100.0,-33
37.78,76.0,26.0,110.0,98.0,-41
35.94,61.0,21.0,131.0,100.0,-40
36.25,75.0,13.0,116.0,100.0,-18
36.85,85.0,12.0,105.0,100.0,-20
36.4,87.0,12.0,109.5,100.0,-15
35.94,59.0,17.0,108.0,99.0,-16
36.7,88.5,14.0,105.5,100.0,-50
36.8,86.0,14.75,105.0,100.0,-25
36.72,69.0,20.0,123.0,96.0,-20
37.56,80.0,20.0,121.0,100.0,-19
35.3,80.0,12.5,132.5,100.0,-23
36.83,85.0,15.0,91.0,97.0,-21
36.39,77.0,14.0,127.0,97.0,-38
37.78,66.0,17.0,98.0,100.0,-23
37.67,87.0,24.0,122.0,100.0,-25
36.2,99.0,11.5,110.5,100.0,-31
35.83,101.0,20.0,167.5,94.0,-44
37.22,60.0,15.0,138.0,100.0,-12
37.5,65.0,20.0,147.0,100.0,-39
36.61,81.0,19.5,161.0,98.0,-43
38.06,105.0,15.0,131.0,95.0,-39
36.69,93.5,14.0,125.5,100.0,-24
36.5,71.0,18.0,94.0,100.0,-24
36.44,103.0,13.0,111.0,99.0,-49
35.44,102.0,17.0,97.0,97.0,-51
36.44,101.0,18.0,119.0,96.0,-25
35.78,99.0,15.0,102.0,100.0,-37
36.22,60.0,15.0,116.0,97.0,0
39.4,127.5,30.0,124.0,93.5,-40
37.1,88.0,10.0,150.0,100.0,-40
38.61,91.0,25.0,117.0,96.0,-49
36.72,70.0,21.0,120.0,99.0,-23
35.33,60.0,14.0,148.0,99.0,-18
35.89,85.0,16.0,127.0,100.0,-37
36.1,80.0,16.0,118.0,100.0,-18
35.89,92.0,18.0,102.25,97.5,-51
35.61,107.0,17.0,128.0,98.0,-55
35.5,77.5,14.0,112.5,100.0,-40
37.44,75.0,16.5,159.5,100.0,-42
34.7,55.0,12.0,104.0,100.0,-22
35.67,77.0,15.0,140.0,100.0,-34
36.89,115.0,13.0,114.5,100.0,-20
37.28,101.0,18.0,170.0,98.0,-16
36.39,69.0,13.0,156.0,91.0,-20
35.95,93.0,14.0,118.0,100.0,-34
37.44,72.0,21.5,143.0,100.0,-18
35.4,79.0,13.0,105.0,100.0,-28
38.0,71.0,19.0,133.0,99.0,-49
36.33,117.0,18.0,171.0,95.0,-21
37.67,89.0,27.0,118.0,97.0,-12
36.11,90.0,15.0,98.5,98.0,-25
37.06,58.0,20.0,102.0,99.0,-28
36.11,74.0,12.0,118.5,100.0,-40
36.2,78.5,16.0,121.0,100.0,-19
37.0,71.0,20.5,107.0,99.0,-16
36.78,63.0,14.0,113.5,97.0,-45
36.2,84.0,18.0,106.0,100.0,-22
35.83,74.0,12.5,106.0,100.0,-19
36.39,73.0,18.0,161.0,98.0,-43
35.56,105.0,23.5,132.0,98.0,91
37.06,104.0,26.0,245.0,98.0,-49
37.15,76.0,12.0,121.0,97.0,-41
36.11,75.0,14.0,169.0,98.0,-48
36.64,90.0,12.0,112.0,100.0,-18
36.06,100.0,16.0,173.0,98.0,-38
37.89,116.0,16.75,129.0,99.5,-38
36.72,82.0,19.0,120.0,96.0,-48
37.22,103.0,22.0,136.0,97.0,-50
34.7,90.0,14.0,137.0,100.0,-19
36.56,88.0,20.0,102.0,98.0,-28
36.11,87.0,14.0,121.0,100.0,0
35.89,65.0,20.0,155.0,96.0,-14
36.83,68.0,14.0,116.0,100.0,-32
36.72,76.0,19.0,128.0,100.0,140
36.85,104.0,14.0,121.0,100.0,-43
37.6,71.0,24.0,141.0,98.0,-35
36.5,91.0,12.0,120.0,100.0,-20
37.72,132.5,18.5,129.0,92.5,32
37.94,110.0,16.0,128.0,100.0,12
36.22,77.0,13.0,154.5,99.0,-19
36.44,84.0,22.0,151.0,95.0,-48
37.06,84.0,18.75,136.0,99.0,48
36.33,80.0,12.0,104.5,100.0,-20
36.03,80.5,14.0,122.0,98.5,-28
34.39,64.0,16.0,125.0,100.0,-40
37.5,80.0,14.0,135.0,97.0,-44
36.33,67.0,17.0,142.0,96.0,-3
36.3,67.0,8.5,92.0,100.0,-35
37.11,76.0,20.0,104.0,95.0,-41
38.67,108.0,22.0,125.0,96.0,-38
35.0,94.0,24.0,106.0,94.0,-53
36.78,90.0,18.0,154.0,97.0,-41
35.56,74.5,14.0,109.0,100.0,-22
36.5,67.0,17.5,91.5,99.0,-44
36.17,110.0,19.0,91.0,93.0,-33
36.56,45.0,17.0,122.0,98.0,-15
39.0,100.0,14.0,141.0,96.0,-15
37.11,103.0,30.5,104.5,95.0,-51
38.0,81.0,19.0,105.0,100.0,-44
37.2,70.0,28.0,104.0,94.0,-53
37.5,94.0,14.0,125.0,100.0,-29
35.61,92.5,16.0,113.0,100.0,-30
37.06,120.0,17.0,138.0,100.0,-40
36.5,99.5,20.0,162.5,98.5,-13
38.0,78.0,15.0,139.0,100.0,106
37.0,91.0,18.0,125.0,98.0,-50
36.72,88.0,18.0,134.0,93.0,-44
35.4,80.0,14.0,104.0,100.0,-20
35.44,83.0,20.0,143.0,95.0,-38
36.3,87.0,17.5,134.5,99.0,-17
36.44,94.0,19.0,131.0,100.0,-9
36.89,94.0,18.0,170.5,93.0,-47
38.83,93.0,23.5,152.0,100.0,-4
35.83,76.5,8.5,101.5,97.0,-26
37.11,102.0,17.5,190.0,100.0,-46
36.78,119.0,17.0,114.0,95.5,-34
37.44,76.0,14.5,142.0,100.0,0
37.0,72.0,18.0,134.0,97.0,-51
35.06,83.0,23.0,114.0,100.0,-33
36.44,65.0,25.0,121.0,88.0,-38
37.2,90.0,12.0,104.0,100.0,-44
35.28,61.0,11.0,138.0,97.0,-35
36.61,90.0,35.0,140.0,96.0,-47
37.5,85.0,22.0,127.0,99.0,-32
37.17,101.0,16.0,88.0,97.0,-38
36.17,88.5,10.0,118.5,100.0,-16
35.39,80.0,20.0,204.5,100.0,-14
36.33,118.0,27.0,148.0,100.0,-38
37.78,94.0,17.0,103.0,100.0,-37
36.72,82.0,12.5,169.0,100.0,-44
36.67,70.0,10.0,96.0,100.0,-41
36.67,94.0,21.0,138.0,97.0,-24
39.33,91.0,26.0,102.0,100.0,-29
37.0,77.0,23.0,156.0,96.0,-13
36.06,55.0,12.0,123.0,100.0,-42
36.14,77.0,15.0,116.0,100.0,-16
35.89,73.0,16.0,139.0,99.0,-37
36.44,109.5,13.0,97.0,100.0,-34
36.67,60.0,16.0,124.0,100.0,-48
37.67,91.0,17.0,163.0,96.0,-48
34.78,89.0,13.5,127.0,100.0,-12
36.17,65.0,15.0,136.0,96.0,-8
36.11,94.5,15.0,92.5,100.0,-46
36.72,100.5,12.5,108.0,93.5,-17
36.33,79.0,15.0,125.0,98.0,-41
36.28,98.0,16.0,109.0,98.0,-51
35.28,66.0,25.0,90.5,100.0,131
39.11,112.0,16.5,122.0,98.0,-20
35.67,72.0,16.0,127.0,98.0,-36
35.56,67.0,26.0,122.0,98.5,-47
37.22,70.0,18.0,161.5,100.0,-17
35.78,76.0,17.5,110.0,100.0,-25
36.22,85.0,15.0,128.0,98.0,-35
35.56,115.0,16.5,143.5,100.0,-34
36.94,71.0,10.0,123.0,96.0,-4
37.78,87.0,17.0,117.0,96.0,-18
36.67,96.0,18.0,110.0,97.0,-35
37.11,98.0,13.0,125.0,99.0,-38
35.78,65.0,17.0,160.0,100.0,-45
37.06,72.0,15.0,107.0,97.0,-26
36.9,101.0,12.0,107.0,99.0,-46
36.67,74.0,20.0,165.75,95.0,-25
36.39,97.0,20.0,108.0,98.0,-35
37.0,111.0,23.0,125.0,99.0,0
37.78,80.0,11.0,125.0,94.0,-34
37.22,101.0,20.0,117.0,96.0,-45
37.8,97.5,14.0,115.0,99.0,-20
36.56,95.0,20.0,120.0,97.0,-6
36.67,73.0,18.0,133.5,100.0,-18
37.67,83.0,32.0,119.5,92.0,-54
36.83,94.0,26.0,159.0,100.0,-55
37.22,93.0,12.0,97.0,97.0,-37
36.17,73.0,14.0,127.0,94.0,-38
36.89,80.5,16.0,139.5,98.0,-17
36.5,82.5,21.0,156.0,100.0,-39
37.17,113.0,18.0,125.0,100.0,-53
36.89,109.0,21.0,97.0,99.0,-37
38.72,79.0,18.5,151.5,98.5,-23
35.56,118.0,34.0,127.0,99.0,-92
35.67,102.0,12.0,136.0,98.5,-40
36.17,62.0,19.0,140.0,97.0,-39
37.56,85.0,19.0,138.0,96.0,-31
35.6,80.0,11.0,146.0,100.0,30
32.6,70.0,14.0,147.5,99.0,-4
36.66,96.5,14.0,110.5,99.5,71
36.78,98.0,18.0,96.0,100.0,-45
36.05,75.0,15.0,131.5,100.0,-20
35.0,64.5,27.0,114.0,93.0,-23
35.44,90.0,9.75,90.5,100.0,-14
37.28,83.0,34.0,93.0,97.0,-55
36.33,108.0,16.0,180.0,97.0,-42
37.83,91.0,35.0,106.0,97.0,40
36.67,69.5,19.5,115.0,93.5,-17
36.17,108.0,23.0,114.0,95.0,-36
36.61,74.0,14.0,123.0,99.0,-54
36.67,97.0,23.0,144.0,98.0,-38
36.55,75.0,14.0,131.0,100.0,-39
36.33,94.0,19.0,115.5,100.0,-11
36.5,89.0,12.0,102.0,100.0,-31
36.5,80.0,16.0,124.0,100.0,-16
36.56,135.0,21.5,131.0,95.0,-30
36.78,62.0,18.0,126.0,95.0,-28
36.56,72.0,20.0,141.0,100.0,-40
37.0,82.0,19.5,144.0,93.5,32
36.44,53.0,12.0,83.0,100.0,-18
36.5,101.0,14.0,126.5,100.0,-55
36.28,103.0,18.0,102.0,97.0,-29
37.0,94.5,23.5,194.5,98.0,-36
36.89,109.0,21.5,136.0,99.0,-39
35.22,75.5,10.5,103.0,100.0,-16
36.44,98.5,16.0,130.5,100.0,-15
36.17,93.0,24.5,120.0,95.0,-23
37.22,98.0,17.0,111.0,98.0,-55
37.17,54.0,8.0,140.0,96.0,-54
37.33,93.0,14.0,111.0,94.0,-26
35.4,95.0,15.0,93.0,94.0,-35
36.72,117.5,12.0,110.5,100.0,-48
37.83,76.0,19.5,107.0,97.0,-34
38.89,115.0,17.0,127.0,95.0,-39
36.17,98.0,16.0,110.0,98.0,-36
36.44,90.5,12.0,112.5,100.0,-17
35.78,91.5,27.0,93.0,92.5,-42
36.67,63.0,16.0,116.0,99.0,-39
37.0,93.0,11.0,100.0,100.0,-27
35.83,69.0,10.0,133.0,100.0,-12
36.61,62.0,15.0,116.0,100.0,-15
38.56,88.0,25.0,140.0,100.0,-43
37.17,60.0,19.0,131.0,94.0,-10
37.44,95.0,18.0,122.0,100.0,-4
37.1,99.0,16.0,98.0,99.0,-19
37.39,84.0,12.0,103.0,97.0,-17
36.78,89.0,19.0,107.0,98.0,-43
37.67,77.0,16.5,157.5,100.0,-49
36.44,63.0,15.0,106.0,99.0,-15
36.78,89.0,17.0,100.0,99.0,-9
37.0,114.0,18.0,123.0,99.0,-9
35.56,111.0,19.0,153.0,94.0,-26
36.65,66.0,12.0,129.0,100.0,-46
36.67,94.0,18.0,103.0,99.0,-40
36.5,69.0,14.0,124.0,100.0,-37
36.89,62.0,21.0,148.0,98.0,-10
38.11,99.0,18.0,118.5,94.0,-56
37.0,79.0,16.0,94.0,99.0,-39
35.94,81.0,16.0,147.0,100.0,-13
37.89,88.0,14.0,102.0,100.0,-35
37.17,82.0,18.0,107.0,99.0,-47
36.78,99.0,13.0,132.0,98.0,-21
35.44,74.0,13.0,76.0,97.0,12
35.33,114.5,24.0,109.0,99.0,0
36.85,103.0,11.0,130.5,100.0,-37
35.83,60.5,20.5,120.5,100.0,-42
36.11,66.0,19.5,136.0,100.0,-16
35.94,59.0,12.0,176.0,99.0,-29
35.8,72.0,10.0,110.0,100.0,-19
36.6,145.0,15.0,104.5,96.0,45
36.44,72.0,18.0,196.0,97.0,-36
36.22,96.0,13.0,113.0,100.0,90
35.39,126.0,25.0,169.0,100.0,-36
37.0,88.0,18.0,115.0,96.0,0
36.67,89.0,27.0,128.0,97.0,-53
31.5,89.0,10.0,118.0,95.0,-53
36.0,83.0,12.0,119.0,100.0,-17
37.0,74.5,15.5,96.0,96.5,-41
37.0,69.0,16.0,96.5,100.0,-19
36.44,69.0,18.0,151.0,92.0,-32
37.39,122.5,25.0,119.5,62.5,66
35.83,82.0,15.5,138.0,97.0,-38
35.3,52.0,12.0,102.0,98.0,-45
36.89,92.5,15.5,99.0,98.0,-48
36.67,84.0,21.0,133.0,95.0,-39
36.56,97.0,18.0,137.0,99.0,-41
37.0,99.0,26.0,135.0,100.0,-16
36.44,77.0,9.0,104.0,98.0,-17
37.28,88.0,18.0,133.0,98.0,-39
36.89,68.0,20.0,125.0,97.0,-19
36.17,93.5,22.0,81.5,97.0,-41
37.28,81.5,19.0,121.0,100.0,158
35.7,65.0,11.0,158.5,100.0,-48
37.61,77.0,17.0,131.0,97.0,-53
35.83,85.0,21.0,118.0,96.0,-17
37.22,70.0,23.0,104.0,98.0,-40
35.8,76.5,12.0,110.0,100.0,-20
36.0,79.5,16.0,127.0,97.0,-19
36.4,103.5,10.25,107.5,97.0,-32
36.44,90.0,16.0,124.0,100.0,-31
37.0,93.0,12.0,123.0,100.0,23
36.94,81.0,21.0,131.0,96.0,-51
35.89,92.0,20.0,140.0,100.0,-17
36.0,80.0,8.0,107.0,96.0,-18
34.9,78.0,14.0,125.0,100.0,-36
38.0,116.0,16.0,135.0,95.0,-52
36.39,83.0,16.0,136.0,99.0,-29
35.83,124.0,14.5,101.25,99.0,-31
37.33,90.0,32.0,114.0,97.0,-30
36.39,79.0,23.0,128.0,91.0,-58
37.0,91.0,17.0,90.0,100.0,-38
36.72,55.0,17.0,99.0,100.0,-54
38.67,108.0,19.0,158.0,100.0,-46
36.78,77.0,26.0,125.0,100.0,-56
36.61,88.0,10.0,123.0,96.0,-21
36.6,78.5,15.5,101.0,100.0,-16
35.6,88.0,8.5,117.0,100.0,-26
36.17,79.0,14.0,106.0,100.0,-17
37.56,65.0,21.0,129.0,96.0,-48
36.72,77.0,20.0,125.0,91.0,-23
36.28,102.0,33.0,140.0,94.0,120
37.56,90.0,19.0,180.5,93.0,-37
35.9,66.0,13.5,127.0,100.0,0
35.94,85.0,19.0,108.0,100.0,-35
35.8,63.5,12.0,137.0,100.0,-49
36.44,111.5,34.0,118.0,93.0,-11
37.56,93.0,24.0,118.0,95.0,-39
38.56,95.0,15.0,164.5,99.0,-20
34.2,88.0,12.0,127.0,100.0,-20
37.06,68.0,15.0,154.0,95.0,-46
36.89,89.0,15.5,82.0,100.0,-18
36.72,83.5,15.5,141.0,98.5,-28
36.11,60.0,14.0,95.0,100.0,-41
36.44,82.5,17.5,108.5,100.0,-23
36.0,84.0,10.0,124.0,100.0,-27
36.94,118.0,14.0,114.0,100.0,-45
36.8,98.0,17.0,81.0,100.0,-40
36.22,74.0,14.0,86.0,97.0,-27
36.78,87.0,11.5,118.0,98.0,-49
36.94,111.5,18.0,102.0,98.5,-49
36.61,105.0,35.0,127.0,94.0,0
35.89,74.0,25.0,103.0,98.0,-43
36.39,80.5,19.75,129.5,100.0,3
35.94,63.0,13.0,140.0,91.0,-18
37.17,102.0,18.0,130.0,100.0,-13
37.83,97.0,16.0,105.0,98.0,0
35.83,92.5,23.0,167.0,100.0,-41
38.11,106.0,34.0,114.0,97.0,-34
36.44,100.5,24.0,133.0,100.0,-39
36.11,84.0,17.0,162.0,98.0,-19
36.28,68.0,13.0,121.0,98.0,-36
35.78,77.0,18.0,135.0,100.0,-23
37.25,84.0,12.0,123.0,100.0,-22
36.22,71.0,19.0,90.0,96.0,-16
37.56,103.0,9.0,103.0,99.0,-24
37.06,105.0,14.0,86.0,100.0,-40
35.7,73.5,14.5,110.0,100.0,-39
35.94,85.0,14.0,120.0,100.0,-19
36.28,84.5,14.0,144.5,100.0,-38
37.06,49.5,13.0,126.75,95.0,18
36.89,72.0,12.0,117.0,98.0,-51
35.2,90.0,12.5,95.0,98.5,-47
36.56,60.0,16.0,108.0,100.0,-46
36.28,70.0,17.0,109.0,96.0,-11
36.89,88.0,19.0,110.0,96.0,-38
36.72,158.0,14.5,119.0,98.5,-13
36.61,109.0,14.0,163.0,96.0,-43
36.28,111.0,20.0,150.0,97.0,-76
37.17,104.0,21.0,126.0,95.0,-37
36.61,91.0,23.0,104.0,98.0,-36
36.67,70.5,16.0,101.5,100.0,-37
37.33,112.0,31.0,147.0,100.0,-3
37.11,91.5,19.0,219.5,99.5,-8
36.44,118.0,27.0,112.0,92.0,-37
39.17,93.0,13.0,154.0,99.0,-43
37.3,76.0,19.0,143.0,100.0,0
36.06,60.0,10.0,121.0,98.0,-38
36.11,79.5,19.5,92.75,98.0,-22
37.56,66.0,14.0,105.0,96.0,-22
36.72,113.0,27.0,119.0,100.0,-40
35.85,80.0,8.5,116.0,100.0,-22
36.9,90.0,10.0,117.0,100.0,-19
35.5,88.0,14.0,156.0,100.0,-43
36.94,70.0,18.0,102.0,99.0,-17
36.94,96.0,17.0,102.0,97.0,-35
37.0,67.5,20.0,114.0,98.0,-43
36.6,66.0,14.0,129.0,100.0,-30
36.17,95.0,24.0,103.0,98.0,-33
36.8,101.0,27.0,116.5,98.0,-33
36.11,76.0,17.0,132.0,98.0,-43
34.44,79.0,28.0,141.5,100.0,0
37.39,70.5,21.0,123.0,98.0,-10
36.22,81.5,16.5,146.5,100.0,-21
36.89,69.0,15.0,117.0,98.0,-35
37.5,86.0,12.5,127.0,99.0,-42
36.06,80.0,12.0,122.5,100.0,-37
35.8,80.0,12.0,89.0,99.0,-55
37.0,94.5,13.5,119.5,99.5,-22
36.89,69.0,15.0,111.0,98.0,-31
36.9,90.0,12.0,110.0,100.0,-40
36.0,51.0,22.5,136.0,96.0,-56
37.06,91.0,16.0,177.0,100.0,-35
37.7,105.5,37.5,102.75,80.0,-4
36.72,81.0,17.0,105.0,100.0,-37
39.0,127.0,15.5,122.0,95.0,-50
36.94,66.0,20.0,144.0,99.0,-16
35.78,73.0,17.0,112.0,98.0,-39
34.67,76.5,12.0,96.0,100.0,-13
36.56,97.0,24.0,99.0,99.0,-33
35.5,69.0,13.0,118.0,100.0,-39
36.78,60.0,14.0,137.0,98.0,32
36.67,109.0,14.0,105.0,97.0,-42
36.72,80.0,18.0,136.0,99.0,-35
36.4,59.5,15.0,124.0,99.0,-23
37.0,85.0,23.0,107.0,98.0,-32
35.89,69.0,16.0,134.0,100.0,-13
37.67,88.0,12.0,122.0,100.0,-41
35.7,91.0,10.0,123.0,99.5,-46
36.89,76.0,20.0,141.0,100.0,-18
36.89,74.0,11.0,91.0,97.0,-43
37.06,92.0,15.5,122.0,96.5,92
37.17,79.0,14.0,95.5,96.0,-30
36.94,101.0,22.0,117.0,100.0,-55
36.17,78.0,13.0,120.0,100.0,-40
36.3,84.5,14.5,114.0,100.0,-43
36.83,69.0,13.0,125.0,100.0,-32
37.72,100.0,20.0,114.0,100.0,-17
36.11,76.0,12.0,112.0,100.0,-42
36.39,91.0,26.0,194.0,100.0,-38
36.56,117.0,33.0,94.0,95.0,-17
35.28,86.0,10.0,107.0,100.0,-41
36.2,87.0,16.0,97.0,100.0,-23
38.94,107.0,17.0,123.0,100.0,-48
36.11,63.0,17.0,142.0,95.0,-46
36.83,75.0,12.0,94.0,97.0,-25
35.25,87.0,16.0,121.0,94.5,-7
36.89,56.0,12.5,134.0,100.0,-41
37.22,68.0,19.0,108.0,96.0,-38
36.78,57.0,11.0,137.0,100.0,-35
35.3,85.5,16.0,107.5,100.0,-23
37.67,115.0,20.0,102.0,100.0,-30
36.11,66.0,13.0,86.0,98.0,-54
36.72,68.0,21.0,140.0,96.0,-12
35.72,89.0,15.0,126.0,100.0,-16
36.5,57.0,12.0,152.0,100.0,-20
36.17,85.0,13.0,118.0,98.0,-28
36.56,84.0,15.0,178.0,98.0,-50
37.78,113.0,12.0,104.0,50.0,-51
37.5,84.0,26.0,152.0,94.0,-20
35.17,79.0,10.0,107.5,100.0,-20
36.4,118.0,14.0,116.0,99.0,-44
36.33,70.0,10.0,114.0,99.0,-14
37.61,93.0,22.0,111.0,100.0,-36
36.11,69.0,14.0,158.0,100.0,-15
34.89,80.0,27.5,113.5,98.0,-36
36.33,82.0,14.0,134.0,99.0,-17
35.5,56.0,18.0,119.0,97.0,-14
35.75,72.5,12.0,95.5,100.0,-37
36.65,91.0,12.0,98.5,100.0,-47
36.7,70.0,14.0,112.0,99.0,-35
37.28,116.0,25.0,119.0,94.0,-38
36.61,72.0,12.0,119.0,100.0,-38
36.44,63.0,14.0,100.0,100.0,-27
36.4,80.0,14.0,126.0,100.0,-19
34.2,62.0,10.0,110.0,100.0,-18
37.67,99.0,13.0,144.0,95.0,-46
36.33,84.0,19.0,95.0,100.0,-18
38.22,73.0,18.5,120.5,99.5,43
37.11,85.0,20.0,118.0,96.0,-44
35.56,94.0,19.0,110.0,100.0,-44
36.67,114.0,19.0,116.5,99.0,-41
36.67,88.0,10.0,136.0,97.0,-11
36.1,111.0,14.25,136.5,100.0,-39
36.17,86.0,9.0,102.0,95.0,-35
35.94,79.5,29.0,175.0,94.0,-18
36.72,99.0,15.0,122.0,98.0,-49
37.22,94.5,27.5,153.0,97.5,-47
35.65,84.0,10.5,127.0,100.0,-14
35.67,78.0,23.0,126.0,92.0,-34
36.22,79.0,17.0,157.0,98.5,-19
34.75,68.0,10.0,118.0,100.0,-36
36.33,92.0,16.0,115.0,98.0,-54
36.06,89.5,15.0,92.0,98.5,-39
37.56,99.0,27.5,81.0,97.5,-35
37.44,73.0,14.0,117.0,95.0,-14
37.94,91.0,17.5,122.0,100.0,-43
36.89,70.0,14.0,121.0,100.0,28
37.28,79.0,15.0,107.0,98.0,-38
36.33,84.5,17.5,121.5,95.5,-50
37.17,108.0,10.0,88.0,98.0,-53
37.06,87.0,20.0,121.0,99.0,-38
37.8,141.5,22.0,115.5,97.0,-9
36.28,93.0,19.5,136.0,100.0,8
36.06,64.0,16.0,181.0,93.5,-1
36.83,131.0,18.0,106.0,93.0,-26
36.83,81.5,22.5,145.5,99.5,-14
37.83,100.0,29.0,137.0,97.0,-50
36.11,74.0,25.0,119.0,100.0,-10
37.06,74.0,17.0,137.0,98.0,-51
38.67,116.5,34.0,161.5,86.0,-40
36.56,75.5,15.0,113.0,100.0,-46
36.11,77.0,19.0,140.0,97.0,-46
39.61,76.5,16.0,161.0,98.0,-49
35.5,67.0,17.75,178.25,99.5,-47
36.3,91.0,12.0,101.0,100.0,-1
36.2,70.0,16.0,113.0,100.0,-18
35.72,67.0,15.0,111.0,98.5,-41
37.22,78.0,12.0,119.0,99.0,-12
33.6,63.0,12.0,186.0,100.0,-32
36.78,85.0,15.0,80.0,99.0,-35
37.0,56.0,18.0,130.0,96.0,-17
35.56,91.0,17.0,162.0,100.0,-19
37.28,93.0,18.0,131.0,95.0,-10
36.72,66.0,22.0,124.0,100.0,-21
36.44,74.0,15.0,130.0,97.5,-31
36.67,69.0,18.0,119.0,95.0,-37
36.11,77.0,17.0,118.0,97.0,156
36.67,69.0,14.0,121.0,96.0,-45
35.89,72.0,23.0,87.0,95.0,-23
36.39,73.0,16.0,167.0,97.0,-42
36.67,88.0,19.0,158.5,97.0,-41
38.67,138.0,20.0,134.0,100.0,-50
35.78,80.0,16.5,100.0,100.0,-53
35.5,79.5,12.0,96.0,99.5,-22
35.56,87.0,18.0,95.0,100.0,-52
36.11,47.5,14.0,104.0,100.0,-45
36.0,61.0,18.0,117.0,100.0,-32
38.0,90.0,16.0,107.0,100.0,-36
36.7,90.0,10.0,129.0,100.0,-37
36.4,83.5,10.75,116.0,100.0,-23
37.97,116.0,16.0,120.5,100.0,-21
36.61,94.0,21.5,142.5,90.0,-49
38.28,108.0,26.0,176.0,91.0,-18
36.44,70.0,13.0,117.0,98.0,-41
36.6,82.5,18.0,100.5,100.0,-23
35.56,84.0,19.0,246.0,99.0,-36
35.67,128.0,20.0,83.0,99.5,-52
36.89,93.0,19.0,118.0,98.0,-27
38.72,103.0,12.0,163.0,100.0,-45
36.33,90.0,21.0,183.0,95.0,-51
35.83,88.0,10.0,113.0,100.0,-19
35.06,65.0,16.0,121.0,100.0,-2
38.06,114.0,12.0,106.0,100.0,-39
38.39,108.0,16.0,113.0,92.0,0
35.94,81.0,18.0,109.0,100.0,-25
34.0,97.5,12.0,70.5,82.5,-39
36.2,80.0,16.0,117.0,100.0,-17
36.35,80.0,15.5,115.0,100.0,-14
36.0,91.0,16.0,105.0,99.5,-36
36.67,91.0,10.0,114.0,95.0,-50
36.61,94.0,22.0,87.0,94.0,-33
36.33,115.0,28.0,112.0,98.0,-19
36.67,80.0,32.0,120.0,94.0,-37
37.28,79.5,21.0,141.0,99.0,-33
36.11,73.0,22.0,117.0,96.0,-41
36.67,80.5,25.5,124.0,93.0,-34
36.33,73.0,18.0,151.0,96.0,-35
38.22,84.0,14.5,104.0,98.5,-42
35.6,71.0,12.0,98.0,100.0,-35
36.44,84.0,17.0,129.0,94.0,-48
35.33,107.0,17.0,88.0,98.0,-44
36.89,69.0,20.0,116.0,95.0,-44
39.11,103.0,16.0,167.0,98.0,-53
35.8,76.5,12.0,108.0,100.0,-22
35.33,94.0,22.0,144.0,97.0,-49
36.67,92.0,22.0,125.0,93.0,-41
37.44,70.0,20.0,134.0,96.0,-6
35.11,62.0,15.0,166.0,100.0,-19
36.44,87.0,14.0,124.0,96.0,-38
36.89,112.0,11.0,138.0,100.0,-58
35.8,79.0,11.0,116.0,100.0,-18
35.9,90.0,10.0,117.0,100.0,-50
36.67,87.0,10.0,96.0,100.0,-43
39.44,76.0,29.5,122.0,100.0,-9
37.17,90.0,15.5,100.25,97.5,-41
36.44,93.0,22.0,159.0,97.0,-7
36.22,66.0,14.0,116.0,100.0,-35
36.78,66.0,25.0,95.0,95.0,-38
36.5,84.0,12.0,141.0,100.0,-54
37.78,114.0,20.0,142.0,100.0,-48
36.67,75.0,20.0,120.0,97.0,-37
36.72,81.5,17.5,113.5,98.0,-31
36.28,87.0,20.0,115.0,100.0,-15
37.61,77.0,16.0,99.0,100.0,-31
38.56,109.0,25.0,140.0,99.0,-42
37.33,113.0,14.0,141.0,99.0,-37
37.86,116.5,36.0,147.0,100.0,-50
35.83,70.0,25.0,116.0,99.0,5
35.89,87.0,15.0,113.0,99.0,-20
36.72,115.0,18.0,138.0,97.0,-6
36.78,93.0,12.5,106.0,100.0,-35
39.0,105.0,18.0,140.0,98.0,-16
36.83,96.0,11.0,104.0,96.0,-34
37.6,76.0,29.0,99.0,100.0,-54
36.33,99.0,22.0,185.0,100.0,-16
35.17,80.0,16.0,136.0,100.0,-48
36.11,104.5,21.0,84.0,100.0,-4
35.9,88.0,10.0,122.0,100.0,-31
36.06,90.0,21.0,105.5,94.5,-35
36.0,90.5,18.0,111.5,100.0,-28
35.64,87.0,22.0,137.0,100.0,-27
37.17,89.0,13.0,120.5,96.0,-45
37.0,65.5,10.0,112.0,100.0,-16
37.94,99.5,17.5,100.0,100.0,132
36.92,131.0,15.0,116.0,100.0,-52
35.5,91.0,10.0,122.0,100.0,-17
36.83,70.0,20.0,121.0,100.0,-15
34.83,89.0,16.5,130.5,100.0,-43
36.0,83.0,16.0,87.5,91.0,-48
37.28,104.0,24.0,90.0,99.0,-3
35.4,90.0,12.0,152.5,100.0,-47
36.72,143.0,35.0,124.0,96.0,-5
35.83,80.0,12.0,101.5,100.0,-45
33.94,81.0,13.5,104.5,100.0,-20
36.33,98.0,21.0,102.0,100.0,44
37.67,81.0,26.0,109.0,98.0,-35
36.56,109.0,28.0,147.0,97.0,-21
36.78,102.0,20.5,130.0,98.0,-42
35.78,71.5,16.0,135.5,100.0,-25
36.5,92.0,25.0,119.0,100.0,-54
36.6,74.0,14.0,103.5,100.0,-44
35.78,61.0,15.0,116.0,100.0,13
36.05,77.0,13.0,96.5,100.0,-41
36.33,68.0,20.0,195.0,99.0,-55
36.06,76.0,17.0,146.0,100.0,-33
36.28,75.0,14.0,129.0,100.0,-39
36.61,99.0,17.0,99.0,96.0,-22
36.56,84.0,16.0,130.0,100.0,-54
36.11,94.0,18.0,107.0,100.0,-39
36.56,83.0,16.0,134.0,97.0,94
38.33,107.0,28.0,137.0,97.0,-56
35.78,48.0,17.0,124.0,100.0,-34
35.94,105.0,33.0,87.0,96.0,-51
37.0,81.5,20.5,142.0,99.0,-41
37.39,103.0,18.0,128.0,100.0,-36
36.2,101.0,16.0,108.0,100.0,-37
37.22,85.0,10.5,102.0,100.0,-17
33.33,91.5,11.0,131.5,96.0,-22
36.61,80.0,28.0,119.0,99.0,-17
37.94,96.0,20.0,128.0,99.0,-34
36.83,76.0,17.0,158.0,100.0,-44
37.0,91.0,12.0,143.0,100.0,-26
36.28,85.5,12.5,120.5,100.0,-15
36.56,106.5,14.0,131.0,99.5,-55
36.83,97.0,15.0,123.0,94.0,4
35.3,84.0,14.0,122.5,98.0,-22
36.0,77.0,14.0,179.0,98.0,-32
37.11,84.0,24.0,106.0,96.0,-30
35.94,57.0,21.0,148.0,97.0,-37
38.11,94.0,17.0,151.0,100.0,-57
36.56,71.0,20.0,112.5,97.5,-23
36.94,61.0,10.0,115.0,100.0,177
37.06,112.5,14.0,153.0,100.0,-57
36.78,68.0,17.0,128.0,98.0,-35
37.61,91.0,15.0,102.0,96.0,-19
38.39,111.5,18.0,111.5,92.5,-34
36.56,78.0,16.0,93.0,93.0,-18
36.11,97.0,17.0,92.5,97.0,108
36.15,110.0,13.0,124.0,98.5,-31
36.56,77.5,12.0,93.5,100.0,-31
36.5,136.0,35.0,159.0,97.0,-38
37.06,77.0,16.0,143.0,95.0,-24
36.85,74.5,18.5,94.0,97.5,-43
36.22,122.0,11.0,95.0,97.0,-38
36.78,90.0,14.0,98.0,100.0,-25
35.22,75.0,14.5,114.0,100.0,-24
35.83,84.0,22.0,113.0,100.0,-45
36.05,87.0,10.0,118.0,100.0,-44
36.17,76.0,17.0,121.0,96.0,-32
36.83,108.0,16.0,129.0,100.0,-37
36.67,60.0,14.0,137.0,100.0,-18
36.17,107.0,22.5,118.0,97.0,77
37.56,119.0,39.0,108.0,96.0,-53
36.39,85.0,20.0,97.0,95.0,-40
37.17,83.0,16.0,132.0,99.0,-50
35.58,83.0,15.0,102.0,97.0,-23
37.83,91.5,21.0,115.5,96.0,-24
33.45,88.0,10.0,122.5,100.0,-33
37.44,80.0,18.0,139.0,99.0,0
34.72,74.0,12.25,114.5,99.5,-14
36.28,62.0,18.0,122.0,96.0,-20
36.06,57.0,15.0,111.0,90.0,-20
37.06,92.0,27.0,92.0,96.0,-43
36.44,61.0,16.0,127.5,96.0,-36
35.83,60.0,15.0,142.0,97.0,-33
37.78,85.0,24.0,97.0,99.0,-48
36.22,65.0,17.5,186.5,99.0,-18
36.44,100.0,21.0,90.0,96.0,-48
37.61,106.0,16.0,103.0,98.0,-27
40.44,142.0,26.0,140.0,100.0,0
37.0,92.0,19.0,84.0,99.0,-24
37.83,94.0,23.0,154.5,98.0,-42
37.22,85.0,28.0,125.0,96.0,-8
37.61,78.0,18.0,134.0,96.0,-29
35.61,81.0,18.0,117.0,96.0,-31
37.39,88.0,20.0,130.0,97.0,-55
35.94,81.0,16.0,126.0,98.0,-47
36.5,85.0,23.0,109.0,95.0,0
37.0,67.0,23.0,122.0,97.0,-23
36.11,55.0,15.0,135.0,98.0,-26
37.0,81.5,18.0,129.5,100.0,-39
37.33,95.0,22.0,103.0,95.0,-37
36.7,56.5,24.0,157.5,100.0,-37
37.22,74.5,15.5,96.0,100.0,-39
36.28,62.0,14.5,137.5,99.0,-30
37.11,51.0,18.0,129.5,100.0,-40
37.67,84.0,20.0,127.0,98.0,30
35.33,98.0,8.0,118.5,100.0,-29
36.39,84.0,24.0,140.0,88.0,-5
36.89,92.0,17.0,119.0,96.0,27
37.11,69.0,21.5,104.5,98.0,-46
36.83,75.0,19.0,107.0,83.0,-37
37.39,97.0,14.0,112.0,98.0,-36
37.0,88.0,22.0,141.0,97.0,-14
35.89,91.0,30.5,148.0,99.5,-40
35.0,78.0,18.75,121.5,100.0,-23
36.94,91.5,15.0,109.25,100.0,-39
35.78,131.0,24.0,188.0,98.0,-6
36.94,105.0,33.0,128.0,98.0,-40
37.33,68.0,14.0,142.0,100.0,-42
35.67,114.0,31.0,134.0,98.0,-16
36.11,90.0,21.5,126.5,96.0,-16
37.44,77.0,19.0,111.0,100.0,-45
36.83,93.0,18.0,143.0,100.0,-18
36.67,117.5,24.0,130.0,99.0,-33
35.4,85.0,12.0,121.0,100.0,-22
35.72,84.0,10.0,124.0,100.0,-19
37.33,94.5,18.5,132.5,96.5,116
36.33,89.0,18.0,137.0,100.0,-22
37.0,65.5,10.0,145.5,99.0,-47
36.22,77.0,14.0,140.0,100.0,-15
35.72,98.0,21.0,134.0,97.0,-22
35.89,88.0,20.0,103.0,100.0,-20
36.22,81.0,14.5,123.0,100.0,-19
35.7,90.0,14.0,100.0,100.0,-50
37.06,110.0,28.0,120.0,96.0,-16
36.39,104.0,20.0,116.0,99.0,-16
38.0,119.0,16.0,134.0,97.0,-50
36.2,88.0,11.5,117.0,100.0,-8
37.22,66.0,20.0,120.0,95.0,-8
37.67,81.0,20.0,119.0,96.0,-37
36.44,99.5,25.0,84.0,93.0,-13
34.72,68.0,12.0,132.0,100.0,-43
36.89,87.0,13.0,115.0,95.0,-48
36.83,81.0,23.0,129.5,99.0,0
36.45,73.5,10.75,118.0,100.0,-23
35.65,80.0,15.0,103.5,100.0,-24
37.17,85.0,21.0,198.0,91.0,-21
36.28,59.0,21.0,110.0,100.0,-17
38.39,109.5,20.5,121.5,97.0,128
36.17,77.0,21.0,121.0,94.0,-23
37.72,102.0,8.0,94.0,97.0,-45
37.72,116.0,16.0,102.0,97.0,-29
37.44,73.0,14.0,124.0,99.0,-37
36.05,87.0,12.0,109.0,100.0,-53
36.11,58.0,16.0,93.0,99.0,-13
36.67,88.0,12.0,152.0,100.0,-33
37.5,106.0,20.0,104.0,100.0,-34
37.94,93.0,17.0,108.0,100.0,-35
37.11,117.0,17.0,100.0,97.0,-12
38.35,133.0,18.0,90.5,91.0,-15
37.5,74.0,25.0,87.0,100.0,-43
36.94,85.0,16.5,105.0,93.0,-30
36.4,72.0,12.5,124.0,100.0,-20
36.61,97.5,20.5,133.0,99.5,-33
36.06,89.0,9.5,101.5,100.0,-46
36.22,88.0,14.0,96.0,100.0,-23
35.78,71.5,18.0,112.0,99.0,-18
37.0,103.0,18.5,104.0,99.0,43
36.47,72.0,25.5,124.0,100.0,-30
36.67,62.0,20.0,130.0,97.0,-47
37.39,60.0,15.0,118.0,96.0,-40
36.39,61.0,17.0,139.0,96.0,-16
37.17,93.0,28.0,133.0,93.0,-34
36.2,89.0,12.0,108.5,100.0,-38
36.72,81.0,26.0,132.0,96.0,-14
36.67,90.0,14.0,104.0,95.0,-17
36.78,62.0,16.0,143.5,100.0,-32
35.56,108.0,18.0,145.0,100.0,-45
37.06,75.0,26.0,140.0,97.0,-12
35.22,44.0,19.0,119.0,100.0,27
36.67,58.0,24.0,129.0,99.0,-32
36.94,99.0,18.0,119.0,97.0,-23
35.9,122.0,10.0,141.0,100.0,-38
36.45,83.5,10.0,137.0,100.0,-32
37.22,72.0,20.5,127.0,95.0,48
37.17,70.0,18.0,132.0,97.0,-49
35.33,75.0,16.0,113.0,97.0,-38
35.15,89.5,15.0,98.5,100.0,-43
36.94,78.0,15.0,141.0,100.0,-21
36.0,92.0,10.0,108.0,100.0,-36
35.22,90.0,10.0,93.0,100.0,-27
34.0,52.0,16.0,107.0,100.0,-31
36.39,47.0,12.0,126.5,100.0,-29
37.11,74.0,18.0,160.0,97.0,-29
36.1,80.0,12.0,101.0,100.0,-10
35.22,67.0,15.0,126.0,100.0,-14
36.5,85.0,16.0,99.0,100.0,-35
35.44,89.0,17.0,83.0,100.0,-41
37.44,81.0,21.0,127.0,94.0,-20
35.9,81.0,14.0,116.5,100.0,-44
36.28,80.0,15.0,106.0,100.0,-17
35.89,73.0,14.0,114.0,100.0,-20
37.39,87.0,14.0,155.0,100.0,198
37.22,92.0,35.0,119.0,96.0,-40
37.56,103.5,18.0,123.0,97.5,-34
37.17,108.0,37.0,174.0,91.0,135
37.5,78.0,16.5,117.0,98.0,-42
36.33,58.0,17.0,141.0,100.0,-15
37.0,89.0,14.0,145.0,97.0,-21
37.44,88.0,10.0,110.0,98.5,-17
36.0,66.0,14.0,119.0,100.0,-24
36.33,95.5,16.0,106.0,100.0,-50
36.44,95.5,23.5,138.0,98.5,-47
36.5,70.5,10.0,93.75,98.0,-56
35.78,93.0,15.0,103.0,98.0,-16
34.3,78.5,12.0,107.5,100.0,-35
35.7,88.0,17.0,112.0,100.0,-20
37.0,90.0,17.5,138.0,97.0,-46
36.67,72.0,15.0,113.0,98.0,-29
36.2,110.0,12.0,111.0,100.0,-30
37.28,64.0,17.0,140.0,96.0,-40
36.22,123.0,20.0,104.0,91.0,-33
36.78,91.0,10.0,93.0,100.0,330
37.94,120.0,18.0,109.0,97.0,-9
36.72,60.5,21.0,99.0,100.0,-32
37.11,74.0,25.0,144.0,96.0,-48
37.11,92.0,7.0,100.0,98.0,-28
36.39,71.0,16.0,134.0,98.0,-33
36.89,89.0,18.0,150.0,100.0,-50
36.3,90.0,14.0,121.0,100.0,-21
37.44,87.0,13.5,114.0,100.0,-22
36.67,73.0,30.0,133.0,100.0,-51
36.05,95.5,14.0,110.5,100.0,-44
35.33,84.0,10.0,140.0,100.0,-36
36.44,75.0,12.0,114.0,95.0,-37
36.78,90.0,26.0,123.0,96.0,-21
37.28,92.0,12.0,97.0,97.0,-33
36.89,110.0,21.0,129.0,97.0,-49
36.61,97.0,18.0,94.0,99.0,-56
36.1,84.0,13.0,116.0,100.0,-15
37.28,81.0,12.0,98.0,99.0,-24
36.56,87.0,19.0,102.0,97.0,-29
37.0,73.0,16.0,148.0,99.0,-11
35.83,115.5,19.5,98.0,85.5,-45
37.17,77.0,21.0,115.0,96.0,-31
36.72,146.0,21.0,106.0,98.0,-23
34.94,79.0,14.0,173.0,100.0,149
37.7,76.0,12.0,84.0,100.0,-32
37.78,80.0,16.0,121.0,100.0,-16
36.78,100.0,18.0,90.0,99.0,259
36.61,103.0,12.0,119.0,100.0,-24
35.7,88.0,16.5,119.0,100.0,-47
32.8,102.0,12.0,109.0,100.0,-52
35.25,88.0,10.0,100.5,100.0,-43
36.39,66.0,14.0,151.0,97.0,-36
35.55,84.5,13.5,95.0,100.0,-16
36.22,54.0,16.0,163.0,93.0,-45
36.11,70.0,25.0,125.0,93.0,-35
36.72,111.0,30.0,139.5,100.0,-51
37.67,99.0,28.0,96.0,92.0,-11
36.61,83.0,11.0,172.5,95.5,-10
36.11,46.0,16.0,100.0,100.0,-50
37.33,66.0,17.0,146.0,99.0,-40
35.56,82.0,14.0,118.0,100.0,-9
36.5,91.0,10.0,103.0,98.0,-32
36.72,130.0,17.5,122.0,94.0,-41
36.9,86.0,12.0,111.0,100.0,-36
37.39,88.5,12.0,122.0,100.0,-52
36.95,92.0,10.0,121.0,100.0,-24
38.22,74.5,17.0,139.0,97.5,-37
37.8,85.0,16.0,104.0,100.0,-38
36.39,78.0,16.0,151.5,100.0,-18
36.5,78.0,10.0,94.5,100.0,-24
37.67,114.0,12.0,119.0,99.0,-31
35.3,80.0,10.0,131.0,100.0,-44
37.28,105.0,33.0,106.0,93.0,44
36.78,102.0,20.0,113.0,98.0,-32
37.83,86.0,17.0,124.0,94.0,-34
37.0,60.0,16.0,111.0,94.5,16
35.89,72.0,22.0,96.0,95.0,-40
34.89,101.0,36.0,109.0,99.0,6
36.22,88.0,12.0,131.5,100.0,-12
36.28,68.0,14.0,122.0,93.0,-19
37.11,104.0,18.0,123.0,96.0,-8
38.28,121.0,16.0,99.5,100.0,-37
36.56,80.0,15.0,97.0,94.0,-13
35.67,123.5,21.0,137.0,98.5,-9
37.44,94.5,24.0,136.75,92.0,36
36.35,74.0,14.0,101.0,100.0,-36
35.6,88.0,10.0,116.5,100.0,-27
37.17,60.0,10.0,98.0,100.0,-39
37.1,91.0,16.0,122.0,100.0,-43
37.0,97.0,15.0,143.0,98.0,-17
36.67,50.0,12.0,128.0,100.0,-49
34.89,88.0,12.0,94.0,100.0,-25
36.39,73.0,17.0,120.0,100.0,-43
37.11,89.0,13.0,176.0,91.0,-11
35.7,63.0,15.0,114.0,100.0,-13
36.39,96.0,19.0,150.0,97.0,-57
36.33,108.5,26.5,115.5,100.0,-53
36.0,68.0,19.0,104.0,100.0,-19
35.95,86.0,10.0,92.5,99.0,-36
37.06,71.0,17.0,115.0,99.5,-23
38.11,80.0,24.0,107.0,100.0,0
36.56,56.0,16.0,139.0,98.0,-5
37.83,131.0,16.0,90.0,92.5,-7
35.55,88.0,12.0,133.5,100.0,-24
36.75,93.0,11.0,128.0,99.0,-12
34.2,79.0,14.0,111.0,100.0,-19
36.22,61.0,18.0,178.0,100.0,-49
36.5,74.5,14.0,113.5,100.0,-37
36.2,90.0,8.5,105.0,100.0,-33
35.9,87.0,14.0,111.0,100.0,-51
36.28,70.0,17.0,123.0,100.0,-46
37.78,100.0,12.0,131.0,96.0,-28
36.44,72.0,11.5,114.5,100.0,-19
34.89,91.0,14.0,135.0,98.0,-35
35.28,97.0,19.5,112.0,87.0,-35
38.89,109.0,38.0,108.0,95.0,-48
35.22,53.0,12.0,94.0,100.0,-41
36.5,98.0,12.0,148.0,98.5,-31
35.67,84.0,14.0,111.5,98.0,-19
36.78,88.0,19.0,136.0,100.0,-41
37.0,81.5,19.5,119.5,100.0,-42
36.11,62.0,12.0,113.0,98.0,-18
37.0,63.0,20.0,107.0,98.5,135
37.11,94.0,18.0,104.0,97.0,-47
37.17,68.0,14.5,109.0,100.0,-19
37.56,83.0,16.0,105.0,99.0,-24
37.67,97.0,23.0,169.0,99.0,-12
35.1,72.0,12.0,133.5,99.5,-19
37.78,117.0,20.0,132.0,99.0,-34
33.0,109.0,23.0,92.0,99.0,215
36.67,89.0,27.5,125.0,96.0,-36
35.56,56.0,15.0,110.0,97.0,-39
36.44,83.0,12.0,132.0,100.0,-37
37.56,93.0,16.5,127.0,100.0,-10
36.89,71.0,16.0,147.0,100.0,-35
36.9,59.5,14.0,104.5,100.0,-13
36.17,85.5,15.0,156.0,100.0,13
36.75,94.0,20.0,106.0,99.0,-36
38.67,70.0,14.0,131.0,100.0,-43
36.6,90.0,12.0,126.0,100.0,-47
36.56,75.0,15.0,100.0,95.0,-24
35.5,88.0,25.0,136.0,97.0,-37
39.67,87.0,12.0,104.0,100.0,-27
36.28,107.0,18.0,91.0,97.0,-26
37.78,101.5,20.0,142.5,100.0,121
36.39,62.0,14.0,100.0,98.0,-22
36.44,74.0,15.0,93.0,96.0,-47
36.67,88.5,17.0,128.5,100.0,-6
36.28,65.0,16.0,104.0,100.0,-14
35.61,81.0,17.5,99.5,95.5,-2
37.44,106.0,26.0,208.0,100.0,-39
36.44,66.0,24.0,110.0,99.0,169
36.22,87.0,15.0,124.0,100.0,-15
36.11,72.0,17.0,115.0,96.0,-17
36.56,112.0,16.0,162.0,100.0,-54
36.44,75.0,18.0,105.0,100.0,-43
36.72,142.0,28.5,109.0,100.0,-51
36.11,56.0,24.0,185.0,99.0,-34
36.11,63.0,18.0,124.0,98.0,-27
37.5,125.0,28.0,151.0,92.0,-56
36.22,58.0,14.0,130.0,100.0,-14
35.56,61.5,14.0,97.0,100.0,-31
37.11,80.0,16.0,129.5,100.0,-26
36.95,103.0,12.0,111.0,100.0,-29
36.0,84.0,12.0,114.0,100.0,-41
37.19,115.0,22.0,157.0,99.0,-30
37.0,84.0,19.0,133.0,97.0,55
36.5,60.0,14.0,120.0,98.0,-23
35.9,61.0,19.0,129.75,100.0,-46
35.56,80.0,16.0,172.5,99.5,-52
38.72,107.0,16.0,150.0,93.0,0
38.0,94.0,28.0,92.0,95.0,-36
38.0,107.0,34.0,133.0,98.0,-15
36.67,72.0,19.0,132.0,97.0,-47
35.61,56.0,19.0,99.0,97.0,-26
37.11,93.0,24.0,95.0,100.0,68
36.83,63.0,16.0,101.0,97.0,-15
35.75,81.0,14.0,113.5,100.0,-14
36.28,113.0,17.0,110.0,99.0,59
35.28,71.0,22.0,130.0,100.0,-23
36.44,85.0,16.0,92.0,97.0,-40
37.56,113.0,26.0,130.0,95.0,-28
37.67,114.0,25.5,128.0,98.0,-49
37.1,77.0,12.0,100.0,100.0,-53
36.72,127.0,39.0,133.0,93.0,25
35.56,61.0,11.5,159.0,95.0,-29
36.67,71.0,16.0,131.0,97.0,-34
35.56,76.0,11.0,139.0,99.0,-35
36.0,79.0,13.0,174.0,100.0,155
36.39,61.5,18.5,141.0,98.5,-34
36.72,86.0,10.0,146.0,100.0,-28
35.78,94.0,14.0,111.0,98.0,-36
36.72,85.0,19.0,96.0,95.0,-15
36.56,71.0,18.0,141.0,100.0,-14
36.72,63.0,15.0,129.0,94.0,-54
37.28,77.0,19.0,153.0,100.0,-37
35.11,116.0,20.0,88.0,98.0,-44
36.39,81.0,23.0,125.0,100.0,-34
37.89,81.0,26.0,99.0,97.0,-40
37.83,85.0,14.0,116.0,96.0,8
36.61,111.0,13.0,129.0,96.0,-12
36.94,71.0,12.0,93.0,98.0,-51
36.44,96.0,22.0,135.0,88.0,36
36.89,89.0,28.5,136.0,93.5,-43
36.22,120.5,18.0,126.0,95.0,62
35.5,94.5,16.5,132.0,100.0,-53
37.28,87.5,10.0,136.5,100.0,-40
36.89,78.0,14.0,106.0,95.0,-17
37.17,65.0,30.0,189.0,100.0,-45
36.11,60.0,14.0,124.0,96.0,-44
35.2,60.5,14.0,107.5,100.0,-1
37.44,94.0,18.0,185.0,97.0,-13
36.78,57.0,11.5,131.5,100.0,-38
36.83,90.0,13.5,97.5,100.0,-44
35.5,59.0,16.0,139.0,100.0,-35
35.78,60.0,20.0,136.0,100.0,-30
37.5,68.5,13.5,121.0,93.5,-40
34.94,110.0,28.0,98.0,87.0,-37
36.0,103.0,14.0,107.5,100.0,117
36.94,87.5,27.5,138.0,98.5,-41
37.28,97.0,15.0,124.0,94.0,0
35.22,71.0,15.0,108.5,99.5,-48
37.17,76.0,24.0,94.0,100.0,105
37.0,82.0,11.0,120.0,97.0,-43
36.56,52.0,23.0,151.0,99.0,-39
37.39,64.0,18.0,107.0,98.0,-55
36.72,103.0,25.0,109.0,95.0,-29
36.89,82.0,14.0,107.0,100.0,-27
37.17,73.0,24.0,151.0,99.0,-22
37.06,86.0,15.0,107.0,97.0,-40
37.0,92.0,18.5,112.0,99.0,-15
36.67,108.0,21.0,113.0,99.0,-57
36.11,71.0,18.0,99.0,95.0,-53
35.78,99.5,16.0,153.0,99.5,-25
36.61,63.0,15.0,163.0,97.0,-37
36.89,119.0,19.0,130.0,98.0,-44
36.78,80.0,17.0,146.0,95.0,-35
36.89,88.0,21.0,137.0,100.0,-31
36.44,63.0,12.0,147.0,99.0,-33
34.9,74.0,12.0,113.0,100.0,-23
39.22,78.0,17.0,108.0,100.0,29
36.44,83.5,17.5,145.5,99.0,-55
37.72,65.5,22.0,139.0,98.0,-22
36.11,64.0,17.0,128.0,100.0,-8
36.11,97.0,26.0,109.0,100.0,-34
37.0,87.0,17.0,100.0,96.0,-40
37.72,103.0,20.0,103.0,99.0,-45
34.83,77.0,19.0,125.0,93.0,-33
38.78,133.0,17.0,110.5,100.0,-36
38.67,117.0,22.0,117.0,97.0,0
37.0,116.0,21.0,111.0,96.0,-39
37.5,90.0,22.0,105.5,96.0,-29
36.3,72.5,14.0,93.0,100.0,-21
36.67,100.0,20.0,85.0,100.0,-46
36.44,65.5,24.0,118.5,96.0,-46
37.11,109.0,29.0,115.0,95.0,-40
37.39,102.0,18.0,133.0,96.0,-12
35.94,90.0,14.0,136.0,97.0,-17
36.83,79.0,14.0,136.0,97.0,-48
35.89,71.5,17.5,142.0,97.5,-13
37.5,75.0,18.5,144.0,100.0,-41
37.17,102.0,15.0,132.0,98.5,-334
36.72,97.0,9.5,123.0,100.0,-33
36.28,83.0,16.0,94.0,99.0,-17
36.78,82.0,22.0,190.0,93.0,-33
38.11,106.0,29.0,143.0,96.0,-46
36.7,55.0,12.0,109.0,100.0,-21
36.0,86.0,14.0,100.5,100.0,-36
35.17,42.0,16.0,98.0,98.0,-38
36.8,123.0,10.0,127.0,100.0,-54
36.61,87.0,24.0,95.0,98.0,-39
37.5,83.0,13.0,96.0,99.0,-13
38.39,106.0,21.0,135.0,97.0,-35
35.83,60.0,23.0,119.0,99.0,-29
37.06,76.0,14.0,144.0,100.0,-41
38.83,115.0,18.0,108.0,95.0,-22
36.83,85.5,18.5,155.5,97.5,-48
36.11,74.0,19.0,150.0,98.0,-35
35.6,81.0,12.0,113.0,100.0,-55
36.89,83.0,22.0,123.0,92.0,-47
37.89,100.0,22.0,104.0,100.0,-14
37.22,84.0,27.0,115.0,94.0,-41
36.06,61.0,13.0,104.0,98.0,-13
38.44,116.0,30.0,122.0,96.0,-21
35.72,51.0,14.0,100.5,100.0,-50
37.83,77.0,16.0,107.5,96.5,49
36.22,81.0,22.0,115.0,96.0,-50
35.67,92.0,14.0,135.0,96.0,-16
38.0,104.0,18.0,110.0,100.0,-11
37.06,80.0,20.0,117.0,99.0,-12
36.89,93.0,14.0,124.0,93.0,-38
35.45,81.0,12.5,120.0,100.0,-20
35.6,110.0,16.0,112.0,99.5,-20
36.6,76.0,13.5,113.0,97.0,-15
37.11,75.0,14.0,105.0,97.0,-23
36.67,84.5,14.0,124.0,98.5,-13
36.17,141.0,28.0,123.0,100.0,-32
35.5,63.5,11.0,111.0,100.0,-47
37.25,78.5,14.0,130.5,100.0,-51
36.1,63.0,12.0,134.0,100.0,-39
36.17,65.0,16.0,108.0,100.0,-47
36.11,82.0,19.0,100.0,100.0,-23
36.28,60.0,20.0,101.0,91.0,-10
36.44,126.0,21.0,116.0,100.0,-38
36.8,93.0,14.0,137.0,100.0,-44
37.5,88.0,18.0,124.0,100.0,-52
36.39,85.0,13.0,97.0,100.0,-39
36.72,77.0,20.0,83.0,95.0,-42
37.67,73.0,24.0,110.0,100.0,-42
36.5,89.0,17.0,146.0,99.0,-48
36.28,84.0,18.0,108.0,98.0,-18
37.06,82.0,18.0,138.0,99.0,-33
38.11,109.0,19.0,147.0,95.0,-20
36.7,82.0,13.5,142.5,99.0,-31
33.9,58.0,14.0,118.0,100.0,-15
36.61,100.0,19.0,86.5,96.0,-31
37.4,107.0,12.5,130.0,100.0,-50
34.67,78.0,22.0,115.0,100.0,-19
37.0,91.0,19.0,139.0,97.0,-13
38.11,139.0,37.0,128.0,95.0,6
37.56,108.5,13.5,114.0,100.0,-42
36.06,103.0,20.0,107.0,96.0,-17
37.5,72.0,18.0,112.0,96.0,-42
36.39,95.0,20.0,112.0,95.0,-30
35.55,96.0,10.75,142.0,100.0,-39
36.17,109.0,19.0,110.0,94.0,-43
36.78,75.0,18.0,104.0,98.0,-29
35.83,113.0,9.5,128.5,100.0,-38
35.28,66.0,14.0,98.0,100.0,-43
38.5,103.0,18.0,124.0,97.0,-42
37.3,80.0,14.0,118.5,100.0,-25
37.06,76.0,19.0,115.0,100.0,0
37.11,81.5,18.5,119.0,96.0,-16
37.8,104.0,17.0,139.0,94.0,-38
36.78,83.0,15.0,128.0,95.0,-14
37.0,121.0,14.0,91.0,96.0,-10
37.06,78.5,17.5,146.0,99.0,-19
37.9,68.5,14.0,115.5,100.0,-53
36.45,71.5,11.5,126.0,100.0,-43
37.0,93.0,24.5,155.0,97.0,-48
38.56,115.0,28.0,130.0,96.0,16
37.06,80.0,22.0,96.0,98.0,-46
36.72,101.0,20.0,109.0,94.0,-25
36.0,89.5,20.0,121.0,98.0,-22
36.0,78.0,14.0,151.0,100.0,-21
36.83,65.0,15.0,102.0,96.0,-25
37.11,58.0,15.0,122.0,95.0,-9
36.67,97.0,17.0,93.0,99.0,-16
38.2,81.0,21.0,111.0,96.0,-38
35.22,70.0,28.0,126.0,100.0,-43
36.67,95.0,21.0,140.0,99.0,-30
37.22,119.0,27.0,105.0,94.0,-45
33.56,74.0,24.0,166.0,98.0,-40
35.0,61.0,13.0,104.0,100.0,-20
36.89,130.0,21.0,133.0,93.0,-46
35.72,79.0,14.0,100.0,99.0,-35
36.83,96.0,21.0,143.0,98.0,-11
36.22,60.0,12.0,84.5,100.0,-14
37.22,94.0,27.0,137.0,98.0,-32
36.35,64.0,33.0,120.0,95.5,-3
36.17,62.0,15.0,78.0,100.0,-19
36.78,54.0,18.0,138.0,98.0,-21
36.39,92.0,19.0,138.0,96.5,-50
36.83,71.0,16.0,168.0,100.0,-18
35.17,56.0,17.0,111.5,100.0,-39
34.56,65.0,12.0,96.0,100.0,-48
37.33,121.0,18.0,143.0,93.0,-39
38.0,105.0,17.0,136.0,98.0,-53
35.72,79.0,12.0,105.0,98.0,-47
37.0,66.0,17.0,132.0,98.0,-30
37.17,87.0,19.0,97.0,98.0,-46
34.56,86.5,18.0,134.5,96.0,7
36.83,73.0,14.0,108.0,99.0,-5
37.11,69.0,21.0,123.0,100.0,-24
36.44,82.0,21.0,101.0,96.0,-56
36.8,80.0,14.5,119.0,100.0,-28
36.56,58.0,20.0,133.0,98.0,4
36.22,77.0,20.0,153.0,96.0,-15
38.39,84.0,26.0,143.0,95.0,-32
36.22,64.0,17.0,102.0,97.5,-39
37.17,81.0,17.0,157.0,93.0,169
37.44,112.0,19.0,119.0,100.0,-50
35.28,47.5,14.0,125.5,100.0,-22
36.39,85.0,16.0,136.0,98.0,-34
36.44,64.0,16.0,98.0,99.0,-44
36.28,65.5,20.5,122.0,96.0,-13
35.61,115.0,31.0,115.0,95.5,-36
37.0,70.0,8.0,159.0,94.0,-17
35.5,123.5,27.0,118.5,91.0,190
36.83,114.0,14.5,121.5,99.0,138
36.44,85.5,35.5,168.0,100.0,-56
36.5,60.0,19.0,114.0,95.0,-44
36.78,92.0,23.0,136.0,96.0,-40
37.11,98.0,28.0,114.5,96.0,-16
36.89,69.0,16.0,109.0,100.0,-37
37.44,79.0,14.0,125.0,98.0,-8
36.3,77.0,14.0,122.0,100.0,-35
36.94,89.0,14.0,104.0,99.0,-24
37.5,94.0,14.0,142.0,98.0,-32
37.56,73.5,23.5,124.0,93.0,-36
36.89,72.0,18.0,135.0,99.0,-21
37.08,65.5,14.5,135.0,99.0,-38
36.2,70.0,12.0,96.0,100.0,-25
35.94,63.0,15.0,157.0,98.0,-11
36.7,70.0,14.5,112.0,100.0,-39
36.67,61.0,14.0,107.0,99.0,-49
36.56,73.0,20.0,133.0,98.0,-51
37.83,81.0,18.0,122.0,96.0,-37
37.3,90.0,10.0,108.5,100.0,-16
37.06,117.0,21.0,117.0,100.0,-26
37.11,100.0,20.0,126.0,99.0,-56
36.83,74.0,26.0,168.0,100.0,-53
36.78,97.0,33.0,151.0,100.0,-38
37.11,77.0,14.0,122.0,98.0,-43
35.4,98.0,28.0,81.0,99.0,-25
37.22,65.5,20.5,159.0,96.5,-42
37.44,89.0,18.0,117.0,100.0,-10
35.3,80.0,13.5,99.0,100.0,-30
37.0,90.0,18.5,143.0,99.0,-53
36.33,87.0,12.0,114.0,100.0,-12
36.89,68.0,20.0,152.0,99.5,-37
37.39,109.0,26.5,122.5,100.0,62
36.33,78.5,16.0,97.0,100.0,-39
37.17,118.0,18.0,114.0,100.0,-37
36.11,72.0,13.5,112.0,100.0,-37
37.11,81.0,19.0,111.0,95.0,-42
36.5,73.0,14.0,114.0,100.0,-43
35.56,77.0,17.0,181.0,100.0,-52
36.61,60.0,21.0,111.0,98.0,-24
36.5,83.0,12.0,109.0,99.0,-37
37.44,135.0,16.0,120.0,98.0,68
36.17,56.0,17.0,95.0,100.0,-18
34.03,87.0,12.0,102.0,100.0,-19
36.56,86.0,21.0,126.0,98.0,-13
36.94,74.0,13.0,135.5,100.0,-42
37.39,83.0,22.0,129.0,97.0,-45
35.9,60.0,13.0,110.5,100.0,-19
35.45,81.5,11.0,96.5,100.0,-51
36.78,124.0,32.0,104.0,97.0,-41
36.0,83.0,12.0,99.0,99.0,-23
36.39,80.0,16.0,127.0,100.0,-15
37.44,88.0,26.0,115.0,99.0,-38
38.0,77.0,19.0,148.0,100.0,-34
35.6,82.5,14.0,107.5,100.0,-42
37.0,96.0,17.0,150.0,98.0,-58
35.39,42.0,18.5,98.0,97.0,-23
36.28,89.5,13.0,157.0,100.0,196
36.1,77.0,14.0,115.0,100.0,-17
35.67,42.0,16.0,196.0,100.0,30
35.33,86.0,19.0,131.0,100.0,-25
36.3,90.0,15.0,152.0,97.5,-31
37.83,80.0,14.0,106.0,100.0,-36
36.33,65.5,12.0,140.0,99.0,-38
37.56,123.0,11.0,125.0,100.0,-35
37.44,97.5,17.5,104.5,96.0,-10
38.0,101.0,23.0,120.0,100.0,-47
37.39,117.0,16.0,154.0,96.0,-36
36.56,97.0,18.0,127.0,97.0,-35
36.89,71.0,17.0,98.0,99.0,-16
36.7,76.5,14.0,98.0,98.5,-39
38.1,90.0,10.0,100.5,100.0,-39
37.44,60.0,27.0,108.0,96.0,-54
36.22,74.5,17.0,115.5,94.5,-36
36.2,87.0,11.0,108.0,100.0,-23
36.33,83.0,20.0,142.5,95.0,-27
36.06,79.0,15.5,122.5,100.0,-44
34.7,90.0,13.0,90.0,98.5,-26
36.72,74.0,28.5,116.0,99.0,-13
37.56,74.0,14.0,134.0,98.0,-35
35.17,69.0,15.0,152.0,100.0,-42
36.61,87.0,22.0,168.0,96.0,-20
36.33,78.0,22.0,85.0,96.0,-8
37.56,90.0,18.5,130.0,98.5,-46
37.22,78.5,18.0,147.0,98.5,-22
26.67,96.5,10.0,135.0,100.0,-40
37.44,89.0,16.0,144.0,99.0,-17
36.67,90.0,15.5,153.0,100.0,-41
37.15,71.5,16.0,97.5,93.0,-21
35.5,71.5,17.0,167.0,100.0,-36
37.22,121.0,35.0,83.0,95.0,-32
36.11,64.0,10.5,113.0,98.0,-49
36.95,87.5,12.0,103.5,100.0,-38
35.94,100.0,20.0,119.0,95.0,-15
38.0,92.0,18.0,181.0,100.0,-37
37.17,72.0,23.0,114.0,98.0,-34
36.53,96.0,22.5,102.0,93.0,-39
36.83,81.0,11.0,146.0,96.0,-15
36.44,69.0,15.0,128.0,100.0,-48
36.89,80.0,15.5,166.0,99.5,125
36.72,87.0,24.0,119.0,100.0,-55
35.78,70.0,15.0,95.0,97.0,-12
36.11,56.0,15.0,118.0,96.0,-43
37.56,67.0,20.0,133.0,93.0,-15
36.83,64.0,6.0,109.0,94.0,-34
36.89,79.0,15.0,94.0,94.0,-43
36.72,65.5,22.5,116.5,100.0,-42
36.8,58.0,12.0,108.5,100.0,-22
37.17,36.0,15.0,122.0,97.0,-21
35.1,75.0,13.0,91.5,100.0,-19
35.7,92.0,12.0,122.0,100.0,-50
37.33,81.0,14.5,126.5,100.0,-26
35.94,68.0,13.0,136.0,100.0,-40
35.78,83.0,17.0,97.0,95.0,-47
36.56,53.0,20.0,141.0,98.0,-16
36.45,80.0,15.0,111.0,100.0,-19
33.33,96.5,34.5,117.0,97.5,-48
35.95,65.5,12.0,113.0,100.0,-18
35.5,85.0,24.0,137.0,99.0,-36
36.72,46.0,17.0,132.0,97.5,-15
36.0,69.0,24.0,117.0,96.0,-14
37.11,74.0,11.0,136.0,96.0,-12
37.03,81.0,16.0,152.0,100.0,-53
35.67,67.5,10.0,211.0,100.0,-41
37.11,108.0,22.0,157.0,96.0,-16
37.0,90.0,15.0,102.5,100.0,-20
37.0,90.0,13.0,128.0,98.0,-38
38.11,100.0,21.5,148.5,97.5,-16
35.0,81.0,17.0,132.0,100.0,-34
36.8,82.0,15.5,97.5,100.0,-34
36.72,115.0,17.0,116.5,100.0,-21
36.8,84.0,12.0,115.0,100.0,-18
37.39,73.0,12.0,124.0,99.0,80
36.61,65.0,11.0,132.0,99.0,-12
36.15,109.5,14.0,120.0,100.0,-17
34.25,75.0,10.0,104.0,100.0,49
36.67,72.0,16.0,93.0,95.0,-42
36.17,122.0,21.0,99.0,100.0,-42
36.67,77.0,13.0,90.5,100.0,-44
37.4,78.0,14.0,109.0,100.0,-49
35.9,80.0,16.5,92.0,100.0,-15
36.56,98.0,20.0,116.0,98.0,-36
35.15,85.0,11.5,141.0,100.0,-16
35.8,91.5,14.0,103.0,100.0,-24
36.28,88.0,16.0,146.0,97.0,-33
36.94,64.0,17.0,151.0,96.0,-62
36.4,81.0,12.0,97.0,100.0,-45
35.44,103.0,17.0,176.0,100.0,-1
35.9,88.0,12.0,125.0,96.0,0
36.11,60.5,11.5,111.5,98.0,-53
36.8,58.0,13.0,131.0,98.0,-40
36.94,87.0,18.0,112.0,95.0,-18
35.83,63.0,21.0,108.0,98.0,-3
35.22,127.0,20.0,122.0,95.0,-14
37.5,78.0,21.0,116.0,100.0,0
37.22,94.0,14.0,123.0,100.0,-58
38.11,80.0,12.5,120.0,80.5,0
34.8,74.0,14.0,111.5,100.0,-40
37.28,111.0,23.0,116.0,100.0,-56
35.72,91.0,13.0,142.0,99.0,-44
37.35,103.5,10.0,138.5,100.0,-39
37.5,103.0,19.0,95.0,94.0,-20
36.11,58.0,17.0,131.5,97.0,-50
38.0,83.5,28.0,142.5,100.0,-40
34.45,80.0,12.0,109.5,100.0,-20
36.89,110.0,18.0,122.0,97.0,-23
36.1,77.0,15.0,120.5,99.5,-51
36.33,93.0,25.0,107.0,97.0,0
35.56,96.0,10.0,134.0,100.0,-12
35.56,88.0,10.5,120.0,100.0,-34
37.33,82.0,20.0,120.0,97.0,-11
36.5,106.5,26.0,121.0,97.0,-13
36.67,60.0,27.0,180.0,95.0,-12
35.6,80.0,13.5,138.5,100.0,-31
37.11,88.0,16.0,108.0,97.0,-13
37.83,138.5,24.5,96.5,100.0,-38
37.17,84.0,14.0,101.0,97.0,-15
36.7,86.0,9.5,134.0,100.0,-36
36.0,108.0,17.0,128.0,100.0,-40
35.89,142.0,24.0,91.5,93.0,-40
37.0,74.0,22.0,86.0,100.0,-46
36.89,66.0,20.0,141.0,100.0,-34
37.0,119.0,24.0,126.0,100.0,-34
38.83,118.0,15.5,159.0,100.0,-32
37.4,103.0,23.0,145.0,85.0,-53
37.35,60.0,14.0,121.5,100.0,-32
36.33,64.0,13.0,128.0,100.0,-54
36.0,75.0,23.0,131.0,98.0,-39
36.56,86.5,15.0,181.0,95.5,-51
37.17,72.0,19.0,94.5,100.0,0
36.22,77.0,13.0,97.0,100.0,-14
36.39,75.0,12.5,100.0,100.0,-51
36.44,80.0,15.0,171.0,99.0,-41
34.72,78.5,14.0,102.0,100.0,-56
37.28,79.0,15.0,132.0,99.0,-48
37.17,92.0,22.0,121.0,98.0,-34
36.89,110.0,20.0,160.0,98.0,-34
37.5,84.0,21.0,128.25,100.0,-34
36.11,71.0,16.0,121.0,97.0,-14
36.78,81.0,14.0,100.5,100.0,-23
36.83,98.0,22.0,93.0,95.0,-52
37.5,124.0,17.0,106.0,100.0,-44
36.78,69.0,24.0,188.0,94.0,-33
38.33,105.0,22.5,121.0,100.0,118
36.11,67.0,14.0,125.0,100.0,-44
36.33,66.0,24.0,93.5,96.0,-22
36.39,87.0,18.0,112.0,96.0,-55
36.72,80.0,20.5,107.5,100.0,-8
36.11,76.0,15.0,125.0,100.0,-51
37.44,129.0,21.0,139.0,100.0,-39
37.0,92.5,14.5,124.0,100.0,-36
36.89,75.0,13.0,112.0,97.0,-19
38.72,99.0,17.0,98.0,97.0,-47
36.78,69.0,19.0,140.0,99.0,-41
35.56,60.0,13.0,152.0,100.0,-53
36.67,71.0,21.0,144.0,98.0,-30
35.17,76.0,13.0,81.0,99.0,-13
36.44,102.0,10.5,111.0,100.0,-13
36.44,76.0,18.0,133.0,100.0,-49
39.0,98.5,23.5,133.0,98.0,0
37.9,113.5,26.0,101.5,99.0,-51
36.11,92.0,23.0,132.0,100.0,-34
37.56,100.0,14.5,103.0,100.0,-45
38.06,72.0,16.0,150.0,100.0,0
39.17,106.0,26.0,108.0,96.0,212
37.5,96.0,22.0,124.5,100.0,0
36.78,79.0,22.0,107.0,95.0,-38
35.89,103.0,24.0,123.0,98.0,-17
36.11,61.0,20.0,114.0,99.0,-10
37.8,76.0,35.0,130.0,94.0,-50
35.8,80.5,12.0,128.5,98.0,-20
35.65,88.0,14.0,106.5,99.5,-13
37.0,54.0,10.0,105.0,100.0,-49
36.33,76.0,19.0,116.0,100.0,-58
36.15,80.5,15.0,101.5,100.0,-17
36.5,54.0,14.0,98.0,100.0,-40
35.17,86.0,8.0,102.0,100.0,70
36.4,111.0,11.0,120.0,100.0,-53
36.0,103.0,26.0,99.0,99.0,-12
36.56,83.0,16.0,119.0,100.0,-20
37.56,66.0,13.0,127.5,100.0,-32
39.39,95.5,15.0,141.0,100.0,-33
36.6,73.0,12.0,127.0,100.0,-16
39.33,135.0,25.0,147.0,100.0,-19
36.11,85.0,30.0,109.0,97.0,-5
38.44,128.0,22.0,117.0,97.0,-20
38.22,115.0,14.5,112.0,100.0,28
36.0,66.0,16.0,111.0,100.0,76
37.06,65.0,17.0,120.0,100.0,-38
35.0,86.0,23.0,134.0,100.0,-57
36.5,101.0,20.0,114.0,100.0,-16
37.17,77.0,20.0,105.5,98.0,-39
37.0,73.5,15.0,129.75,99.0,-41
36.03,84.0,10.0,108.0,100.0,-16
36.83,85.0,16.0,142.5,96.0,-37
36.89,113.0,19.0,102.0,93.0,-34
37.0,90.0,21.0,163.0,98.0,-42
36.33,76.0,23.0,96.0,100.0,-33
37.11,81.0,20.0,107.0,95.0,-27
36.0,90.0,12.0,102.0,99.5,-44
38.0,66.0,18.0,136.0,100.0,-49
36.44,89.0,18.0,87.5,96.0,-49
35.28,90.0,16.0,136.0,99.0,0
37.25,95.5,20.5,114.0,98.5,-41
36.0,73.0,22.0,159.0,98.0,30
37.11,99.0,34.0,116.0,95.0,-52
36.83,69.0,9.5,128.0,100.0,-41
34.3,88.0,10.0,109.0,100.0,-43
37.44,75.5,14.75,156.0,100.0,-49
36.0,87.0,14.0,117.0,100.0,-47
37.39,151.0,25.0,144.0,96.5,-50
36.17,82.0,14.0,99.0,100.0,-29
37.11,92.0,26.0,119.0,93.0,-21
38.06,76.0,14.0,157.0,96.0,-8
37.17,104.0,17.0,144.0,96.0,-20
36.67,81.0,18.0,94.0,95.0,-38
36.22,61.0,16.0,120.0,97.0,-30
38.28,81.0,19.0,123.0,99.0,119
36.61,74.0,16.0,146.0,100.0,-8
36.56,84.0,22.5,185.0,99.0,4
36.44,85.5,15.5,122.5,98.5,-1
37.61,62.0,13.0,127.0,97.0,-18
35.83,70.0,12.0,149.0,100.0,-25
37.0,73.0,16.0,169.0,100.0,-35
37.11,87.0,20.0,101.0,98.0,-27
35.7,85.0,10.0,121.5,100.0,-24
36.56,108.0,18.0,103.5,83.0,-11
37.44,80.0,20.0,139.0,100.0,-45
35.94,48.0,25.0,110.0,97.0,88
36.11,56.0,17.0,124.0,95.0,-24
38.44,124.0,13.5,118.0,100.0,-39
36.61,81.0,24.0,103.0,97.0,-21
35.78,67.0,15.0,145.0,83.0,-11
39.28,132.0,37.0,160.0,96.0,-38
37.78,103.0,12.0,117.0,98.0,-17
36.67,106.0,24.0,133.5,95.5,-41
37.22,90.0,13.0,108.0,96.0,-45
33.72,76.5,16.0,100.0,100.0,-27
36.36,122.5,26.5,108.0,100.0,16
38.0,70.0,12.0,98.0,92.0,-55
36.44,78.0,18.0,96.0,96.0,-50
35.72,86.0,12.0,161.0,100.0,-33
35.72,98.0,21.0,95.0,98.0,-42
36.0,106.5,14.75,120.5,98.0,-39
35.22,78.0,13.0,96.0,100.0,-16
38.22,106.5,20.0,140.5,99.0,-29
35.3,73.0,10.0,112.0,100.0,-16
35.8,91.0,10.0,108.0,100.0,-38
37.28,108.0,21.0,102.0,95.0,-33
35.72,52.0,20.0,128.0,100.0,-39
36.44,91.0,21.5,123.0,100.0,-22
37.17,59.0,13.0,126.5,98.0,-44
37.0,89.5,15.5,128.0,100.0,-23
35.8,67.5,15.0,106.5,100.0,-45
36.0,95.0,23.5,97.0,100.0,0
37.28,79.0,27.0,120.0,97.0,-34
36.94,85.0,18.0,138.0,94.0,-42
37.17,87.0,22.0,87.5,96.5,-38
36.0,88.0,13.0,115.0,100.0,-37
36.6,81.0,14.0,94.5,99.0,-21
35.56,103.0,22.0,153.0,99.0,8
36.14,104.0,23.0,126.0,100.0,0
35.22,57.0,18.0,96.0,100.0,16
34.7,59.0,10.0,108.0,99.5,-36
37.56,97.0,18.5,158.5,100.0,-55
35.4,63.0,10.0,108.0,100.0,-32
36.61,87.0,16.5,133.0,100.0,-46
36.56,101.0,20.0,133.0,92.0,-25
36.44,99.0,31.0,103.0,96.0,13
36.4,82.0,10.5,105.5,100.0,-56
36.67,67.0,29.0,93.0,99.0,-43
37.17,111.0,17.0,99.0,100.0,-33
36.22,63.0,11.0,111.0,100.0,-39
36.5,92.0,25.0,136.0,99.0,-39
36.3,87.0,16.0,101.0,100.0,-24
36.78,82.0,14.0,146.0,100.0,-44
37.61,63.0,17.0,107.0,96.0,-29
37.0,68.0,20.0,97.0,97.0,60
37.56,90.0,26.75,112.0,92.5,-36
36.56,90.0,16.0,110.0,100.0,-49
35.65,84.0,12.5,111.5,100.0,-35
35.89,62.0,16.0,155.0,96.0,-19
37.0,70.0,12.0,107.0,91.0,-52
36.61,73.0,16.5,148.0,95.5,-35
37.61,111.0,16.0,128.0,98.0,-31
36.17,92.0,16.0,119.0,100.0,-35
37.06,85.5,12.0,115.25,100.0,-33
36.28,81.0,18.0,99.0,96.0,-21
37.22,81.0,11.0,106.0,99.0,-44
35.56,137.5,12.0,99.0,97.0,-36
36.33,75.0,16.0,120.0,98.0,-42
37.11,93.0,12.0,113.0,95.0,-25
36.75,72.0,14.0,118.0,100.0,-15
37.22,94.0,18.0,114.0,97.0,-39
36.56,111.0,22.0,100.0,97.0,-18
36.5,65.0,18.0,107.0,97.0,-16
36.56,84.0,13.0,112.0,100.0,-44
37.06,86.0,16.0,111.0,98.0,-19
35.2,74.0,12.0,111.0,100.0,-28
36.4,91.0,15.0,131.0,100.0,-43
36.89,98.0,21.0,146.0,90.0,-51
36.89,81.0,16.0,112.0,100.0,92
36.89,75.0,16.0,131.0,97.0,-11
35.25,72.5,10.0,145.5,100.0,-45
35.78,90.0,21.0,150.0,100.0,-17
37.44,125.0,22.0,140.0,98.0,-21
35.7,87.0,12.0,119.0,100.0,-13
37.44,72.0,20.0,139.0,94.0,-49
35.44,49.0,8.0,106.0,100.0,-14
37.22,109.0,30.0,124.0,96.0,-41
37.11,83.0,18.0,138.0,99.0,-16
37.56,93.0,20.0,112.0,96.0,-57
36.9,80.0,16.0,106.0,100.0,-17
36.67,140.0,12.0,123.0,100.0,-35
37.1,71.5,19.0,122.0,100.0,-21
35.61,80.0,20.5,123.0,100.0,-31
36.0,80.0,12.0,135.0,99.5,-38
36.39,52.5,10.5,122.25,100.0,-52
36.67,87.0,19.0,89.0,96.0,-26
36.78,78.0,12.0,111.0,100.0,-22
36.06,84.0,15.0,85.0,96.0,-36
37.39,88.5,12.0,187.5,100.0,-39
36.33,107.0,18.0,162.0,98.0,-11
36.56,101.0,9.0,101.0,91.0,-45
36.67,85.0,34.0,111.0,99.0,8
36.22,83.0,19.0,108.5,100.0,-37
37.11,113.0,11.0,118.0,98.0,-48
37.06,77.0,14.0,127.0,96.0,-38
37.17,68.0,18.0,140.0,98.0,-51
36.67,87.0,15.0,191.0,100.0,-41
36.0,82.0,11.0,120.0,100.0,-24
37.44,85.0,20.0,136.5,95.0,-30
36.06,84.0,17.0,97.0,96.0,-46
37.0,51.0,19.0,91.0,98.0,-31
36.28,80.0,13.5,114.0,98.0,-12
35.67,93.0,16.0,143.0,100.0,-44
36.44,79.0,19.0,135.75,100.0,-47
36.67,95.0,14.0,127.0,100.0,11
36.72,65.0,12.0,119.0,100.0,232
35.7,88.0,14.0,139.0,100.0,-35
37.06,94.0,18.0,121.0,98.0,-30
37.72,79.0,21.0,120.0,100.0,-36
37.83,98.0,20.0,107.5,97.5,-12
36.67,67.0,21.0,114.0,96.0,-31
36.61,79.0,17.0,140.0,98.0,-34
37.39,65.0,16.0,127.0,98.0,-10
36.33,79.0,24.0,126.0,99.0,-34
36.5,62.0,20.0,113.0,100.0,-13
36.11,103.5,8.5,94.5,100.0,-51
37.56,99.0,21.0,104.0,94.0,-34
37.0,65.0,15.0,93.0,97.0,-24
36.89,70.0,23.0,124.5,100.0,-56
36.83,134.0,25.0,124.0,100.0,-45
33.89,94.0,20.5,148.0,100.0,-38
37.28,83.0,24.0,127.0,96.0,-57
36.33,83.0,24.0,129.0,95.0,-45
39.67,126.0,25.5,108.0,99.0,-54
37.5,57.0,18.5,199.0,100.0,-48
38.61,76.0,38.0,113.0,98.0,-50
36.44,88.0,18.0,110.0,94.0,0
36.44,105.0,24.0,102.0,99.0,-48
37.56,75.0,10.0,109.0,100.0,-17
37.94,94.0,19.0,125.0,98.0,-25
36.31,73.0,16.0,161.0,100.0,0
35.11,62.0,16.0,136.0,97.0,-41
36.83,62.0,16.0,153.0,100.0,-32
36.28,62.0,20.0,97.0,97.0,-38
35.3,68.5,17.0,113.0,100.0,-21
36.35,94.0,15.0,112.5,100.0,-34
35.4,77.0,10.0,123.0,100.0,-40
35.0,94.0,29.0,108.0,96.0,-36
36.78,57.0,18.0,124.5,100.0,-51
36.28,54.0,8.0,171.0,100.0,-50
37.1,75.0,16.0,105.0,99.0,-37
36.06,77.0,14.5,124.0,100.0,-19
35.55,83.5,12.0,128.0,100.0,-31
35.89,76.0,17.0,110.0,96.0,-5
35.83,62.0,20.0,132.0,96.5,-44
35.89,113.0,24.0,112.0,100.0,-34
36.61,87.0,20.0,119.0,100.0,-18
37.11,84.0,28.0,116.0,99.0,-19
36.67,84.0,24.0,115.0,97.0,-35
37.22,92.0,13.0,98.0,100.0,-14
36.11,57.0,16.0,141.0,99.0,-37
35.61,80.0,19.0,108.0,100.0,-39
36.25,91.5,8.0,126.0,100.0,-44
36.1,89.0,12.0,112.0,100.0,-24
36.39,60.0,16.0,147.0,100.0,-17
36.61,89.0,13.0,89.0,96.0,-31
35.1,92.0,14.0,117.0,100.0,-50
36.0,77.0,17.0,127.0,100.0,-35
37.72,105.0,16.0,95.0,99.0,78
36.35,104.5,10.0,115.0,100.0,-19
36.67,65.0,22.0,112.0,94.0,-51
37.33,85.0,18.0,98.5,98.0,113
36.44,65.5,18.0,138.0,97.0,-45
36.17,98.0,17.0,126.0,100.0,-20
36.33,94.0,17.0,116.0,100.0,-53
36.61,69.0,17.0,148.0,97.0,-25
36.83,76.5,20.75,129.0,99.0,15
34.4,90.0,10.0,93.0,100.0,-43
37.11,75.0,18.5,119.0,97.0,-48
38.22,95.0,30.0,120.0,95.0,-50
36.78,94.0,12.0,113.0,100.0,-13
37.28,91.0,14.0,130.0,97.0,-12
35.9,85.0,13.5,129.0,100.0,-31
39.0,129.0,45.0,142.0,97.0,-53
38.28,80.0,14.0,106.0,100.0,-39
36.11,94.0,10.0,94.0,96.0,-11
36.67,82.0,22.0,97.0,97.0,-48
35.75,84.0,12.0,99.0,100.0,-19
37.22,85.0,19.0,136.0,95.0,-48
36.42,79.5,20.0,166.5,99.0,-13
37.22,97.0,25.0,124.0,100.0,-33
36.35,80.0,12.0,131.0,100.0,-20
34.25,78.5,12.0,134.5,100.0,-40
36.17,86.0,18.0,123.0,98.0,-45
35.94,78.0,15.0,128.0,99.0,-18
39.28,85.5,19.5,137.5,100.0,-44
37.5,44.0,20.0,141.0,100.0,-32
36.33,64.0,20.0,141.0,100.0,-17
36.5,113.5,18.0,115.5,100.0,-52
36.89,67.0,17.0,100.0,98.0,-53
37.83,120.0,26.0,131.0,99.0,-29
36.44,100.0,26.0,131.0,97.0,-45
36.72,54.0,12.0,174.0,97.0,-36
36.94,73.5,20.5,109.5,100.0,-16
36.89,66.0,14.5,135.0,100.0,-48
35.56,76.0,10.0,141.0,96.0,-13
36.06,75.5,17.5,83.0,95.5,4
36.85,111.5,11.0,109.0,93.0,-17
37.33,86.0,22.0,97.0,93.0,-31
34.83,74.0,16.0,141.0,99.0,-42
35.56,71.0,28.0,109.0,100.0,0
35.56,87.0,26.0,130.0,92.0,-36
36.39,68.0,20.0,109.0,98.0,54
36.39,75.5,16.0,128.0,97.5,-14
35.8,92.0,13.5,119.5,100.0,-38
36.17,57.0,12.0,92.0,100.0,-18
37.44,95.0,20.0,135.0,97.0,-17
37.67,75.0,16.0,138.0,100.0,-44
36.3,93.5,14.0,136.5,100.0,-45
37.0,65.5,18.0,144.0,95.5,-20
36.6,75.0,15.5,111.0,100.0,-17
35.5,80.0,13.5,92.0,100.0,-12
37.33,107.0,15.0,159.0,98.0,-8
36.56,74.0,16.0,117.0,98.0,-46
35.8,94.0,14.0,121.0,52.0,-36
37.17,85.0,11.5,117.0,99.0,-38
36.5,84.5,17.0,101.5,98.0,-39
36.17,88.0,17.0,101.0,100.0,-42
36.0,95.0,15.0,81.0,97.0,-37
37.11,102.0,29.0,110.0,98.0,-44
37.33,79.0,11.0,168.0,100.0,-20
35.5,90.0,12.0,122.5,100.0,-45
36.5,109.0,25.0,116.0,96.0,-21
36.67,84.0,20.0,115.0,100.0,-56
36.33,67.0,16.0,118.0,99.0,-26
37.33,98.0,16.0,123.0,95.0,-39
36.44,87.0,31.0,131.5,91.0,-32
36.56,75.0,15.0,136.75,100.0,-50
37.33,71.0,22.0,121.0,96.0,-35
37.5,110.5,24.5,139.5,92.5,-51
35.89,87.0,16.0,106.0,96.0,-39
36.56,104.0,28.0,121.0,91.0,-43
36.67,71.0,33.0,104.0,94.0,-37
35.78,62.0,16.0,118.0,96.0,-24
38.0,92.0,19.0,112.5,98.0,-18
36.83,90.0,12.5,115.0,97.5,-46
36.0,75.0,13.0,89.0,100.0,-25
36.11,71.0,15.0,117.0,100.0,-40
36.94,91.0,14.0,120.0,100.0,-34
35.83,136.0,28.0,105.0,99.0,-41
37.67,76.0,15.0,119.0,91.0,-33
38.17,71.0,17.5,165.5,99.0,-42
36.39,62.0,22.0,143.0,97.0,-17
36.83,59.0,18.0,93.0,97.0,-44
36.3,81.0,14.0,112.0,100.0,-20
37.45,120.5,19.0,98.5,100.0,-36
34.65,95.0,12.25,114.0,100.0,-15
38.5,117.0,20.0,106.0,93.0,-34
35.0,47.0,10.0,96.0,100.0,-43
35.4,91.0,12.0,97.0,100.0,-47
37.11,87.0,18.0,151.0,96.0,-40
36.11,65.0,18.0,143.0,100.0,-14
37.72,96.0,18.0,107.5,100.0,-15
37.28,75.0,26.0,145.0,95.0,-35
36.5,89.0,17.0,142.0,100.0,-32
35.2,68.0,12.0,108.0,100.0,-47
35.67,64.0,16.0,113.0,99.0,31
35.17,73.0,16.0,121.0,100.0,-20
37.0,58.0,25.5,129.0,95.0,0
36.78,91.0,17.5,117.0,99.0,-48
37.17,59.0,17.0,118.0,97.0,-48
35.7,76.0,12.0,109.5,100.0,-34
36.33,73.0,19.0,103.0,100.0,-14
36.22,74.0,12.0,185.0,100.0,-16
36.78,62.5,14.0,100.5,100.0,-14
37.0,99.0,21.0,139.0,100.0,-5
37.78,107.0,28.0,148.0,90.5,-50
35.8,80.0,12.0,103.0,100.0,-20
36.25,76.5,14.5,101.5,100.0,-23
34.0,60.0,20.0,136.75,95.5,-11
36.67,59.0,20.0,151.0,93.0,-45
35.8,94.0,12.0,115.0,100.0,-36
36.78,83.0,16.0,121.0,99.0,-23
36.83,69.0,16.0,130.0,100.0,48
36.67,96.0,18.5,116.0,100.0,-31
35.89,81.5,21.5,99.5,100.0,-22
37.0,70.0,15.0,129.0,98.0,-25
35.56,89.0,16.0,161.0,100.0,-35
36.56,82.0,16.0,139.0,98.0,-50
37.11,90.0,16.0,107.0,95.0,-34
36.67,78.0,19.0,138.0,95.0,-10
35.61,75.0,16.0,116.5,97.0,-42
35.83,64.0,14.0,127.0,100.0,-26
37.22,109.0,29.0,143.0,100.0,36
36.17,71.0,16.0,119.0,100.0,-23
36.44,69.0,19.0,159.0,99.0,-50
36.28,80.0,13.0,130.0,97.0,-45
36.61,71.0,18.0,135.0,97.0,-13
33.28,64.0,15.0,160.0,100.0,-34
36.5,60.0,21.0,146.0,98.0,-39
38.22,96.0,16.0,131.0,100.0,196
37.0,83.0,19.0,139.0,98.0,-30
36.67,115.0,19.5,137.0,92.0,-47
34.85,67.5,12.0,124.5,100.0,-17
38.33,149.0,21.0,155.0,97.0,-21
36.33,70.0,19.0,144.0,100.0,-50
37.11,91.0,19.0,120.0,94.0,-22
38.11,93.0,6.0,75.0,96.0,-27
35.72,76.0,18.0,101.0,99.0,-35
36.06,70.0,19.0,137.0,100.0,-37
36.78,60.0,15.0,120.0,97.0,-28
36.0,65.5,15.0,91.5,99.5,-25
37.39,77.0,24.0,102.0,87.0,-10
36.83,80.0,21.0,100.0,92.0,-35
36.11,67.0,18.0,131.0,96.0,5
37.06,74.0,16.0,122.0,99.0,-7
36.56,93.0,18.0,118.0,97.0,-48
36.78,73.0,19.0,91.0,99.0,-37
38.17,84.0,17.0,106.0,100.0,-25
36.17,60.0,19.0,124.0,91.0,-12
36.0,55.0,14.0,141.0,100.0,-18
32.85,55.0,14.0,130.0,99.0,-37
37.39,69.0,12.0,120.0,98.0,-56
35.22,58.0,16.0,99.0,98.0,-18
36.0,71.0,26.0,112.0,95.0,-39
36.2,96.0,11.0,122.0,100.0,-34
36.72,73.0,16.0,111.0,100.0,-37
36.56,98.0,28.0,127.0,96.0,-32
37.25,110.0,12.0,123.5,99.5,-54
37.0,70.0,15.0,130.0,100.0,-35
36.11,82.0,14.0,132.0,97.0,-24
36.33,93.0,13.0,95.0,96.0,-13
35.56,72.0,13.0,157.5,100.0,16
36.11,49.0,16.0,96.0,100.0,-19
36.44,71.0,12.0,106.0,100.0,-13
36.39,70.0,22.0,105.0,97.0,-14
35.67,140.0,16.0,124.5,95.0,-42
37.78,86.0,12.0,143.0,99.0,-39
39.25,96.5,20.0,97.5,96.5,-33
36.11,75.0,13.0,145.5,96.5,-21
37.06,78.5,14.5,151.5,97.0,-40
37.06,58.5,14.0,128.0,97.5,-30
35.2,118.0,40.0,92.5,93.0,0
36.28,117.0,27.0,99.0,100.0,-39
36.17,85.0,16.0,147.0,100.0,34
34.72,83.0,14.5,132.0,98.0,-45
35.2,91.0,12.0,90.0,100.0,-54
36.33,108.0,24.0,127.0,100.0,-33
35.0,61.5,21.5,115.5,97.5,92
36.94,68.0,12.0,106.0,100.0,-12
37.06,103.0,16.0,109.0,97.0,-38
37.06,93.0,22.0,113.0,95.0,-40
40.0,84.0,16.0,90.0,99.0,-34
36.11,83.0,20.0,97.0,96.0,-28
37.17,100.0,14.0,105.0,100.0,74
35.56,72.0,16.0,82.0,97.0,-36
36.2,88.0,14.0,114.5,100.0,-43
35.94,103.0,19.0,117.5,100.0,-34
37.06,116.0,26.0,114.0,92.0,0
35.95,83.5,14.5,116.0,99.5,0
37.44,85.0,19.0,130.0,94.0,-23
32.83,84.0,24.75,144.5,100.0,50
35.35,71.0,14.0,118.5,100.0,-12
36.72,71.0,17.0,125.0,98.0,-56
36.85,80.0,11.0,134.0,100.0,-50
38.33,116.0,22.0,131.0,97.0,-17
36.39,74.0,14.0,120.0,98.0,-12
36.83,88.0,15.0,104.0,95.0,-12
36.61,76.0,13.0,89.0,93.0,-21
35.06,64.0,15.0,130.0,100.0,-32
36.11,110.0,32.0,108.0,94.0,-50
36.78,102.0,20.0,127.0,96.0,-38
37.3,79.0,14.0,104.0,93.0,-19
37.17,102.0,27.0,100.0,96.0,-48
36.11,71.0,16.0,131.0,97.0,-6
36.28,67.0,15.0,115.0,96.0,-56
37.17,64.0,20.0,123.0,98.0,-28
36.22,91.0,22.0,119.0,91.0,0
35.6,83.5,10.0,134.0,100.0,-19
36.0,78.0,12.25,90.0,99.0,-51
37.17,121.0,29.0,104.0,95.0,-43
35.9,81.0,12.0,94.5,94.5,-35
35.0,76.0,14.0,109.0,100.0,-39
36.56,98.0,14.0,154.0,96.0,-16
37.39,65.5,20.5,76.75,97.0,-52
36.22,91.0,15.0,114.5,99.0,-41
36.0,81.0,17.0,125.0,100.0,-14
36.67,64.0,16.0,100.0,98.0,-40
36.6,79.0,14.0,98.0,100.0,-54
37.33,107.0,11.0,99.0,99.0,-12
37.1,73.0,23.5,126.0,100.0,-41
35.89,85.0,21.5,140.0,98.0,-51
35.4,84.0,10.0,112.0,100.0,-15
37.0,82.0,17.0,115.5,98.5,-26
37.17,93.0,20.0,106.0,99.0,-12
36.2,64.0,11.0,109.0,99.0,-42
36.5,64.5,16.0,92.0,100.0,-16
35.94,86.0,10.5,114.0,97.5,-36
36.7,81.0,14.0,105.0,100.0,-46
37.5,90.0,14.0,174.0,100.0,-32
36.56,75.5,27.0,113.0,98.5,-11
37.17,72.0,20.0,108.0,99.0,-38
36.72,73.0,11.0,122.0,98.0,-31
35.94,76.0,19.0,145.0,95.0,-29
36.67,55.0,18.0,135.0,98.0,-20
36.5,79.5,12.5,91.0,100.0,-20
37.67,88.0,23.0,105.0,90.0,-20
36.83,114.0,19.0,74.0,99.0,-18
37.17,68.0,15.0,126.0,99.0,-32
37.89,74.0,17.0,97.0,99.0,-42
36.5,91.0,10.75,135.5,100.0,-29
36.75,77.0,13.0,123.5,99.0,1
35.44,67.0,13.0,105.0,100.0,-24
36.78,90.0,19.0,135.0,96.0,-35
33.83,84.5,19.5,119.0,100.0,0
35.83,75.0,19.0,135.0,97.0,14
36.5,53.0,12.0,108.0,94.0,-11
37.3,83.0,16.5,101.0,99.0,-16
36.28,44.5,14.0,103.5,99.0,-19
37.5,95.0,29.0,133.0,96.0,-33
37.06,60.0,18.0,118.0,98.0,-27
36.56,80.0,30.0,104.0,100.0,-15
36.89,66.0,15.0,112.0,95.0,-48
35.28,78.0,20.0,96.0,100.0,96
37.33,56.0,11.5,206.0,100.0,-45
35.89,83.0,16.0,110.0,100.0,-24
36.94,99.0,25.0,88.0,100.0,-23
36.2,95.5,11.0,143.0,100.0,-34
38.0,99.0,23.0,92.5,100.0,21
36.8,91.0,12.0,129.0,98.0,-20
38.22,102.0,19.0,127.0,99.0,-15
36.83,76.0,18.5,121.5,93.0,-37
37.65,80.0,14.0,93.5,98.0,-15
37.39,94.0,17.5,127.0,100.0,-24
36.72,94.0,17.0,122.0,97.0,-14
36.67,81.0,18.0,126.0,98.0,-34
36.1,84.0,13.5,108.0,99.0,-43
36.25,81.0,20.0,109.0,98.0,1
37.11,82.0,12.0,126.0,98.0,-33
37.5,107.0,22.5,83.0,100.0,-49
35.0,125.0,32.0,136.0,98.0,-40
37.3,69.0,13.0,100.0,94.0,-27
36.17,71.0,23.0,123.0,92.0,-37
37.67,65.0,18.0,102.0,100.0,-37
36.56,88.0,12.0,106.0,100.0,-48
36.28,118.0,26.0,76.0,96.0,-39
35.19,75.0,25.0,167.0,99.0,-52
37.61,83.0,16.0,130.0,96.0,-48
36.72,77.0,15.0,102.0,100.0,78
36.44,64.0,16.0,110.0,98.0,-46
37.67,71.0,18.0,127.0,96.0,-36
37.33,71.0,20.0,187.0,97.0,-9
36.22,84.0,12.0,121.0,100.0,-17
36.58,67.0,15.0,107.0,94.0,-1
37.78,87.0,24.0,117.0,100.0,-36
36.28,79.5,19.0,95.0,97.5,-42
36.78,102.0,16.0,124.0,99.5,-39
36.11,78.0,19.5,89.5,95.0,-34
37.3,110.0,18.0,194.0,100.0,-49
37.0,76.0,17.0,105.0,100.0,-53
35.61,102.0,14.0,120.0,98.0,-48
36.22,55.0,15.0,115.0,97.0,-39
37.44,92.0,17.0,125.0,100.0,-17
36.28,95.0,12.0,128.0,99.0,-14
36.78,68.0,16.0,124.0,96.0,-39
35.89,82.5,22.0,118.5,95.0,12
36.94,104.0,24.0,119.0,94.0,-11
37.0,80.0,12.0,118.0,99.0,-30
36.89,85.0,22.0,101.0,100.0,-41
36.83,70.0,13.25,114.0,98.5,-32
36.56,66.0,16.0,146.0,100.0,16
36.28,62.5,21.0,129.0,98.0,-41
36.78,68.0,8.0,143.0,100.0,-33
36.56,85.0,26.0,94.0,99.0,-42
35.2,82.0,10.0,140.5,100.0,-25
37.17,60.0,22.0,110.0,96.0,-12
36.17,92.5,20.0,159.5,95.5,116
36.11,50.5,9.5,119.5,96.0,-43
36.3,84.0,11.5,127.0,100.0,-35
37.0,76.0,17.0,109.0,99.0,-47
35.72,82.0,21.0,102.0,99.0,-16
38.11,104.0,27.0,118.0,95.0,-38
37.78,124.0,14.0,151.0,95.0,-31
37.11,62.0,25.0,94.0,97.0,-21
36.44,105.0,14.0,93.0,99.0,-32
36.83,106.0,14.0,109.0,100.0,-48
35.42,72.0,21.0,119.0,100.0,-55
36.17,104.0,36.0,127.0,96.0,-41
37.22,62.0,19.0,132.0,100.0,-52
36.3,82.0,14.0,107.5,99.5,-21
37.11,101.0,33.0,133.0,93.0,-4
35.3,71.5,12.0,114.5,100.0,-16
35.83,94.0,23.0,116.0,96.0,-18
36.06,74.0,17.5,172.75,98.0,-39
37.06,90.0,17.0,113.0,94.0,-39
36.0,76.0,12.0,133.0,100.0,-15
36.67,88.0,9.75,121.5,99.5,-27
37.39,119.0,24.0,125.0,94.0,-9
35.9,77.0,20.0,160.0,99.0,-11
36.9,71.0,14.0,94.0,100.0,-23
36.56,70.0,16.0,95.0,99.0,-40
36.0,48.5,17.0,227.0,100.0,-6
36.89,78.0,18.0,129.0,99.0,-21
36.89,55.0,19.0,118.0,96.0,-12
37.3,69.0,17.0,134.0,100.0,-36
35.25,81.0,17.0,149.0,100.0,-34
37.61,96.0,17.5,91.0,98.0,130
37.67,93.5,21.5,106.0,97.0,-55
35.89,101.0,19.0,150.0,100.0,-32
36.6,80.0,12.0,111.0,100.0,-14
37.5,93.0,19.0,152.0,99.0,-46
36.56,61.0,14.0,130.0,99.0,-15
38.11,107.0,23.0,116.5,100.0,-39
37.22,98.0,21.5,114.0,100.0,-15
36.94,93.5,18.0,93.5,100.0,-46
36.67,72.0,18.0,118.0,98.0,-51
37.83,77.0,19.0,167.0,93.0,-17
39.0,122.0,28.0,146.0,98.0,-10
37.67,69.0,16.0,131.0,96.0,-44
36.33,80.0,16.0,125.0,95.0,-15
36.56,63.0,23.0,132.0,99.0,-23
37.22,80.0,12.5,124.0,100.0,-47
36.44,74.0,14.0,107.0,100.0,-50
35.44,76.0,16.0,139.0,100.0,-9
38.33,78.0,18.0,115.0,100.0,-42
36.78,100.0,14.0,99.0,100.0,-42
35.0,91.0,14.0,131.0,99.0,89
37.06,64.0,20.0,146.0,100.0,-23
36.28,56.0,16.5,84.25,99.5,-11
36.72,106.0,16.0,177.0,95.0,-19
37.5,99.0,13.5,159.0,100.0,-45
37.06,91.0,22.0,111.0,96.0,-28
36.5,59.0,22.5,118.0,99.5,-21
36.72,96.0,24.0,123.0,97.0,-52
35.8,80.0,14.0,96.0,99.0,-23
36.8,74.5,16.5,103.5,97.5,-16
37.33,57.0,12.0,132.0,97.0,-24
36.89,69.0,12.0,143.0,100.0,-56
37.06,96.0,17.0,119.0,97.0,0
36.89,108.0,24.0,167.0,97.0,-46
37.56,67.0,29.5,108.0,95.5,-55
36.56,73.0,21.0,156.0,97.0,-16
37.17,90.5,19.0,97.5,92.0,-21
35.83,60.0,14.0,128.0,94.0,-34
36.11,87.0,15.0,107.0,100.0,-45
37.0,76.0,20.0,136.0,95.0,-12
37.83,116.0,18.0,120.0,100.0,16
36.39,99.0,18.0,169.0,100.0,13
36.0,65.0,13.0,131.0,100.0,-45
37.67,108.0,22.0,112.0,92.0,-30
37.28,78.0,14.5,146.0,100.0,-45
36.11,100.0,16.0,134.0,100.0,-46
38.56,95.0,20.0,118.0,100.0,-115
36.25,95.0,10.0,123.0,100.0,-52
36.5,75.0,13.0,143.0,96.0,-38
35.8,85.0,10.0,101.0,92.0,-53
37.06,76.0,28.0,131.0,87.0,-6
35.56,93.0,12.0,112.0,94.0,-42
38.56,65.0,18.0,105.0,100.0,167
34.0,92.5,16.0,103.5,100.0,-16
36.89,64.0,20.0,123.0,99.0,-7
36.8,101.0,14.5,119.5,98.5,-19
36.39,88.0,11.0,131.0,98.0,-23
35.7,88.0,15.5,121.5,99.5,-15
37.4,111.0,25.0,122.0,93.0,-43
37.22,93.5,15.0,99.0,100.0,-46
36.67,74.0,16.0,127.0,96.0,8
35.33,70.0,25.0,141.0,82.0,-35
35.97,111.0,23.0,86.0,100.0,-24
36.61,116.0,12.0,99.0,99.0,-31
36.22,79.0,15.0,94.0,96.0,-7
36.28,63.0,16.0,91.0,96.0,-26
36.5,88.0,11.0,135.0,100.0,-13
36.0,90.0,16.0,97.0,100.0,-23
39.17,69.0,30.0,82.0,98.0,-32
36.78,98.0,12.0,114.0,100.0,-23
36.78,58.0,20.0,105.0,95.0,-40
36.22,79.0,17.0,91.0,96.0,-57
36.39,112.5,20.0,105.0,99.5,-15
36.78,102.0,17.0,115.0,99.0,-35
36.44,80.0,14.0,106.0,97.0,-41
36.0,55.0,11.0,100.0,100.0,-51
36.78,64.0,18.0,152.0,94.0,-20
37.06,65.0,21.0,93.0,100.0,-17
38.0,88.0,25.0,149.0,97.0,-50
36.1,65.0,18.0,99.0,100.0,-42
36.05,68.0,15.5,99.25,100.0,-25
36.83,108.0,29.0,134.0,96.0,-39
34.6,70.0,10.0,114.0,100.0,-19
36.22,66.0,14.0,97.0,94.0,-42
35.67,123.0,19.0,119.0,100.0,-18
36.06,94.0,17.0,167.0,99.0,25
